script_name,old_location,archive_location,archive_category,reason_archived,notes
adjudicate_annotations.py,D:\ocn\scripts\adjudicate_annotations.py,D:\ocn\_ARCHIVE_NON_MAINLINE\scripts_old_release_annotation\adjudicate_annotations.py,scripts_old_release_annotation,"Old release/annotation/audit script, not referenced by V3.7 mainline",
analyze_score_distribution.py,D:\ocn\scripts\analyze_score_distribution.py,D:\ocn\_ARCHIVE_NON_MAINLINE\scripts_old_release_annotation\analyze_score_distribution.py,scripts_old_release_annotation,"Old release/annotation/audit script, not referenced by V3.7 mainline",
audit_ai_label_quality.py,D:\ocn\scripts\audit_ai_label_quality.py,D:\ocn\_ARCHIVE_NON_MAINLINE\scripts_old_release_annotation\audit_ai_label_quality.py,scripts_old_release_annotation,"Old release/annotation/audit script, not referenced by V3.7 mainline",
audit_annotation_independence.py,D:\ocn\scripts\audit_annotation_independence.py,D:\ocn\_ARCHIVE_NON_MAINLINE\scripts_old_release_annotation\audit_annotation_independence.py,scripts_old_release_annotation,"Old release/annotation/audit script, not referenced by V3.7 mainline",
audit_baseline_dominance.py,D:\ocn\scripts\audit_baseline_dominance.py,D:\ocn\_ARCHIVE_NON_MAINLINE\scripts_old_release_annotation\audit_baseline_dominance.py,scripts_old_release_annotation,"Old release/annotation/audit script, not referenced by V3.7 mainline",
audit_baseline_feature_leakage.py,D:\ocn\scripts\audit_baseline_feature_leakage.py,D:\ocn\_ARCHIVE_NON_MAINLINE\scripts_old_release_annotation\audit_baseline_feature_leakage.py,scripts_old_release_annotation,"Old release/annotation/audit script, not referenced by V3.7 mainline",
audit_contradiction_quality.py,D:\ocn\scripts\audit_contradiction_quality.py,D:\ocn\_ARCHIVE_NON_MAINLINE\scripts_old_release_annotation\audit_contradiction_quality.py,scripts_old_release_annotation,"Old release/annotation/audit script, not referenced by V3.7 mainline",
audit_dataset.py,D:\ocn\scripts\audit_dataset.py,D:\ocn\_ARCHIVE_NON_MAINLINE\scripts_old_release_annotation\audit_dataset.py,scripts_old_release_annotation,"Old release/annotation/audit script, not referenced by V3.7 mainline",
audit_dataset_quality.py,D:\ocn\scripts\audit_dataset_quality.py,D:\ocn\_ARCHIVE_NON_MAINLINE\scripts_old_release_annotation\audit_dataset_quality.py,scripts_old_release_annotation,"Old release/annotation/audit script, not referenced by V3.7 mainline",
audit_html_to_csv.py,D:\ocn\scripts\audit_html_to_csv.py,D:\ocn\_ARCHIVE_NON_MAINLINE\scripts_old_release_annotation\audit_html_to_csv.py,scripts_old_release_annotation,"Old release/annotation/audit script, not referenced by V3.7 mainline",
audit_label_derivation.py,D:\ocn\scripts\audit_label_derivation.py,D:\ocn\_ARCHIVE_NON_MAINLINE\scripts_old_release_annotation\audit_label_derivation.py,scripts_old_release_annotation,"Old release/annotation/audit script, not referenced by V3.7 mainline",
audit_metric_consistency.py,D:\ocn\scripts\audit_metric_consistency.py,D:\ocn\_ARCHIVE_NON_MAINLINE\scripts_old_release_annotation\audit_metric_consistency.py,scripts_old_release_annotation,"Old release/annotation/audit script, not referenced by V3.7 mainline",
audit_template_leakage.py,D:\ocn\scripts\audit_template_leakage.py,D:\ocn\_ARCHIVE_NON_MAINLINE\scripts_old_release_annotation\audit_template_leakage.py,scripts_old_release_annotation,"Old release/annotation/audit script, not referenced by V3.7 mainline",
audit_tfidf_leakage.py,D:\ocn\scripts\audit_tfidf_leakage.py,D:\ocn\_ARCHIVE_NON_MAINLINE\scripts_old_release_annotation\audit_tfidf_leakage.py,scripts_old_release_annotation,"Old release/annotation/audit script, not referenced by V3.7 mainline",
bootstrap_metrics.py,D:\ocn\scripts\bootstrap_metrics.py,D:\ocn\_ARCHIVE_NON_MAINLINE\scripts_old_release_annotation\bootstrap_metrics.py,scripts_old_release_annotation,"Old release/annotation/audit script, not referenced by V3.7 mainline",
build_adversarial_splits.py,D:\ocn\scripts\build_adversarial_splits.py,D:\ocn\_ARCHIVE_NON_MAINLINE\scripts_old_data_pipeline\build_adversarial_splits.py,scripts_old_data_pipeline,"Old data pipeline script, not referenced by V3.7 mainline",
build_cese_ocn_v2_docx.py,D:\ocn\scripts\build_cese_ocn_v2_docx.py,D:\ocn\_ARCHIVE_NON_MAINLINE\scripts_old_release_annotation\build_cese_ocn_v2_docx.py,scripts_old_release_annotation,"Old release/annotation/audit script, not referenced by V3.7 mainline",
build_clean_weak_training.py,D:\ocn\scripts\build_clean_weak_training.py,D:\ocn\_ARCHIVE_NON_MAINLINE\scripts_old_data_pipeline\build_clean_weak_training.py,scripts_old_data_pipeline,"Old data pipeline script, not referenced by V3.7 mainline",
build_delexicalized_eval.py,D:\ocn\scripts\build_delexicalized_eval.py,D:\ocn\_ARCHIVE_NON_MAINLINE\scripts_old_data_pipeline\build_delexicalized_eval.py,scripts_old_data_pipeline,"Old data pipeline script, not referenced by V3.7 mainline",
build_escalation_focused_pilot_v1.py,D:\ocn\scripts\build_escalation_focused_pilot_v1.py,D:\ocn\_ARCHIVE_NON_MAINLINE\scripts_old_experiments\build_escalation_focused_pilot_v1.py,scripts_old_experiments,"Old experiment script, not referenced by V3.7 mainline",
build_evidence_modes.py,D:\ocn\scripts\build_evidence_modes.py,D:\ocn\_ARCHIVE_NON_MAINLINE\scripts_old_data_pipeline\build_evidence_modes.py,scripts_old_data_pipeline,"Old data pipeline script, not referenced by V3.7 mainline",
build_hard_diagnostic_dataset.py,D:\ocn\scripts\build_hard_diagnostic_dataset.py,D:\ocn\_ARCHIVE_NON_MAINLINE\scripts_old_data_pipeline\build_hard_diagnostic_dataset.py,scripts_old_data_pipeline,"Old data pipeline script, not referenced by V3.7 mainline",
build_hard_diagnostic_tables.py,D:\ocn\scripts\build_hard_diagnostic_tables.py,D:\ocn\_ARCHIVE_NON_MAINLINE\scripts_old_data_pipeline\build_hard_diagnostic_tables.py,scripts_old_data_pipeline,"Old data pipeline script, not referenced by V3.7 mainline",
build_lexical_adversarial_pairs.py,D:\ocn\scripts\build_lexical_adversarial_pairs.py,D:\ocn\_ARCHIVE_NON_MAINLINE\scripts_old_data_pipeline\build_lexical_adversarial_pairs.py,scripts_old_data_pipeline,"Old data pipeline script, not referenced by V3.7 mainline",
build_lexical_control_splits.py,D:\ocn\scripts\build_lexical_control_splits.py,D:\ocn\_ARCHIVE_NON_MAINLINE\scripts_old_data_pipeline\build_lexical_control_splits.py,scripts_old_data_pipeline,"Old data pipeline script, not referenced by V3.7 mainline",
build_oracle_extracted_pairs.py,D:\ocn\scripts\build_oracle_extracted_pairs.py,D:\ocn\_ARCHIVE_NON_MAINLINE\scripts_old_data_pipeline\build_oracle_extracted_pairs.py,scripts_old_data_pipeline,"Old data pipeline script, not referenced by V3.7 mainline",
build_paper_closeout_input.py,D:\ocn\scripts\build_paper_closeout_input.py,D:\ocn\_ARCHIVE_NON_MAINLINE\scripts_old_release_annotation\build_paper_closeout_input.py,scripts_old_release_annotation,"Old release/annotation/audit script, not referenced by V3.7 mainline",
build_paper_draft_materials_v1.py,D:\ocn\scripts\build_paper_draft_materials_v1.py,D:\ocn\_ARCHIVE_NON_MAINLINE\scripts_old_release_annotation\build_paper_draft_materials_v1.py,scripts_old_release_annotation,"Old release/annotation/audit script, not referenced by V3.7 mainline",
build_paper_full_admission_gate.py,D:\ocn\scripts\build_paper_full_admission_gate.py,D:\ocn\_ARCHIVE_NON_MAINLINE\scripts_old_release_annotation\build_paper_full_admission_gate.py,scripts_old_release_annotation,"Old release/annotation/audit script, not referenced by V3.7 mainline",
build_paper_full_group_selection_v1.py,D:\ocn\scripts\build_paper_full_group_selection_v1.py,D:\ocn\_ARCHIVE_NON_MAINLINE\scripts_old_release_annotation\build_paper_full_group_selection_v1.py,scripts_old_release_annotation,"Old release/annotation/audit script, not referenced by V3.7 mainline",
build_paper_full_selection_v1.py,D:\ocn\scripts\build_paper_full_selection_v1.py,D:\ocn\_ARCHIVE_NON_MAINLINE\scripts_old_release_annotation\build_paper_full_selection_v1.py,scripts_old_release_annotation,"Old release/annotation/audit script, not referenced by V3.7 mainline",
build_paper_package.py,D:\ocn\scripts\build_paper_package.py,D:\ocn\_ARCHIVE_NON_MAINLINE\scripts_old_release_annotation\build_paper_package.py,scripts_old_release_annotation,"Old release/annotation/audit script, not referenced by V3.7 mainline",
build_paper_readiness_v2.py,D:\ocn\scripts\build_paper_readiness_v2.py,D:\ocn\_ARCHIVE_NON_MAINLINE\scripts_old_release_annotation\build_paper_readiness_v2.py,scripts_old_release_annotation,"Old release/annotation/audit script, not referenced by V3.7 mainline",
build_paper_splits.py,D:\ocn\scripts\build_paper_splits.py,D:\ocn\_ARCHIVE_NON_MAINLINE\scripts_old_data_pipeline\build_paper_splits.py,scripts_old_data_pipeline,"Old data pipeline script, not referenced by V3.7 mainline",
build_paper_table_status.py,D:\ocn\scripts\build_paper_table_status.py,D:\ocn\_ARCHIVE_NON_MAINLINE\scripts_old_release_annotation\build_paper_table_status.py,scripts_old_release_annotation,"Old release/annotation/audit script, not referenced by V3.7 mainline",
build_release_bundle.py,D:\ocn\scripts\build_release_bundle.py,D:\ocn\_ARCHIVE_NON_MAINLINE\scripts_old_release_annotation\build_release_bundle.py,scripts_old_release_annotation,"Old release/annotation/audit script, not referenced by V3.7 mainline",
build_release_zip.py,D:\ocn\scripts\build_release_zip.py,D:\ocn\_ARCHIVE_NON_MAINLINE\scripts_old_release_annotation\build_release_zip.py,scripts_old_release_annotation,"Old release/annotation/audit script, not referenced by V3.7 mainline",
build_round2_batch01_annotation_ready_v1.py,D:\ocn\scripts\build_round2_batch01_annotation_ready_v1.py,D:\ocn\_ARCHIVE_NON_MAINLINE\scripts_old_data_pipeline\build_round2_batch01_annotation_ready_v1.py,scripts_old_data_pipeline,"Old data pipeline script, not referenced by V3.7 mainline",
build_round2_batch01_candidates.py,D:\ocn\scripts\build_round2_batch01_candidates.py,D:\ocn\_ARCHIVE_NON_MAINLINE\scripts_old_data_pipeline\build_round2_batch01_candidates.py,scripts_old_data_pipeline,"Old data pipeline script, not referenced by V3.7 mainline",
build_round2_batch01_recut.py,D:\ocn\scripts\build_round2_batch01_recut.py,D:\ocn\_ARCHIVE_NON_MAINLINE\scripts_old_data_pipeline\build_round2_batch01_recut.py,scripts_old_data_pipeline,"Old data pipeline script, not referenced by V3.7 mainline",
build_round2_batch01_repair.py,D:\ocn\scripts\build_round2_batch01_repair.py,D:\ocn\_ARCHIVE_NON_MAINLINE\scripts_old_data_pipeline\build_round2_batch01_repair.py,scripts_old_data_pipeline,"Old data pipeline script, not referenced by V3.7 mainline",
build_rq_experiment_mapping.py,D:\ocn\scripts\build_rq_experiment_mapping.py,D:\ocn\_ARCHIVE_NON_MAINLINE\scripts_old_release_annotation\build_rq_experiment_mapping.py,scripts_old_release_annotation,"Old release/annotation/audit script, not referenced by V3.7 mainline",
build_source_bank_v2.py,D:\ocn\scripts\build_source_bank_v2.py,D:\ocn\_ARCHIVE_NON_MAINLINE\scripts_old_data_pipeline\build_source_bank_v2.py,scripts_old_data_pipeline,"Old data pipeline script, not referenced by V3.7 mainline",
build_source_triples.py,D:\ocn\scripts\build_source_triples.py,D:\ocn\_ARCHIVE_NON_MAINLINE\scripts_old_data_pipeline\build_source_triples.py,scripts_old_data_pipeline,"Old data pipeline script, not referenced by V3.7 mainline",
build_strict_silver_max_v1.py,D:\ocn\scripts\build_strict_silver_max_v1.py,D:\ocn\_ARCHIVE_NON_MAINLINE\scripts_old_data_pipeline\build_strict_silver_max_v1.py,scripts_old_data_pipeline,"Old data pipeline script, not referenced by V3.7 mainline",
check_graph_claims.py,D:\ocn\scripts\check_graph_claims.py,D:\ocn\_ARCHIVE_NON_MAINLINE\scripts_old_release_annotation\check_graph_claims.py,scripts_old_release_annotation,"Old release/annotation/audit script, not referenced by V3.7 mainline",
check_paper_code_alignment.py,D:\ocn\scripts\check_paper_code_alignment.py,D:\ocn\_ARCHIVE_NON_MAINLINE\scripts_old_release_annotation\check_paper_code_alignment.py,scripts_old_release_annotation,"Old release/annotation/audit script, not referenced by V3.7 mainline",
check_paper_readiness.py,D:\ocn\scripts\check_paper_readiness.py,D:\ocn\_ARCHIVE_NON_MAINLINE\scripts_old_release_annotation\check_paper_readiness.py,scripts_old_release_annotation,"Old release/annotation/audit script, not referenced by V3.7 mainline",
check_pilot_balance.py,D:\ocn\scripts\check_pilot_balance.py,D:\ocn\_ARCHIVE_NON_MAINLINE\scripts_old_data_pipeline\check_pilot_balance.py,scripts_old_data_pipeline,"Old data pipeline script, not referenced by V3.7 mainline",
check_release_hygiene.py,D:\ocn\scripts\check_release_hygiene.py,D:\ocn\_ARCHIVE_NON_MAINLINE\scripts_old_release_annotation\check_release_hygiene.py,scripts_old_release_annotation,"Old release/annotation/audit script, not referenced by V3.7 mainline",
check_threshold_provenance.py,D:\ocn\scripts\check_threshold_provenance.py,D:\ocn\_ARCHIVE_NON_MAINLINE\scripts_old_release_annotation\check_threshold_provenance.py,scripts_old_release_annotation,"Old release/annotation/audit script, not referenced by V3.7 mainline",
clean_artifacts.py,D:\ocn\scripts\clean_artifacts.py,D:\ocn\_ARCHIVE_NON_MAINLINE\scripts_old_release_annotation\clean_artifacts.py,scripts_old_release_annotation,"Old release/annotation/audit script, not referenced by V3.7 mainline",
compute_annotation_agreement.py,D:\ocn\scripts\compute_annotation_agreement.py,D:\ocn\_ARCHIVE_NON_MAINLINE\scripts_old_release_annotation\compute_annotation_agreement.py,scripts_old_release_annotation,"Old release/annotation/audit script, not referenced by V3.7 mainline",
compute_bootstrap_ci_for_paper.py,D:\ocn\scripts\compute_bootstrap_ci_for_paper.py,D:\ocn\_ARCHIVE_NON_MAINLINE\scripts_old_release_annotation\compute_bootstrap_ci_for_paper.py,scripts_old_release_annotation,"Old release/annotation/audit script, not referenced by V3.7 mainline",
data_report.py,D:\ocn\scripts\data_report.py,D:\ocn\_ARCHIVE_NON_MAINLINE\scripts_old_release_annotation\data_report.py,scripts_old_release_annotation,"Old release/annotation/audit script, not referenced by V3.7 mainline",
error_analysis.py,D:\ocn\scripts\error_analysis.py,D:\ocn\_ARCHIVE_NON_MAINLINE\scripts_old_experiments\error_analysis.py,scripts_old_experiments,"Old experiment script, not referenced by V3.7 mainline",
evaluate_model.py,D:\ocn\scripts\evaluate_model.py,D:\ocn\_ARCHIVE_NON_MAINLINE\scripts_old_experiments\evaluate_model.py,scripts_old_experiments,"Old experiment script, not referenced by V3.7 mainline",
export_paper_assets.py,D:\ocn\scripts\export_paper_assets.py,D:\ocn\_ARCHIVE_NON_MAINLINE\scripts_old_release_annotation\export_paper_assets.py,scripts_old_release_annotation,"Old release/annotation/audit script, not referenced by V3.7 mainline",
export_paper_tables.py,D:\ocn\scripts\export_paper_tables.py,D:\ocn\_ARCHIVE_NON_MAINLINE\scripts_old_release_annotation\export_paper_tables.py,scripts_old_release_annotation,"Old release/annotation/audit script, not referenced by V3.7 mainline",
extract_round1_examples.py,D:\ocn\scripts\extract_round1_examples.py,D:\ocn\_ARCHIVE_NON_MAINLINE\scripts_old_data_pipeline\extract_round1_examples.py,scripts_old_data_pipeline,"Old data pipeline script, not referenced by V3.7 mainline",
fill_escalation_labels.py,D:\ocn\scripts\fill_escalation_labels.py,D:\ocn\_ARCHIVE_NON_MAINLINE\scripts_old_experiments\fill_escalation_labels.py,scripts_old_experiments,"Old experiment script, not referenced by V3.7 mainline",
fit_operating_threshold.py,D:\ocn\scripts\fit_operating_threshold.py,D:\ocn\_ARCHIVE_NON_MAINLINE\scripts_old_data_pipeline\fit_operating_threshold.py,scripts_old_data_pipeline,"Old data pipeline script, not referenced by V3.7 mainline",
fit_thresholds.py,D:\ocn\scripts\fit_thresholds.py,D:\ocn\_ARCHIVE_NON_MAINLINE\scripts_old_data_pipeline\fit_thresholds.py,scripts_old_data_pipeline,"Old data pipeline script, not referenced by V3.7 mainline",
generate_clean_reports.py,D:\ocn\scripts\generate_clean_reports.py,D:\ocn\_ARCHIVE_NON_MAINLINE\scripts_old_release_annotation\generate_clean_reports.py,scripts_old_release_annotation,"Old release/annotation/audit script, not referenced by V3.7 mainline",
generate_manuscript_result_notes.py,D:\ocn\scripts\generate_manuscript_result_notes.py,D:\ocn\_ARCHIVE_NON_MAINLINE\scripts_old_release_annotation\generate_manuscript_result_notes.py,scripts_old_release_annotation,"Old release/annotation/audit script, not referenced by V3.7 mainline",
generate_round1_coverage_gap_report.py,D:\ocn\scripts\generate_round1_coverage_gap_report.py,D:\ocn\_ARCHIVE_NON_MAINLINE\scripts_old_data_pipeline\generate_round1_coverage_gap_report.py,scripts_old_data_pipeline,"Old data pipeline script, not referenced by V3.7 mainline",
generate_round1_seed_manifest.py,D:\ocn\scripts\generate_round1_seed_manifest.py,D:\ocn\_ARCHIVE_NON_MAINLINE\scripts_old_data_pipeline\generate_round1_seed_manifest.py,scripts_old_data_pipeline,"Old data pipeline script, not referenced by V3.7 mainline",
generate_round1_seed_processed.py,D:\ocn\scripts\generate_round1_seed_processed.py,D:\ocn\_ARCHIVE_NON_MAINLINE\scripts_old_data_pipeline\generate_round1_seed_processed.py,scripts_old_data_pipeline,"Old data pipeline script, not referenced by V3.7 mainline",
generate_round2_candidate_plan.py,D:\ocn\scripts\generate_round2_candidate_plan.py,D:\ocn\_ARCHIVE_NON_MAINLINE\scripts_old_data_pipeline\generate_round2_candidate_plan.py,scripts_old_data_pipeline,"Old data pipeline script, not referenced by V3.7 mainline",
generate_tables.py,D:\ocn\scripts\generate_tables.py,D:\ocn\_ARCHIVE_NON_MAINLINE\scripts_old_release_annotation\generate_tables.py,scripts_old_release_annotation,"Old release/annotation/audit script, not referenced by V3.7 mainline",
import_annotations.py,D:\ocn\scripts\import_annotations.py,D:\ocn\_ARCHIVE_NON_MAINLINE\scripts_old_release_annotation\import_annotations.py,scripts_old_release_annotation,"Old release/annotation/audit script, not referenced by V3.7 mainline",
integrate_closeout_output.py,D:\ocn\scripts\integrate_closeout_output.py,D:\ocn\_ARCHIVE_NON_MAINLINE\scripts_old_release_annotation\integrate_closeout_output.py,scripts_old_release_annotation,"Old release/annotation/audit script, not referenced by V3.7 mainline",
lexical_template_audit.py,D:\ocn\scripts\lexical_template_audit.py,D:\ocn\_ARCHIVE_NON_MAINLINE\scripts_old_release_annotation\lexical_template_audit.py,scripts_old_release_annotation,"Old release/annotation/audit script, not referenced by V3.7 mainline",
make_toy_data.py,D:\ocn\scripts\make_toy_data.py,D:\ocn\_ARCHIVE_NON_MAINLINE\scripts_old_data_pipeline\make_toy_data.py,scripts_old_data_pipeline,"Old data pipeline script, not referenced by V3.7 mainline",
merge_all92_candidate_pool.py,D:\ocn\scripts\merge_all92_candidate_pool.py,D:\ocn\_ARCHIVE_NON_MAINLINE\scripts_old_data_pipeline\merge_all92_candidate_pool.py,scripts_old_data_pipeline,"Old data pipeline script, not referenced by V3.7 mainline",
package_project_for_share.py,D:\ocn\scripts\package_project_for_share.py,D:\ocn\_ARCHIVE_NON_MAINLINE\scripts_old_release_annotation\package_project_for_share.py,scripts_old_release_annotation,"Old release/annotation/audit script, not referenced by V3.7 mainline",
package_release.py,D:\ocn\scripts\package_release.py,D:\ocn\_ARCHIVE_NON_MAINLINE\scripts_old_release_annotation\package_release.py,scripts_old_release_annotation,"Old release/annotation/audit script, not referenced by V3.7 mainline",
paired_significance_tests.py,D:\ocn\scripts\paired_significance_tests.py,D:\ocn\_ARCHIVE_NON_MAINLINE\scripts_old_release_annotation\paired_significance_tests.py,scripts_old_release_annotation,"Old release/annotation/audit script, not referenced by V3.7 mainline",
prepare_audit_worksheet.py,D:\ocn\scripts\prepare_audit_worksheet.py,D:\ocn\_ARCHIVE_NON_MAINLINE\scripts_old_release_annotation\prepare_audit_worksheet.py,scripts_old_release_annotation,"Old release/annotation/audit script, not referenced by V3.7 mainline",
probe_evidence_aware_baseline_env.py,D:\ocn\scripts\probe_evidence_aware_baseline_env.py,D:\ocn\_ARCHIVE_NON_MAINLINE\scripts_old_experiments\probe_evidence_aware_baseline_env.py,scripts_old_experiments,"Old experiment script, not referenced by V3.7 mainline",
revise_escalation_pilot_v1.py,D:\ocn\scripts\revise_escalation_pilot_v1.py,D:\ocn\_ARCHIVE_NON_MAINLINE\scripts_old_experiments\revise_escalation_pilot_v1.py,scripts_old_experiments,"Old experiment script, not referenced by V3.7 mainline",
rule_based_auditor.py,D:\ocn\scripts\rule_based_auditor.py,D:\ocn\_ARCHIVE_NON_MAINLINE\scripts_old_release_annotation\rule_based_auditor.py,scripts_old_release_annotation,"Old release/annotation/audit script, not referenced by V3.7 mainline",
run_ablations.py,D:\ocn\scripts\run_ablations.py,D:\ocn\_ARCHIVE_NON_MAINLINE\scripts_old_experiments\run_ablations.py,scripts_old_experiments,"Old experiment script, not referenced by V3.7 mainline",
run_adversarial_eval.py,D:\ocn\scripts\run_adversarial_eval.py,D:\ocn\_ARCHIVE_NON_MAINLINE\scripts_old_experiments\run_adversarial_eval.py,scripts_old_experiments,"Old experiment script, not referenced by V3.7 mainline",
run_all_experiments.py,D:\ocn\scripts\run_all_experiments.py,D:\ocn\_ARCHIVE_NON_MAINLINE\scripts_old_experiments\run_all_experiments.py,scripts_old_experiments,"Old experiment script, not referenced by V3.7 mainline",
run_baselines.py,D:\ocn\scripts\run_baselines.py,D:\ocn\_ARCHIVE_NON_MAINLINE\scripts_old_experiments\run_baselines.py,scripts_old_experiments,"Old experiment script, not referenced by V3.7 mainline",
run_binary_decomposition.py,D:\ocn\scripts\run_binary_decomposition.py,D:\ocn\_ARCHIVE_NON_MAINLINE\scripts_old_experiments\run_binary_decomposition.py,scripts_old_experiments,"Old experiment script, not referenced by V3.7 mainline",
run_calibration_ablation.py,D:\ocn\scripts\run_calibration_ablation.py,D:\ocn\_ARCHIVE_NON_MAINLINE\scripts_old_experiments\run_calibration_ablation.py,scripts_old_experiments,"Old experiment script, not referenced by V3.7 mainline",
run_cese_ocn_hcm_v1.py,D:\ocn\scripts\run_cese_ocn_hcm_v1.py,D:\ocn\_ARCHIVE_NON_MAINLINE\scripts_old_experiments\run_cese_ocn_hcm_v1.py,scripts_old_experiments,"Old experiment script, not referenced by V3.7 mainline",
run_cese_ocn_mixed_framework_v1.py,D:\ocn\scripts\run_cese_ocn_mixed_framework_v1.py,D:\ocn\_ARCHIVE_NON_MAINLINE\scripts_old_experiments\run_cese_ocn_mixed_framework_v1.py,scripts_old_experiments,"Old experiment script, not referenced by V3.7 mainline",
run_cese_ocn_structured_v1.py,D:\ocn\scripts\run_cese_ocn_structured_v1.py,D:\ocn\_ARCHIVE_NON_MAINLINE\scripts_old_experiments\run_cese_ocn_structured_v1.py,scripts_old_experiments,"Old experiment script, not referenced by V3.7 mainline",
run_constraint_ablation.py,D:\ocn\scripts\run_constraint_ablation.py,D:\ocn\_ARCHIVE_NON_MAINLINE\scripts_old_experiments\run_constraint_ablation.py,scripts_old_experiments,"Old experiment script, not referenced by V3.7 mainline",
run_dataset_pipeline.py,D:\ocn\scripts\run_dataset_pipeline.py,D:\ocn\_ARCHIVE_NON_MAINLINE\scripts_old_experiments\run_dataset_pipeline.py,scripts_old_experiments,"Old experiment script, not referenced by V3.7 mainline",
run_delexicalized_eval.py,D:\ocn\scripts\run_delexicalized_eval.py,D:\ocn\_ARCHIVE_NON_MAINLINE\scripts_old_experiments\run_delexicalized_eval.py,scripts_old_experiments,"Old experiment script, not referenced by V3.7 mainline",
run_escalation_stability_v1.py,D:\ocn\scripts\run_escalation_stability_v1.py,D:\ocn\_ARCHIVE_NON_MAINLINE\scripts_old_experiments\run_escalation_stability_v1.py,scripts_old_experiments,"Old experiment script, not referenced by V3.7 mainline",
run_evidence_conditioned_update_v1.py,D:\ocn\scripts\run_evidence_conditioned_update_v1.py,D:\ocn\_ARCHIVE_NON_MAINLINE\scripts_old_experiments\run_evidence_conditioned_update_v1.py,scripts_old_experiments,"Old experiment script, not referenced by V3.7 mainline",
run_evidence_sanity_check_v1.py,D:\ocn\scripts\run_evidence_sanity_check_v1.py,D:\ocn\_ARCHIVE_NON_MAINLINE\scripts_old_experiments\run_evidence_sanity_check_v1.py,scripts_old_experiments,"Old experiment script, not referenced by V3.7 mainline",
run_frozen_encoder_v1.py,D:\ocn\scripts\run_frozen_encoder_v1.py,D:\ocn\_ARCHIVE_NON_MAINLINE\scripts_old_experiments\run_frozen_encoder_v1.py,scripts_old_experiments,"Old experiment script, not referenced by V3.7 mainline",
run_hard_diagnostic_real_encoder_eval.py,D:\ocn\scripts\run_hard_diagnostic_real_encoder_eval.py,D:\ocn\_ARCHIVE_NON_MAINLINE\scripts_old_experiments\run_hard_diagnostic_real_encoder_eval.py,scripts_old_experiments,"Old experiment script, not referenced by V3.7 mainline",
run_human_150_pilot_pipeline.py,D:\ocn\scripts\run_human_150_pilot_pipeline.py,D:\ocn\_ARCHIVE_NON_MAINLINE\scripts_old_experiments\run_human_150_pilot_pipeline.py,scripts_old_experiments,"Old experiment script, not referenced by V3.7 mainline",
run_leakage_filtered_small_baselines.py,D:\ocn\scripts\run_leakage_filtered_small_baselines.py,D:\ocn\_ARCHIVE_NON_MAINLINE\scripts_old_experiments\run_leakage_filtered_small_baselines.py,scripts_old_experiments,"Old experiment script, not referenced by V3.7 mainline",
run_llm_judge_stability.py,D:\ocn\scripts\run_llm_judge_stability.py,D:\ocn\_ARCHIVE_NON_MAINLINE\scripts_old_experiments\run_llm_judge_stability.py,scripts_old_experiments,"Old experiment script, not referenced by V3.7 mainline",
run_multiseed.py,D:\ocn\scripts\run_multiseed.py,D:\ocn\_ARCHIVE_NON_MAINLINE\scripts_old_experiments\run_multiseed.py,scripts_old_experiments,"Old experiment script, not referenced by V3.7 mainline",
run_oracle_extracted_comparison.py,D:\ocn\scripts\run_oracle_extracted_comparison.py,D:\ocn\_ARCHIVE_NON_MAINLINE\scripts_old_experiments\run_oracle_extracted_comparison.py,scripts_old_experiments,"Old experiment script, not referenced by V3.7 mainline",
run_oracle_extracted_confidence.py,D:\ocn\scripts\run_oracle_extracted_confidence.py,D:\ocn\_ARCHIVE_NON_MAINLINE\scripts_old_experiments\run_oracle_extracted_confidence.py,scripts_old_experiments,"Old experiment script, not referenced by V3.7 mainline",
run_paper_v2_bootstrap_ci.py,D:\ocn\scripts\run_paper_v2_bootstrap_ci.py,D:\ocn\_ARCHIVE_NON_MAINLINE\scripts_old_experiments\run_paper_v2_bootstrap_ci.py,scripts_old_experiments,"Old experiment script, not referenced by V3.7 mainline",
run_paper_v2_domain_holdout.py,D:\ocn\scripts\run_paper_v2_domain_holdout.py,D:\ocn\_ARCHIVE_NON_MAINLINE\scripts_old_experiments\run_paper_v2_domain_holdout.py,scripts_old_experiments,"Old experiment script, not referenced by V3.7 mainline",
run_pilot_loop.py,D:\ocn\scripts\run_pilot_loop.py,D:\ocn\_ARCHIVE_NON_MAINLINE\scripts_old_experiments\run_pilot_loop.py,scripts_old_experiments,"Old experiment script, not referenced by V3.7 mainline",
run_relaxed_train_strict_test_v1.py,D:\ocn\scripts\run_relaxed_train_strict_test_v1.py,D:\ocn\_ARCHIVE_NON_MAINLINE\scripts_old_experiments\run_relaxed_train_strict_test_v1.py,scripts_old_experiments,"Old experiment script, not referenced by V3.7 mainline",
run_release_pipeline.py,D:\ocn\scripts\run_release_pipeline.py,D:\ocn\_ARCHIVE_NON_MAINLINE\scripts_old_experiments\run_release_pipeline.py,scripts_old_experiments,"Old experiment script, not referenced by V3.7 mainline",
run_silver_core_experiment.py,D:\ocn\scripts\run_silver_core_experiment.py,D:\ocn\_ARCHIVE_NON_MAINLINE\scripts_old_experiments\run_silver_core_experiment.py,scripts_old_experiments,"Old experiment script, not referenced by V3.7 mainline",
run_simclaim_v4_evidence_necessity.py,D:\ocn\scripts\run_simclaim_v4_evidence_necessity.py,D:\ocn\_ARCHIVE_NON_MAINLINE\scripts_old_experiments\run_simclaim_v4_evidence_necessity.py,scripts_old_experiments,"Old experiment script, not referenced by V3.7 mainline",
run_simclaim_v4_nonpaper_prototype.py,D:\ocn\scripts\run_simclaim_v4_nonpaper_prototype.py,D:\ocn\_ARCHIVE_NON_MAINLINE\scripts_old_experiments\run_simclaim_v4_nonpaper_prototype.py,scripts_old_experiments,"Old experiment script, not referenced by V3.7 mainline",
run_simclaim_v4_protocol_freeze.py,D:\ocn\scripts\run_simclaim_v4_protocol_freeze.py,D:\ocn\_ARCHIVE_NON_MAINLINE\scripts_old_experiments\run_simclaim_v4_protocol_freeze.py,scripts_old_experiments,"Old experiment script, not referenced by V3.7 mainline",
run_simclaim_v4_source_genre_pilot.py,D:\ocn\scripts\run_simclaim_v4_source_genre_pilot.py,D:\ocn\_ARCHIVE_NON_MAINLINE\scripts_old_experiments\run_simclaim_v4_source_genre_pilot.py,scripts_old_experiments,"Old experiment script, not referenced by V3.7 mainline",
run_smoke_minimal.py,D:\ocn\scripts\run_smoke_minimal.py,D:\ocn\_ARCHIVE_NON_MAINLINE\scripts_old_experiments\run_smoke_minimal.py,scripts_old_experiments,"Old experiment script, not referenced by V3.7 mainline",
run_stage_ablations.py,D:\ocn\scripts\run_stage_ablations.py,D:\ocn\_ARCHIVE_NON_MAINLINE\scripts_old_experiments\run_stage_ablations.py,scripts_old_experiments,"Old experiment script, not referenced by V3.7 mainline",
run_stage_adversarial.py,D:\ocn\scripts\run_stage_adversarial.py,D:\ocn\_ARCHIVE_NON_MAINLINE\scripts_old_experiments\run_stage_adversarial.py,scripts_old_experiments,"Old experiment script, not referenced by V3.7 mainline",
run_stage_baselines.py,D:\ocn\scripts\run_stage_baselines.py,D:\ocn\_ARCHIVE_NON_MAINLINE\scripts_old_experiments\run_stage_baselines.py,scripts_old_experiments,"Old experiment script, not referenced by V3.7 mainline",
run_stage_baseline_eval.py,D:\ocn\scripts\run_stage_baseline_eval.py,D:\ocn\_ARCHIVE_NON_MAINLINE\scripts_old_experiments\run_stage_baseline_eval.py,scripts_old_experiments,"Old experiment script, not referenced by V3.7 mainline",
run_stage_baseline_train.py,D:\ocn\scripts\run_stage_baseline_train.py,D:\ocn\_ARCHIVE_NON_MAINLINE\scripts_old_experiments\run_stage_baseline_train.py,scripts_old_experiments,"Old experiment script, not referenced by V3.7 mainline",
run_stage_diagnostics.py,D:\ocn\scripts\run_stage_diagnostics.py,D:\ocn\_ARCHIVE_NON_MAINLINE\scripts_old_experiments\run_stage_diagnostics.py,scripts_old_experiments,"Old experiment script, not referenced by V3.7 mainline",
run_stage_fit_threshold.py,D:\ocn\scripts\run_stage_fit_threshold.py,D:\ocn\_ARCHIVE_NON_MAINLINE\scripts_old_experiments\run_stage_fit_threshold.py,scripts_old_experiments,"Old experiment script, not referenced by V3.7 mainline",
run_stage_model_eval_dev.py,D:\ocn\scripts\run_stage_model_eval_dev.py,D:\ocn\_ARCHIVE_NON_MAINLINE\scripts_old_experiments\run_stage_model_eval_dev.py,scripts_old_experiments,"Old experiment script, not referenced by V3.7 mainline",
run_stage_model_eval_test.py,D:\ocn\scripts\run_stage_model_eval_test.py,D:\ocn\_ARCHIVE_NON_MAINLINE\scripts_old_experiments\run_stage_model_eval_test.py,scripts_old_experiments,"Old experiment script, not referenced by V3.7 mainline",
run_stage_model_train.py,D:\ocn\scripts\run_stage_model_train.py,D:\ocn\_ARCHIVE_NON_MAINLINE\scripts_old_experiments\run_stage_model_train.py,scripts_old_experiments,"Old experiment script, not referenced by V3.7 mainline",
run_stage_oracle_extracted.py,D:\ocn\scripts\run_stage_oracle_extracted.py,D:\ocn\_ARCHIVE_NON_MAINLINE\scripts_old_experiments\run_stage_oracle_extracted.py,scripts_old_experiments,"Old experiment script, not referenced by V3.7 mainline",
run_stage_report.py,D:\ocn\scripts\run_stage_report.py,D:\ocn\_ARCHIVE_NON_MAINLINE\scripts_old_experiments\run_stage_report.py,scripts_old_experiments,"Old experiment script, not referenced by V3.7 mainline",
run_stage_train_eval.py,D:\ocn\scripts\run_stage_train_eval.py,D:\ocn\_ARCHIVE_NON_MAINLINE\scripts_old_experiments\run_stage_train_eval.py,scripts_old_experiments,"Old experiment script, not referenced by V3.7 mainline",
run_strong_action_broad_sweep_v2.py,D:\ocn\scripts\run_strong_action_broad_sweep_v2.py,D:\ocn\_ARCHIVE_NON_MAINLINE\scripts_old_experiments\run_strong_action_broad_sweep_v2.py,scripts_old_experiments,"Old experiment script, not referenced by V3.7 mainline",
run_strong_baselines.py,D:\ocn\scripts\run_strong_baselines.py,D:\ocn\_ARCHIVE_NON_MAINLINE\scripts_old_experiments\run_strong_baselines.py,scripts_old_experiments,"Old experiment script, not referenced by V3.7 mainline",
run_strong_baselines_min.py,D:\ocn\scripts\run_strong_baselines_min.py,D:\ocn\_ARCHIVE_NON_MAINLINE\scripts_old_experiments\run_strong_baselines_min.py,scripts_old_experiments,"Old experiment script, not referenced by V3.7 mainline",
setup_and_check.py,D:\ocn\scripts\setup_and_check.py,D:\ocn\_ARCHIVE_NON_MAINLINE\scripts_old_data_pipeline\setup_and_check.py,scripts_old_data_pipeline,"Old data pipeline script, not referenced by V3.7 mainline",
split_pilot_data.py,D:\ocn\scripts\split_pilot_data.py,D:\ocn\_ARCHIVE_NON_MAINLINE\scripts_old_data_pipeline\split_pilot_data.py,scripts_old_data_pipeline,"Old data pipeline script, not referenced by V3.7 mainline",
stage_runner.py,D:\ocn\scripts\stage_runner.py,D:\ocn\_ARCHIVE_NON_MAINLINE\scripts_old_data_pipeline\stage_runner.py,scripts_old_data_pipeline,"Old data pipeline script, not referenced by V3.7 mainline",
survey_closeout.py,D:\ocn\scripts\survey_closeout.py,D:\ocn\_ARCHIVE_NON_MAINLINE\scripts_old_release_annotation\survey_closeout.py,scripts_old_release_annotation,"Old release/annotation/audit script, not referenced by V3.7 mainline",
tfidf_leakage_audit.py,D:\ocn\scripts\tfidf_leakage_audit.py,D:\ocn\_ARCHIVE_NON_MAINLINE\scripts_old_release_annotation\tfidf_leakage_audit.py,scripts_old_release_annotation,"Old release/annotation/audit script, not referenced by V3.7 mainline",
train_baseline.py,D:\ocn\scripts\train_baseline.py,D:\ocn\_ARCHIVE_NON_MAINLINE\scripts_old_experiments\train_baseline.py,scripts_old_experiments,"Old experiment script, not referenced by V3.7 mainline",
train_cese_ocn.py,D:\ocn\scripts\train_cese_ocn.py,D:\ocn\_ARCHIVE_NON_MAINLINE\scripts_old_experiments\train_cese_ocn.py,scripts_old_experiments,"Old experiment script, not referenced by V3.7 mainline",
unify_human_150_status.py,D:\ocn\scripts\unify_human_150_status.py,D:\ocn\_ARCHIVE_NON_MAINLINE\scripts_old_release_annotation\unify_human_150_status.py,scripts_old_release_annotation,"Old release/annotation/audit script, not referenced by V3.7 mainline",
validate_annotations.py,D:\ocn\scripts\validate_annotations.py,D:\ocn\_ARCHIVE_NON_MAINLINE\scripts_old_release_annotation\validate_annotations.py,scripts_old_release_annotation,"Old release/annotation/audit script, not referenced by V3.7 mainline",
validate_data.py,D:\ocn\scripts\validate_data.py,D:\ocn\_ARCHIVE_NON_MAINLINE\scripts_old_release_annotation\validate_data.py,scripts_old_release_annotation,"Old release/annotation/audit script, not referenced by V3.7 mainline",
validate_dataset_contract.py,D:\ocn\scripts\validate_dataset_contract.py,D:\ocn\_ARCHIVE_NON_MAINLINE\scripts_old_release_annotation\validate_dataset_contract.py,scripts_old_release_annotation,"Old release/annotation/audit script, not referenced by V3.7 mainline",
validate_data_status_lock.py,D:\ocn\scripts\validate_data_status_lock.py,D:\ocn\_ARCHIVE_NON_MAINLINE\scripts_old_release_annotation\validate_data_status_lock.py,scripts_old_release_annotation,"Old release/annotation/audit script, not referenced by V3.7 mainline",
validate_experiment_status.py,D:\ocn\scripts\validate_experiment_status.py,D:\ocn\_ARCHIVE_NON_MAINLINE\scripts_old_release_annotation\validate_experiment_status.py,scripts_old_release_annotation,"Old release/annotation/audit script, not referenced by V3.7 mainline",
validate_pipeline_outputs.py,D:\ocn\scripts\validate_pipeline_outputs.py,D:\ocn\_ARCHIVE_NON_MAINLINE\scripts_old_release_annotation\validate_pipeline_outputs.py,scripts_old_release_annotation,"Old release/annotation/audit script, not referenced by V3.7 mainline",
validate_round1_seed_import.py,D:\ocn\scripts\validate_round1_seed_import.py,D:\ocn\_ARCHIVE_NON_MAINLINE\scripts_old_release_annotation\validate_round1_seed_import.py,scripts_old_release_annotation,"Old release/annotation/audit script, not referenced by V3.7 mainline",
validate_round2_batch01.py,D:\ocn\scripts\validate_round2_batch01.py,D:\ocn\_ARCHIVE_NON_MAINLINE\scripts_old_release_annotation\validate_round2_batch01.py,scripts_old_release_annotation,"Old release/annotation/audit script, not referenced by V3.7 mainline",
validate_round2_batch01_annotation_ready_v1.py,D:\ocn\scripts\validate_round2_batch01_annotation_ready_v1.py,D:\ocn\_ARCHIVE_NON_MAINLINE\scripts_old_release_annotation\validate_round2_batch01_annotation_ready_v1.py,scripts_old_release_annotation,"Old release/annotation/audit script, not referenced by V3.7 mainline",
validate_round2_batch01_recut.py,D:\ocn\scripts\validate_round2_batch01_recut.py,D:\ocn\_ARCHIVE_NON_MAINLINE\scripts_old_release_annotation\validate_round2_batch01_recut.py,scripts_old_release_annotation,"Old release/annotation/audit script, not referenced by V3.7 mainline",
validate_round2_batch01_repair.py,D:\ocn\scripts\validate_round2_batch01_repair.py,D:\ocn\_ARCHIVE_NON_MAINLINE\scripts_old_release_annotation\validate_round2_batch01_repair.py,scripts_old_release_annotation,"Old release/annotation/audit script, not referenced by V3.7 mainline",
verify_recut_gpt_review.py,D:\ocn\scripts\verify_recut_gpt_review.py,D:\ocn\_ARCHIVE_NON_MAINLINE\scripts_old_release_annotation\verify_recut_gpt_review.py,scripts_old_release_annotation,"Old release/annotation/audit script, not referenced by V3.7 mainline",
verify_recut_gpt_review_ids.py,D:\ocn\scripts\verify_recut_gpt_review_ids.py,D:\ocn\_ARCHIVE_NON_MAINLINE\scripts_old_release_annotation\verify_recut_gpt_review_ids.py,scripts_old_release_annotation,"Old release/annotation/audit script, not referenced by V3.7 mainline",
verify_task13_acceptance.py,D:\ocn\scripts\verify_task13_acceptance.py,D:\ocn\_ARCHIVE_NON_MAINLINE\scripts_old_release_annotation\verify_task13_acceptance.py,scripts_old_release_annotation,"Old release/annotation/audit script, not referenced by V3.7 mainline",
_tmp_preview.py,D:\ocn\scripts\_tmp_preview.py,D:\ocn\_ARCHIVE_NON_MAINLINE\scripts_temp\_tmp_preview.py,scripts_temp,Temporary debug/lookup script,
_v36_lookup.py,D:\ocn\scripts\_v36_lookup.py,D:\ocn\_ARCHIVE_NON_MAINLINE\scripts_temp\_v36_lookup.py,scripts_temp,Temporary debug/lookup script,
_v36_lookup2.py,D:\ocn\scripts\_v36_lookup2.py,D:\ocn\_ARCHIVE_NON_MAINLINE\scripts_temp\_v36_lookup2.py,scripts_temp,Temporary debug/lookup script,
_v36_lookup_out.txt,D:\ocn\scripts\_v36_lookup_out.txt,D:\ocn\_ARCHIVE_NON_MAINLINE\scripts_temp\_v36_lookup_out.txt,scripts_temp,Temporary debug/lookup script,
