clean_queue_rank,target_candidate_group_id,span_id,source_id,domain,title,url,arxiv_id,pdf_filename,page_number,source_location,evidence_type,evidence_text,evidence_text_sha256,word_count,manual_evidence_quality,claim_generation_ready,reject_reason,notes
1,SBV2-ALL92-G002,AD-001-S2,AD-001,autonomous_driving,nuPlan-R: A Closed-Loop Planning Benchmark for Autonomous Driving via Reactive Multi-Agent Simulation,https://arxiv.org/abs/2511.10403,2511.10403,pdfs/AD-001__2511.10403.pdf,1,pdf_page_1,metric_result,"More- over, we extend the benchmark with two complementary metrics, Success Rate (SR) and All-Core Pass Rate (PR), to assess a planner’s robustness and overall performance balance across multiple dimensions.",6a0ba79dba70e2735bc0881338175526cd2f23b10d46ae19b0dcd498cfe57a62,31,accepted_clean_pdf_verified,True,,PDF text match verified on page 1; evidence text and sha256 preserved exactly.
2,SBV2-ALL92-G003,AD-001-S3,AD-001,autonomous_driving,nuPlan-R: A Closed-Loop Planning Benchmark for Autonomous Driving via Reactive Multi-Agent Simulation,https://arxiv.org/abs/2511.10403,2511.10403,pdfs/AD-001__2511.10403.pdf,1,pdf_page_1,limitation,"To address these limitations, we present nuPlan-R, a new reactive closed-loop planning benchmark that integrates learning-based reactive multi-agent simulation into the nuPlan framework.",05a04b9bee82765e650aa1c1299b5adb17695b2febaae24b15324148593d85c6,23,accepted_clean_pdf_verified,True,,PDF text match verified on page 1; evidence text and sha256 preserved exactly.
3,SBV2-ALL92-G004,AD-002-S1,AD-002,autonomous_driving,Open-Source Modular Benchmark for Diffusion-Based Motion Planning in Closed-Loop Autonomous Driving,https://arxiv.org/abs/2603.01023,2603.01023,pdfs/AD-002__2603.01023.pdf,5,pdf_page_5,experiment_setup,"Experimental Setup All experiments are conducted on a desktop PC with an Intel Core i9-12900KS CPU, 32 GB RAM, and an NVIDIA GeForce RTX 3090 Ti GPU, running in a Docker container with Ubuntu 22.04, ROS 2 Humble, and Autoware.",1371575d2ee6003cf2a2888697bbfa488c6d858169ce0f7eafb508a32dc06f4e,40,accepted_clean_pdf_verified,True,,PDF text match verified on page 5; evidence text and sha256 preserved exactly.
4,SBV2-ALL92-G005,AD-002-S2,AD-002,autonomous_driving,Open-Source Modular Benchmark for Diffusion-Based Motion Planning in Closed-Loop Autonomous Driving,https://arxiv.org/abs/2603.01023,2603.01023,pdfs/AD-002__2603.01023.pdf,6,pdf_page_6,metric_result,"The vertical arrow shows the solver order benefit: at the same latency, second-order solving at N=3 matches the accuracy of first-order at N=5, effectively halving the required steps.",cc26468814034b9c140997c8edc43ef3cb33c7260adec1aa453638b3cf463dab,30,accepted_clean_pdf_verified,True,,PDF text match verified on page 6; evidence text and sha256 preserved exactly.
5,SBV2-ALL92-G007,AD-003-S1,AD-003,autonomous_driving,HiDrive: A Closed-Loop Benchmark for High-Level Autonomous Driving,https://arxiv.org/abs/2605.09972,2605.09972,pdfs/AD-003__2605.09972.pdf,8,pdf_page_8,metric_result,"The results show that conventional end-to-end autonomous driving methods remain strongly limited on HiDrive: even the best, Dif- fusionDrive, achieves only 34.2 Overall DS.",4436a4b7e7d88823269ee496be7704b5f18551ae7b94438c66ea381dbd2ba97d,24,accepted_clean_pdf_verified,True,,PDF text match verified on page 8; evidence text and sha256 preserved exactly.
6,SBV2-ALL92-G008,AD-003-S2,AD-003,autonomous_driving,HiDrive: A Closed-Loop Benchmark for High-Level Autonomous Driving,https://arxiv.org/abs/2605.09972,2605.09972,pdfs/AD-003__2605.09972.pdf,1,pdf_page_1,limitation,"This satura- tion does not mean that the problem has been solved; instead, it reveals that current benchmarks remain limited in scenario diversity, object variety, and the breadth of driving capabilities they evaluate.",c043baa4d27cad2db9da9e2bf022af0f6c3f03dd6d02b67ed3de4d7c6499b91c,33,accepted_clean_pdf_verified,True,,PDF text match verified on page 1; evidence text and sha256 preserved exactly.
7,SBV2-ALL92-G009,AD-003-S3,AD-003,autonomous_driving,HiDrive: A Closed-Loop Benchmark for High-Level Autonomous Driving,https://arxiv.org/abs/2605.09972,2605.09972,pdfs/AD-003__2605.09972.pdf,1,pdf_page_1,deployment_boundary,"Built on a more advanced physics engine, HiDrive provides physically realistic lighting and high-fidelity visual rendering, offering a more challenging and realistic testbed for assessing whether autonomous driving systems can handle the complexity of real-world deployment.",63330be317dcd6538a1a8bc2179e4506754e41c010467dcdba0b09b657ea940a,36,accepted_clean_pdf_verified,True,,PDF text match verified on page 1; evidence text and sha256 preserved exactly.
8,SBV2-ALL92-G011,AD-004-S2,AD-004,autonomous_driving,Bench2Drive-Robust: Benchmarking Closed-Loop Autonomous Driving under Deployment Perturbations,https://arxiv.org/abs/2605.18059,2605.18059,pdfs/AD-004__2605.18059.pdf,1,pdf_page_1,metric_result,"Our results show that these deployment-related perturbations can substantially degrade closed-loop driving performance, revealing robustness challenges that are not fully captured by conventional image-level corruption evaluations.",2e468defa01a774da820450135224a9f0b56eb244b26ae8f532346ed88af992f,26,accepted_clean_pdf_verified,True,,PDF text match verified on page 1; evidence text and sha256 preserved exactly.
13,SBV2-ALL92-G013,AD-005-S1,AD-005,autonomous_driving,Bench2Drive-R: Realistic Reactive Closed-Loop Benchmark,https://arxiv.org/abs/2412.09647,2412.09647,pdfs/AD-005__2412.09647.pdf,3,pdf_page_3,experiment_setup,"Further, we implement a closed-loop interactive end-to- end simulation platform based on nuPlan.",fa87fb62c6b02c85492006b8cd7309a6c3c45c74f9e032e22c01a6740741eb5d,13,accepted_clean_pdf_verified,True,,PDF trace verified; evidence_text and evidence_text_sha256 preserved exactly; source_location upgraded after page match.
14,SBV2-ALL92-G014,AD-005-S2,AD-005,autonomous_driving,Bench2Drive-R: Realistic Reactive Closed-Loop Benchmark,https://arxiv.org/abs/2412.09647,2412.09647,pdfs/AD-005__2412.09647.pdf,9,pdf_page_9,metric_result,"2, Bench2Drive-R outperforms baselines BEVControl [99], MagicDrive [20], Panacea [89] and Panacea+ [90] in gen- eration quality, yielding notably lower FID score.",9d29a849f0cee133742cdebd54ed9ec73cc2b339ee6f007bebc610b315df129a,22,accepted_clean_pdf_verified,True,,PDF trace verified; evidence_text and evidence_text_sha256 preserved exactly; source_location upgraded after page match.
17,SBV2-ALL92-G017,AD-006-S2,AD-006,autonomous_driving,Bench2ADVLM,https://arxiv.org/abs/2508.02028,2508.02028,pdfs/AD-006__2508.02028.pdf,7,pdf_page_7,metric_result,"OmniDrive consistently achieves the highest scores across all metrics, with a peak Success Rate of 12.99%, Driving Score of 43.75, and Skill Score of 19.38, indicating better robustness and generalization in closed-loop setting.",697d9fe451b3388f19bb284f9570cfbc3a89c107425c8899513590342e8f4390,33,accepted_clean_pdf_verified,True,,PDF trace verified; evidence_text and evidence_text_sha256 preserved exactly; source_location upgraded after page match.
18,SBV2-ALL92-G018,AD-006-S3,AD-006,autonomous_driving,Bench2ADVLM,https://arxiv.org/abs/2508.02028,2508.02028,pdfs/AD-006__2508.02028.pdf,7,pdf_page_7,limitation,"The overall performance of all ADVLMs remains relatively low, indicating that current models still face notable limitations.",63768ac8a0c3a41266ba78375a734cbf983eea693a7cc7f5da2ad506d5d1af48,17,accepted_clean_pdf_verified,True,,PDF trace verified; evidence_text and evidence_text_sha256 preserved exactly; source_location upgraded after page match.
1,SBV2-ALL92-G019,AD-007-S1,AD-007,autonomous_driving,RoboDriveVLM / RoboDriveBench,https://arxiv.org/abs/2512.01300,2512.013,pdfs/AD-007__2512.01300.pdf,6,pdf_page_6,experiment_setup,"Implementation Details We consistently employ LLaVA-Interleave as the base VLM model [50], and then fine-tuning it for two epochs on the nuScenes dataset with the learning rate of 2e-4.",d6e6dfa236313d7fa26da23cf16507d18528c5c6cf952679340daf0af5cf698f,29,accepted_clean_pdf_verified,True,,PDF trace verified on page 6; evidence_text and evidence_text_sha256 preserved exactly.
2,SBV2-ALL92-G020,AD-007-S2,AD-007,autonomous_driving,RoboDriveVLM / RoboDriveBench,https://arxiv.org/abs/2512.01300,2512.013,pdfs/AD-007__2512.01300.pdf,6,pdf_page_6,metric_result,"In particular, RoboDriveVLM-TTA achieves the best overall performance in AvgL2-Prompt (0.474), AvgCol-Prompt (0.22), and maintains relatively low MCL2/MCC values even under prompt corruption.",15291939306b1ae7d86fc783d0370b291bc69c433c2b36f19f5682ebf12f7345,24,accepted_clean_pdf_verified,True,,PDF trace verified on page 6; evidence_text and evidence_text_sha256 preserved exactly.
3,SBV2-ALL92-G021,AD-007-S3,AD-007,autonomous_driving,RoboDriveVLM / RoboDriveBench,https://arxiv.org/abs/2512.01300,2512.013,pdfs/AD-007__2512.01300.pdf,1,pdf_page_1,limitation,"Through extensive experi- ments, our work highlights the limitations of current VLM- based end-to-end autonomous driving systems and provides a more reliable solution for real-world deployment.",6efee5891286599ea7c4589138b121e13c2de8d52a469d98584f169c44340d04,26,accepted_clean_pdf_verified,True,,PDF trace verified on page 1; evidence_text and evidence_text_sha256 preserved exactly.
4,SBV2-ALL92-G025,AD-009-S1,AD-009,autonomous_driving,ScenePilot-Bench,https://arxiv.org/abs/2601.19582,2601.19582,pdfs/AD-009__2601.19582.pdf,5,pdf_page_5,experiment_setup,"5 Experiments 5.1 Baseline Results on ScenePilot-Bench We evaluate representative commercial, open-source, and driving- specialized VLMs on ScenePilot-Bench.",f20bc1d56eda4fc50d6d0e237529dbe2277097771238ea9436a4d2e2f98b65b7,18,accepted_clean_pdf_verified,True,,PDF trace verified on page 5; evidence_text and evidence_text_sha256 preserved exactly.
5,SBV2-ALL92-G027,AD-009-S3,AD-009,autonomous_driving,ScenePilot-Bench,https://arxiv.org/abs/2601.19582,2601.19582,pdfs/AD-009__2601.19582.pdf,6,pdf_page_6,limitation,"First, ScenePilot-Bench remains an open-loop benchmark, and therefore does not directly measure the downstream control effect of model outputs in a closed-loop driving system.",333e606f34c75deea454d5b9abd3839df3083611c273e8eca5edbb826eacbe3e,24,accepted_clean_pdf_verified,True,,PDF trace verified on page 6; evidence_text and evidence_text_sha256 preserved exactly.
1,SBV2-ALL92-G028,AD-010-S1,AD-010,autonomous_driving,DSBench: Driving Safety Benchmark,https://arxiv.org/abs/2511.14592,2511.14592,pdfs/AD-010__2511.14592.pdf,5,pdf_page_5,experiment_setup,"Quality Control To ensure reliability and consistency at scale, we implement a rigorous, iterative quality control process to filter noise from automated generation and correct annotation biases.",40c28bd40d398e3eccc966577a613cbd49bc559c542dbb1b25d254c69b0c5219,27,accepted_clean_pdf_verified,True,,PDF trace verified on page 5; evidence_text and evidence_text_sha256 preserved exactly.
2,SBV2-ALL92-G029,AD-010-S2,AD-010,autonomous_driving,DSBench: Driving Safety Benchmark,https://arxiv.org/abs/2511.14592,2511.14592,pdfs/AD-010__2511.14592.pdf,6,pdf_page_6,metric_result,"It achieves a remarkable average score of 68.4, creating a substantial performance gap of 18.88 points ahead of the strongest commercial competi- tor, Seed-1.6 (49.52).",30e67595fadf5f68643ddec86fc1425075179a4cb96708463ad317cbf284da5b,25,accepted_clean_pdf_verified,True,,PDF trace verified on page 6; evidence_text and evidence_text_sha256 preserved exactly.
3,SBV2-ALL92-G030,AD-010-S3,AD-010,autonomous_driving,DSBench: Driving Safety Benchmark,https://arxiv.org/abs/2511.14592,2511.14592,pdfs/AD-010__2511.14592.pdf,2,pdf_page_2,limitation,"Despite these developments, ensuring safety under open- world conditions remains a significant barrier to large-scale deployment.",eab41e3ab7ea7b6fc7f589ae329e02580c173475e67f781b2804b409cb0cdd23,16,accepted_clean_pdf_verified,True,,PDF trace verified on page 2; evidence_text and evidence_text_sha256 preserved exactly.
4,SBV2-ALL92-G031,AD-011-S1,AD-011,autonomous_driving,DriveVLM,https://arxiv.org/abs/2402.12289,2402.12289,pdfs/AD-011__2402.12289.pdf,7,pdf_page_7,experiment_setup,We train models on the training split and use our proposed scene description and meta-action metrics to evaluate model performance on the test split.,e598be9bb01d57fbd096bfadf3026982fd4197d1ba94ec5333914e578d9c094e,24,accepted_clean_pdf_verified,True,,PDF trace verified on page 7; evidence_text and evidence_text_sha256 preserved exactly.
5,SBV2-ALL92-G032,AD-011-S2,AD-011,autonomous_driving,DriveVLM,https://arxiv.org/abs/2402.12289,2402.12289,pdfs/AD-011__2402.12289.pdf,2,pdf_page_2,metric_result,"We further introduce DriveVLM-Dual, a hybrid system that incorporates DriveVLM and a traditional autonomous pipeline, which achieves improved spatial reasoning and real-time planning capabilities.",3292ee7ee5985e9b89ef6df942854ac4f0ffb9ab403b4fcb6514d995fe90d757,24,accepted_clean_pdf_verified,True,,PDF trace verified on page 2; evidence_text and evidence_text_sha256 preserved exactly.
6,SBV2-ALL92-G033,AD-011-S3,AD-011,autonomous_driving,DriveVLM,https://arxiv.org/abs/2402.12289,2402.12289,pdfs/AD-011__2402.12289.pdf,1,pdf_page_1,limitation,"Furthermore, recognizing the limitations of VLMs in spatial reasoning and heavy computational requirements, we propose DriveVLM-Dual, a hybrid system that synergizes the strengths of DriveVLM with the traditional autonomous driv- ing pipeline.",9bc4ddaf8b4c7d37d7ce32a4f6949226b8895b55a3f49cde1da30907b72194e8,32,accepted_clean_pdf_verified,True,,PDF trace verified on page 1; evidence_text and evidence_text_sha256 preserved exactly.
7,SBV2-ALL92-G034,AD-012-S1,AD-012,autonomous_driving,Bench2Drive,https://arxiv.org/abs/2406.03877,2406.03877,pdfs/AD-012__2406.03877.pdf,1,pdf_page_1,experiment_setup,"We implement state-of-the-art E2E-AD models and evaluate them in Bench2Drive, providing insights regarding current status and future directions.",f4dcba23b1fffd3c34dc76c21a7e8f2e388e72af9a3fbc7aa156ed587f54d058,18,accepted_clean_pdf_verified,True,,PDF trace verified on page 1; evidence_text and evidence_text_sha256 preserved exactly.
8,SBV2-ALL92-G035,AD-012-S2,AD-012,autonomous_driving,Bench2Drive,https://arxiv.org/abs/2406.03877,2406.03877,pdfs/AD-012__2406.03877.pdf,6,pdf_page_6,metric_result,"For instance, consider three test runs where each achieves 90% route completion, but the number of red lights run differs: 0, 1, and 2.",ae3ced88d74b1b526f193c1547f5869eab61219d3256eaf13c5853d57d18c4cf,24,accepted_clean_pdf_verified,True,,PDF trace verified on page 6; evidence_text and evidence_text_sha256 preserved exactly.
9,SBV2-ALL92-G036,AD-012-S3,AD-012,autonomous_driving,Bench2Drive,https://arxiv.org/abs/2406.03877,2406.03877,pdfs/AD-012__2406.03877.pdf,4,pdf_page_4,limitation,"As widely discussed in the community [42, 43], the lack of an official training set makes the comparisons of different methods in the system-level instead of the algorithm-level.Bench2Drive deal with these shortcomings by offering a large-scale, annotation-rich official training dataset alongside a multi-ability evaluation set.",8ecdb274207549aeebabcdc8b6471d8d3fa0cdb0538b92d474fa30bd187ec383,45,accepted_clean_pdf_verified,True,,PDF trace verified on page 4; evidence_text and evidence_text_sha256 preserved exactly.
10,SBV2-ALL92-G037,AD-014-S1,AD-014,autonomous_driving,NAVSIM,https://arxiv.org/abs/2406.15349,2406.15349,pdfs/AD-014__2406.15349.pdf,6,pdf_page_6,experiment_setup,"Due to the heavy computational requirements of closed-loop simulation, we evaluate on the navmini split.",ccd42e0f7d7ae867bd8e6a5bd66830af86c6f746443a1165334d93b997d37e85,15,accepted_clean_pdf_verified,True,,PDF trace verified on page 6; evidence_text and evidence_text_sha256 preserved exactly.
11,SBV2-ALL92-G038,AD-014-S2,AD-014,autonomous_driving,NAVSIM,https://arxiv.org/abs/2406.15349,2406.15349,pdfs/AD-014__2406.15349.pdf,5,pdf_page_5,metric_result,"The resulting scenarios are challenging, which is underlined by the score of the constant velocity agent dropping to 22%, whereas the human expert achieves a score of 95%.",8499f5cbba9e06db16afe60187ddebb9fd51d04f4f603fa912cec82c896368d5,28,accepted_clean_pdf_verified,True,,PDF trace verified on page 5; evidence_text and evidence_text_sha256 preserved exactly.
12,SBV2-ALL92-G039,AD-014-S3,AD-014,autonomous_driving,NAVSIM,https://arxiv.org/abs/2406.15349,2406.15349,pdfs/AD-014__2406.15349.pdf,3,pdf_page_3,limitation,"Unfortunately, ensuring realism when simulating traffic behavior or sensor data remains a challenging task.",569ef22cb9e4a2c255d148396e3a8f918e51556e5f1c57b9219aa772a14a2828,14,accepted_clean_pdf_verified,True,,PDF trace verified on page 3; evidence_text and evidence_text_sha256 preserved exactly.
1,SBV2-ALL92-G040,AD-015-S1,AD-015,autonomous_driving,DriveE2E: Closed-Loop Benchmark for End-to-End Autonomous Driving through Real-to-Simulation,https://arxiv.org/abs/2509.23922,2509.23922,pdfs/AD-015__2509.23922.pdf,7,pdf_page_7,experiment_setup,4 EXPERIMENTS 4.1 BASELINES AND IMPLEMENTATION DETAILS We implement five classical End-to-End Autonomous Driving (E2EAD) models as baseline meth- ods.,28f42a808c89c2b3744ef58a0fc617ee2615e0f65abd36d40d5e761b85adcf95,20,accepted_clean_pdf_verified,True,,PDF trace verified on page 7; evidence_text and evidence_text_sha256 preserved exactly.
2,SBV2-ALL92-G042,AD-015-S3,AD-015,autonomous_driving,DriveE2E: Closed-Loop Benchmark for End-to-End Autonomous Driving through Real-to-Simulation,https://arxiv.org/abs/2509.23922,2509.23922,pdfs/AD-015__2509.23922.pdf,1,pdf_page_1,limitation,"To address these limitations, we introduce a simple yet challenging closed-loop evaluation framework that closely integrates real-world driving scenarios into the CARLA simulator with infrastructure cooperation.",74847b17e1e7552830bd19ec5aaa63d091891e003ba3396ca79b570521e98597,26,accepted_clean_pdf_verified,True,,PDF trace verified on page 1; evidence_text and evidence_text_sha256 preserved exactly.
3,SBV2-ALL92-G043,AD-016-S1,AD-016,autonomous_driving,HABIT,https://arxiv.org/abs/2511.19109,2511.19109,pdfs/AD-016__2511.19109.pdf,7,pdf_page_7,experiment_setup,Prediction and Planning on HABIT We evaluate three recent end-to-end autonomous driving agents on HABIT’s semantically diverse pedestrian behav- iors.,fac12c8f7a7009e63efee3fd21674cf530c342cbefe23640167239b17c7492ea,21,accepted_clean_pdf_verified,True,,PDF trace verified on page 7; evidence_text and evidence_text_sha256 preserved exactly.
4,SBV2-ALL92-G044,AD-016-S2,AD-016,autonomous_driving,HABIT,https://arxiv.org/abs/2511.19109,2511.19109,pdfs/AD-016__2511.19109.pdf,7,pdf_page_7,metric_result,"Our goal is to analyze the impact of diverse, seman- tically grounded pedestrian behavior on planning robust- ness and prediction accuracy of autonomous agents.",ef9180a7418a79c4739da256dd0e67b780cee936d149b49b101422266af7a248,24,accepted_clean_pdf_verified,True,,PDF trace verified on page 7; evidence_text and evidence_text_sha256 preserved exactly.
5,SBV2-ALL92-G045,AD-016-S3,AD-016,autonomous_driving,HABIT,https://arxiv.org/abs/2511.19109,2511.19109,pdfs/AD-016__2511.19109.pdf,8,pdf_page_8,limitation,"Conclusion and future work In this work, we introduced HABIT (Human Action Bench- mark for Interactive Traffic), a high-fidelity simulation benchmark designed to address the critical limitations of current autonomous driving (AD) simulations in repre- senting realistic human behavior.",ad093aa0d0e0015d84a82ef9ee3d2af919148a658b3ba4609ae4fde0e9c9bb5f,39,accepted_clean_pdf_verified,True,,PDF trace verified on page 8; evidence_text and evidence_text_sha256 preserved exactly.
6,SBV2-ALL92-G046,AD-017-S1,AD-017,autonomous_driving,V-Max: Making RL Practical for Autonomous Driving,https://arxiv.org/abs/2503.08388,2503.08388,pdfs/AD-017__2503.08388.pdf,9,pdf_page_9,experiment_setup,"We implemented the following encoder architectures with the Flax library (Heek et al., 2024): (1) Latent-query (LQ): inspired from (Jaegle et al., 2021), (2) Latent-query hierarchical (LQH) (Bronstein et al., 2022); (3) Motion Transformer (MTR) (Shi et al., 2024), (4) Wayformer (Nayakanti et al., 2023).",3c4fdc8f41094459c08e60596d23f2a3a994a79759904659ee242b6d057d13ee,45,accepted_clean_pdf_verified,True,,PDF trace verified on page 9; evidence_text and evidence_text_sha256 preserved exactly.
7,SBV2-ALL92-G047,AD-017-S2,AD-017,autonomous_driving,V-Max: Making RL Practical for Autonomous Driving,https://arxiv.org/abs/2503.08388,2503.08388,pdfs/AD-017__2503.08388.pdf,4,pdf_page_4,metric_result,"GPUDrive achieves GPU-acceleration through the Madrona game engine (Shacklett et al., 2023).",13c3bfea715243eb5138ccf33e81cdfe7057f84807f16ea787f76060e9979814,12,accepted_clean_pdf_verified,True,,PDF trace verified on page 4; evidence_text and evidence_text_sha256 preserved exactly.
8,SBV2-ALL92-G048,AD-017-S3,AD-017,autonomous_driving,V-Max: Making RL Practical for Autonomous Driving,https://arxiv.org/abs/2503.08388,2503.08388,pdfs/AD-017__2503.08388.pdf,1,pdf_page_1,limitation,"Imitation Learning (IL) remains the dominant paradigm, benefiting from large-scale human demonstration datasets, but it suffers from inherent limitations such as distri- bution shift and imitation gaps.",d3cec8161f3c53612ef6ef0351b2652242be7411ae2c286aaa47fe846e416957,27,accepted_clean_pdf_verified,True,,PDF trace verified on page 1; evidence_text and evidence_text_sha256 preserved exactly.
1,SBV2-ALL92-G050,AD-018-S2,AD-018,autonomous_driving,URB: Urban Routing Benchmark for RL-equipped Connected Autonomous Vehicles,https://arxiv.org/abs/2505.17734,2505.17734,pdfs/AD-018__2505.17734.pdf,1,pdf_page_1,metric_result,"Our results show that, despite the lengthy and costly training, state-of-the-art MARL algorithms rarely outperformed humans.",fd899a099887baa50139352b016efaca739f9b94bee4f740c747c9190e745515,16,accepted_clean_pdf_verified,True,,PDF trace verified on page 1; evidence_text and evidence_text_sha256 preserved exactly.
2,SBV2-ALL92-G051,AD-018-S3,AD-018,autonomous_driving,URB: Urban Routing Benchmark for RL-equipped Connected Autonomous Vehicles,https://arxiv.org/abs/2505.17734,2505.17734,pdfs/AD-018__2505.17734.pdf,9,pdf_page_9,limitation,"5 Conclusions, limitations, broader impact and future work In this paper, we introduced a framework for testing RL routing algorithms in city-scale networks and reported a comprehensive benchmarking study using community implementations of a selection of standard MARL algorithms.",6cf9b7ee693d8ab6538934520def322aa582ff241126f17a6742a88036fc0046,39,accepted_clean_pdf_verified,True,,PDF trace verified on page 9; evidence_text and evidence_text_sha256 preserved exactly.
3,SBV2-ALL92-G052,AD-019-S1,AD-019,autonomous_driving,Optimizing Efficiency of Mixed Traffic through Reinforcement Learning,https://arxiv.org/abs/2501.16728,2501.16728,pdfs/AD-019__2501.16728.pdf,5,pdf_page_5,experiment_setup,"Experiment Setup In conducting the experiments, we trained our SAC al- gorithm utilizing NVIDIA A6000 GPUs (8 GPUs) and 64 CPUs, for 43 hours.",2c4ef4dcf62ad01160c367f3651e5693403b44465a59744ea4bd449fd9f1f6a3,24,accepted_clean_pdf_verified,True,,PDF trace verified on page 5; evidence_text and evidence_text_sha256 preserved exactly.
4,SBV2-ALL92-G053,AD-019-S2,AD-019,autonomous_driving,Optimizing Efficiency of Mixed Traffic through Reinforcement Learning,https://arxiv.org/abs/2501.16728,2501.16728,pdfs/AD-019__2501.16728.pdf,2,pdf_page_2,metric_result,"Our results showed that our trained policy outperforms the no-traffic- signal baseline, performs comparably to traffic signal control and consistently observes high throughput and low wait time, across all test scenarios with various topologies.",296987e98ee181d994de07e40b5be9e294244336b9e80583a11150a385ab4139,34,accepted_clean_pdf_verified,True,,PDF trace verified on page 2; evidence_text and evidence_text_sha256 preserved exactly.
5,SBV2-ALL92-G054,AD-019-S3,AD-019,autonomous_driving,Optimizing Efficiency of Mixed Traffic through Reinforcement Learning,https://arxiv.org/abs/2501.16728,2501.16728,pdfs/AD-019__2501.16728.pdf,2,pdf_page_2,limitation,"Nevertheless, these scenarios often lack real-world complexity and cannot be directly imple- mented in general open-world situations.",05385320a3dabb2769a4404d991a6229764d3468b2cdfcd7960dd017040d96b2,17,accepted_clean_pdf_verified,True,,PDF trace verified on page 2; evidence_text and evidence_text_sha256 preserved exactly.
6,SBV2-ALL92-G055,AD-020-S1,AD-020,autonomous_driving,Real-World Deployment of MARL-Based Variable Speed Limit Control,https://arxiv.org/abs/2503.01017,2503.01017,pdfs/AD-020__2503.01017.pdf,1,pdf_page_1,experiment_setup,We evaluate the performance of the MARL-based algorithm in comparison to a previously deployed non-RL VSL benchmark algorithm on I-24.,4c785c602e2a5a5ad364b0997c7c457fbd6afee3f9f0b4cbfe08de9958a0c7dc,20,accepted_clean_pdf_verified,True,,PDF trace verified on page 1; evidence_text and evidence_text_sha256 preserved exactly.
7,SBV2-ALL92-G056,AD-020-S2,AD-020,autonomous_driving,Real-World Deployment of MARL-Based Variable Speed Limit Control,https://arxiv.org/abs/2503.01017,2503.01017,pdfs/AD-020__2503.01017.pdf,1,pdf_page_1,metric_result,Results show that the MARL-based VSL control system achieves a superior performance.,3c94195932294a5e606f76fd1be1de60ffecc726e533ef8dc962b20ac5653f32,12,accepted_clean_pdf_verified,True,,PDF trace verified on page 1; evidence_text and evidence_text_sha256 preserved exactly.
8,SBV2-ALL92-G057,AD-020-S3,AD-020,autonomous_driving,Real-World Deployment of MARL-Based Variable Speed Limit Control,https://arxiv.org/abs/2503.01017,2503.01017,pdfs/AD-020__2503.01017.pdf,4,pdf_page_4,limitation,"For example, pointing at the downstream of traffic, a sequence of speed limits set at [70, 60, 50] mph complies with this regulation, whereas [70, 50, 30] mph does not, as it features a differential of 20 mph, exceeding the permissible maximum.",421a0ba2a3cb6cd23c611d6e26614c3a1620b86117ec3cb9e8d8a9583d23e379,42,accepted_clean_pdf_verified,True,,PDF trace verified on page 4; evidence_text and evidence_text_sha256 preserved exactly.
9,SBV2-ALL92-G058,AD-021-S1,AD-021,autonomous_driving,CoLLMLight: Cooperative LLM Agents for Network-Wide Traffic Signal Control,https://arxiv.org/abs/2503.11739,2503.11739,pdfs/AD-021__2503.11739.pdf,10,pdf_page_10,experiment_setup,"For O1-mini, we evaluated its performance in a complete setting, controlling all 196 intersec- tions in the New York 1 dataset and simulating traffic for 3600 seconds.",4b7bca8a40f2cc154c8e26cf2203e45d20a5424a5b40acbc0cf92a776774ba72,27,accepted_clean_pdf_verified,True,,PDF trace verified on page 10; evidence_text and evidence_text_sha256 preserved exactly.
10,SBV2-ALL92-G059,AD-021-S2,AD-021,autonomous_driving,CoLLMLight: Cooperative LLM Agents for Network-Wide Traffic Signal Control,https://arxiv.org/abs/2503.11739,2503.11739,pdfs/AD-021__2503.11739.pdf,6,pdf_page_6,metric_result,The results show that CoLLMLight outperforms the SOTA LLMs within complex coordination scenarios.,1c2782104cad8a6da1b5ad9c57580442578d06b0d264380c6233292c9951cee6,13,accepted_clean_pdf_verified,True,,PDF trace verified on page 6; evidence_text and evidence_text_sha256 preserved exactly.
11,SBV2-ALL92-G060,AD-021-S3,AD-021,autonomous_driving,CoLLMLight: Cooperative LLM Agents for Network-Wide Traffic Signal Control,https://arxiv.org/abs/2503.11739,2503.11739,pdfs/AD-021__2503.11739.pdf,1,pdf_page_1,limitation,"However, effectively managing traffic signals in complex and dynamic urban road networks remains a formidable challenge.",3051a40b51265b4f68b6f159cb78248b42d15f40401beb7495e5f429ab213e82,16,accepted_clean_pdf_verified,True,,PDF trace verified on page 1; evidence_text and evidence_text_sha256 preserved exactly.
12,SBV2-ALL92-G062,AD-023-S2,AD-023,autonomous_driving,Historical Prediction Attention for Work Zone Safety in a Digital Twin Environment,https://arxiv.org/abs/2508.06544,2508.06544,pdfs/AD-023__2508.06544.pdf,21,pdf_page_21,metric_result,"Evaluation results show that the adapted HPNet model achieves prediction accuracy on simulated work zone datasets, on par with benchmarks from established datasets, such as Argov- erse and INTERACTION.",c6d6298baecee5a3ac046fdb5e685dad7835f34d5e9513f960c50aa700ba6a01,29,accepted_clean_pdf_verified,True,,PDF trace verified on page 21; evidence_text and evidence_text_sha256 preserved exactly.
64,SBV2-ALL92-G064,AD-024-S1,AD-024,autonomous_driving,Lessons Learned from Real-World Multi-Sensor Fusion for Work Zone Safety,https://arxiv.org/abs/2508.01599,2508.01599,pdfs/AD-024__2508.01599.pdf,5,pdf_page_5,metric_result,"Subsequently, we present the trajectory validation procedure using data collected from a reference vehicle equipped with a Global Navigation Satellite System (GNSS) receiver and an Inertial Measurement Unit (IMU), to evaluate the accuracy of vehicle detection, tracking, and sensor-derived trajectories.",719b6ba510a4a8a881b8dc71519b97c4d21a005a3746098f81fb847649483811,40,clean,True,,"accepted: natural sentence, concrete validation procedure, traced to PDF page 5"
65,SBV2-ALL92-G065,AD-024-S2,AD-024,autonomous_driving,Lessons Learned from Real-World Multi-Sensor Fusion for Work Zone Safety,https://arxiv.org/abs/2508.01599,2508.01599,pdfs/AD-024__2508.01599.pdf,4,pdf_page_4,limitation,"These deployments highlight practical limitations and design tradeoffs, such as the importance of power and network infrastructure, local storage capacity, sensor visibility constraints, and the need for accurate ground truth sources for validation.",69fa6759d05f63c48d3157d454a0be7fb3b532166003717765c6f2621b6b86f3,33,clean,True,,"accepted: natural sentence, concrete limitation/tradeoff list, traced to PDF page 4"
67,SBV2-ALL92-G067,CYB-001-S1,CYB-001,cyber_defense,AgentCyberRange,https://arxiv.org/abs/2606.14295,2606.14295,pdfs/CYB-001__2606.14295.pdf,1,pdf_page_1,experiment_setup,We evaluate six frontier AI systems under matched prompts and budgets.,8f54ac78eeb9eaf3cd91802b09d7827febd6fecbde0350deeb4f76d93382b383,11,accepted_clean,True,,PDF trace verified by exact text match; source_location set to pdf_page_1.
68,SBV2-ALL92-G068,CYB-001-S2,CYB-001,cyber_defense,AgentCyberRange,https://arxiv.org/abs/2606.14295,2606.14295,pdfs/CYB-001__2606.14295.pdf,1,pdf_page_1,metric_result,"GPT-5.5 with Codex achieves the highest success rates, solving 16.1% of web exploitation tasks and 31.7% of post- exploitation tasks; with more concrete hints, these rates increase to 33.0% and 46.3%, respectively.",cc35e4cb0f7620402d55bc3ab4d7ac1d55b5f81e19acc5eee1e9b70f63316c57,32,accepted_clean,True,,PDF trace verified by exact text match; source_location set to pdf_page_1.
69,SBV2-ALL92-G069,CYB-001-S3,CYB-001,cyber_defense,AgentCyberRange,https://arxiv.org/abs/2606.14295,2606.14295,pdfs/CYB-001__2606.14295.pdf,1,pdf_page_1,limitation,"However, systematic evaluation of their offensive capabilities remains constrained by lim- ited access to open, reproducible, multi-host cyber-range infrastructure.",f1058437ee3d6761b7f79987e752151cb111280f8f209dd6616823f8ec2b5c0f,19,accepted_clean,True,,PDF trace verified by exact text match; source_location set to pdf_page_1.
71,SBV2-ALL92-G071,CYB-002-S2,CYB-002,cyber_defense,CAIBench: Cybersecurity AI Benchmark,https://arxiv.org/abs/2510.24317,2510.24317,pdfs/CYB-002__2510.24317.pdf,15,pdf_page_15,metric_result,"Figure 8 and Table 8 present the evaluation results across four classification metrics. alias1 demon- strates the strongest overall performance across all metrics, achieving the highest precision (0.52), recall (0.42), F1 score (0.46), and F2 score (0.44).",fe755597f1d48493b62d024df60d5ee92830c45b0e83928f3b39c0d8438812a4,37,accepted_clean,True,,PDF trace verified by exact text match; source_location set to pdf_page_15.
75,SBV2-ALL92-G075,CYB-003-S3,CYB-003,cyber_defense,Dynamic Cyber Ranges,https://arxiv.org/abs/2604.24184,2604.24184,pdfs/CYB-003__2604.24184.pdf,19,pdf_page_19,limitation,Extending the cross-model comparison to MHBench and additional cyber range scenarios remains future work.,53fc1e451af0ee4a39b99b5e9449369317df3fff81ebd8cfd5d81aa24f62feb3,14,accepted_clean,True,,PDF trace verified by exact text match; source_location set to pdf_page_19.
77,SBV2-ALL92-G077,CYB-004-S2,CYB-004,cyber_defense,Explainable Autonomous Cyber Defense with Adversarial MARL,https://arxiv.org/abs/2604.04442,2604.04442,pdfs/CYB-004__2604.04442.pdf,20,pdf_page_20,metric_result,"C- MADF achieves a precision of 0.997, recall of 0.961, and F1-score of 0.979, outperforming all three baselines (DUGAT- LSTM: 0.979/0.905/0.941; BiLSTM IDS: 0.982/0.915/0.947; Hybrid Weighted-XGBoost: 0.985/0.941/0.962 for Preci- sion/Recall/F1).",12e03db8fe01fbaef18d1b4bf4070792dc4bbed84b1441c737ad04542136663f,38,accepted_clean,True,,PDF trace verified by exact text match; source_location set to pdf_page_20.
79,SBV2-ALL92-G079,CYB-005-S1,CYB-005,cyber_defense,Q-BIRD: Belief-Space RL for Autonomous Cyber Defense in IoV,https://arxiv.org/abs/2606.07796,2606.07796,pdfs/CYB-005__2606.07796.pdf,1,pdf_page_1,experiment_setup,"We evaluate the approach in a simulated IoV security environment with an adaptive attacker that strategically probes, attacks, and evades detection.",03e31705c19489fb678c20aebbacd34b75fc42a1fb3f1a74bcff41782721d89c,21,accepted_clean,True,,PDF trace verified by exact text match; source_location set to pdf_page_1.
80,SBV2-ALL92-G080,CYB-005-S2,CYB-005,cyber_defense,Q-BIRD: Belief-Space RL for Autonomous Cyber Defense in IoV,https://arxiv.org/abs/2606.07796,2606.07796,pdfs/CYB-005__2606.07796.pdf,10,pdf_page_10,metric_result,"2) Attack Success Rate and Survival Probability: The proposed method achieves an ASR of 0.000 across 80 test episodes, indicating that the defender successfully prevents all attack transitions from non-attack to attack states above the defined damage threshold θ.",793bee248b786d54f284dd76683c61f505707b7f4d9f2940f4af97349480b5b8,38,accepted_clean,True,,PDF trace verified by exact text match; source_location set to pdf_page_10.
81,SBV2-ALL92-G081,CYB-005-S3,CYB-005,cyber_defense,Q-BIRD: Belief-Space RL for Autonomous Cyber Defense in IoV,https://arxiv.org/abs/2606.07796,2606.07796,pdfs/CYB-005__2606.07796.pdf,1,pdf_page_1,limitation,"A primary difficulty is that IoV defense must proceed with only partial observation; the true intent of an attacker remains hidden, and visible signals are often ambiguous due to probing or evasion.",c545db2bd80db2945b5df6b23849529320937bb34e21d47a49bcf575ad3bbdeb,32,accepted_clean,True,,PDF trace verified by exact text match; source_location set to pdf_page_1.
82,SBV2-ALL92-G082,CYB-006-S1,CYB-006,cyber_defense,DeepXplain: XAI-Guided Autonomous Defense Against APT Campaigns,https://arxiv.org/abs/2603.21296,2603.21296,pdfs/CYB-006__2603.21296.pdf,1,pdf_page_1,experiment_setup,We evaluate DeepXplain in a realistic enterprise testbed using CALDERA-driven APT scenarios [5].,53d740f65b29a8f9aa5e867646a9711594cb5186ce8189f7178d5668b6ba2abc,13,accepted_clean,True,,PDF trace verified by exact text match; source_location set to pdf_page_1.
83,SBV2-ALL92-G083,CYB-006-S2,CYB-006,cyber_defense,DeepXplain: XAI-Guided Autonomous Defense Against APT Campaigns,https://arxiv.org/abs/2603.21296,2603.21296,pdfs/CYB-006__2603.21296.pdf,1,pdf_page_1,metric_result,Experimental results show that DeepXplain improves the average stage-weighted F1-score from 0.887 to 0.915 and increases mitigation success rate from 84.7% to 89.6%.,b723218b57233e2295021b7d057dd7d82f14c3adeb9b09ac6b8193fc9364ee26,23,accepted_clean,True,,PDF trace verified by exact text match; source_location set to pdf_page_1.
84,SBV2-ALL92-G084,CYB-006-S3,CYB-006,cyber_defense,DeepXplain: XAI-Guided Autonomous Defense Against APT Campaigns,https://arxiv.org/abs/2603.21296,2603.21296,pdfs/CYB-006__2603.21296.pdf,1,pdf_page_1,limitation,"However, similar to many DRL-based systems, it operates as a black box: while it produces effective decisions, it does not provide interpretable explanations for its predictions or actions.",cf78e5995f8c43c612c9082c2a47e8ff35e78f662b91e2d4f3f64c54b0dcb3c7,28,accepted_clean,True,,PDF trace verified by exact text match; source_location set to pdf_page_1.
85,SBV2-ALL92-G085,CYB-007-S1,CYB-007,cyber_defense,LLM-Based Reward Design for Autonomous Cyber Defense,https://arxiv.org/abs/2511.16483,2511.16483,pdfs/CYB-007__2511.16483.pdf,2,pdf_page_2,experiment_setup,"In our setup, the adversarial agent uses a stan- dard form of attack/kill-chain sequences as prescribed by the Atomic Red Team (ART) and MITRE ATT&CK frame- work.",68ab2c633e7cad42741e2d014380799257e2ad7969418907c0efe70e2697f746,29,accepted_clean,True,,PDF trace verified by exact text match; source_location set to pdf_page_2.
86,SBV2-ALL92-G086,CYB-007-S2,CYB-007,cyber_defense,LLM-Based Reward Design for Autonomous Cyber Defense,https://arxiv.org/abs/2511.16483,2511.16483,pdfs/CYB-007__2511.16483.pdf,7,pdf_page_7,metric_result,"Finally, against the aggressive red agent, the proactive-v2 blue agent (15 time steps) again outperforms proactive-v1 (12 time steps) and baseline (10 time steps) blue agents.",8502c9926c6770cdab06c92c0813b5a51ac5a72bc5bf3dc349da2f03301199cb,26,accepted_clean,True,,PDF trace verified by exact text match; source_location set to pdf_page_7.
87,SBV2-ALL92-G087,CYB-007-S3,CYB-007,cyber_defense,LLM-Based Reward Design for Autonomous Cyber Defense,https://arxiv.org/abs/2511.16483,2511.16483,pdfs/CYB-007__2511.16483.pdf,3,pdf_page_3,limitation,"As cyber environments evolve with increasingly sophisticated attack vectors, advanced detection methodologies, and expansive network architectures, human designers face substantial cognitive limitations in developing comprehensive reward models that accurately capture the nuanced dynamics of cy- ber operations.",70d262e576679b7fea13e2a037573bbd1421b4a92279511ed6a2e1ef754c2ce1,37,accepted_clean,True,,PDF trace verified by exact text match; source_location set to pdf_page_3.
89,SBV2-ALL92-G089,CYB-008-S2,CYB-008,cyber_defense,Large Language Models are Autonomous Cyber Defenders,https://arxiv.org/abs/2505.04843,2505.04843,pdfs/CYB-008__2505.04843.pdf,2,pdf_page_2,metric_result,Their results show that a strong expert meta-policy can out- perform a joint Proximal Policy Optimization (PPO) policy [15].,be144626711df3aa0bb6d2807ff96d1c7c535d394db2c2ebc2f095a1945919fc,19,accepted_clean,True,,PDF trace verified by exact text match; source_location set to pdf_page_2.
91,SBV2-ALL92-G091,CYB-009-S1,CYB-009,cyber_defense,Hierarchical Multi-Agent Reinforcement Learning for Cyber Network Defense,https://arxiv.org/abs/2410.17351,2410.17351,pdfs/CYB-009__2410.17351.pdf,2,pdf_page_2,experiment_setup,We evaluate our methods against multiple baselines at different stages of the design process to motivate our methodology and design decisions.,4bdf3c7597a3aa48c5a9a09f6cf1cf1e08737e0bada02014d6d0e6329dc730db,21,clean,True,,accepted: PDF text verified on page 2; clean evidence suitable for four candidate claims
92,SBV2-ALL92-G092,CYB-009-S2,CYB-009,cyber_defense,Hierarchical Multi-Agent Reinforcement Learning for Cyber Network Defense,https://arxiv.org/abs/2410.17351,2410.17351,pdfs/CYB-009__2410.17351.pdf,1,pdf_page_1,metric_result,"Comparisons with multiple baselines across different adversaries show that our hierarchical learning approach achieves top performance in terms of convergence speed, episodic return, and several interpretable metrics relevant to cybersecurity, including the fraction of clean machines on the network, precision, and false positives.",bfd5f4089cbd21962ddf5605826ec6ea0142aad4a021cefafb2e76686ee4d033,43,clean,True,,accepted: PDF text verified on page 1; clean evidence suitable for four candidate claims
93,SBV2-ALL92-G093,CYB-009-S3,CYB-009,cyber_defense,Hierarchical Multi-Agent Reinforcement Learning for Cyber Network Defense,https://arxiv.org/abs/2410.17351,2410.17351,pdfs/CYB-009__2410.17351.pdf,11,pdf_page_11,limitation,We leave as future work the study of H-MARL transferability to evolving adversaries that adapt their policies based on opponent behavior or environment feedback.,b00a30ef67cc587eaca5733214e7bf62788faf81bd46b44c16c56d0327b754ec,24,clean,True,,accepted: PDF text verified on page 11; clean evidence suitable for four candidate claims
94,SBV2-ALL92-G094,CYB-010-S1,CYB-010,cyber_defense,Quantitative Resilience Modeling for Autonomous Cyber Defense,https://arxiv.org/abs/2503.02780,2503.0278,pdfs/CYB-010__2503.02780.pdf,1,pdf_page_1,experiment_setup,"We evaluate our approach within the CybORG environment, a reinforcement learning (RL) framework for autonomous cyber defense, analyzing trade-offs between resilience, costs, and prioritization of operational goals.",d81310395f33555e0438a7e97a2ce8d23163b2d1ac807db6335e59d00aca6d64,27,clean,True,,accepted: PDF text verified on page 1; clean evidence suitable for four candidate claims
96,SBV2-ALL92-G096,CYB-010-S3,CYB-010,cyber_defense,Quantitative Resilience Modeling for Autonomous Cyber Defense,https://arxiv.org/abs/2503.02780,2503.0278,pdfs/CYB-010__2503.02780.pdf,15,pdf_page_15,limitation,We leave as future work the study of using this metric to learn defense strategies that can adapt with minimal overhead as workflow priorities change.,aef37a02f799be75e41da97402b45b256b5fce02cf83de163789eeeb5d8abf18,25,clean,True,,accepted: PDF text verified on page 15; clean evidence suitable for four candidate claims
98,SBV2-ALL92-G098,CYB-011-S2,CYB-011,cyber_defense,Entity-based Reinforcement Learning for Autonomous Cyber Defence,https://arxiv.org/abs/2410.17647,2410.17647,pdfs/CYB-011__2410.17647.pdf,1,pdf_page_1,metric_result,"We demonstrate that this approach significantly outperforms an MLP-based policy when training across fixed-size networks of varying topologies, and matches performance when training on a single network.",a18b7b7384170e5b61d9f81869145c3fbcd727653c4079873c7eba5a64d68d15,27,clean,True,,accepted: PDF text verified on page 1; clean evidence suitable for four candidate claims
99,SBV2-ALL92-G099,CYB-011-S3,CYB-011,cyber_defense,Entity-based Reinforcement Learning for Autonomous Cyber Defence,https://arxiv.org/abs/2410.17647,2410.17647,pdfs/CYB-011__2410.17647.pdf,1,pdf_page_1,limitation,"To overcome this limitation, we reframe the problem of autonomous network defence using entity-based re- inforcement learning, where the observation and action space of an agent are decomposed into a collection of discrete entities.",a8e0f39a767b0a5688e19d76ec59030f1de13e3ee4d5211302a653bc47a3a4e6,34,clean,True,,accepted: PDF text verified on page 1; clean evidence suitable for four candidate claims
101,SBV2-ALL92-G101,CYB-012-S2,CYB-012,cyber_defense,Towards Production-Worthy Simulation for Autonomous Cyber Operations,https://arxiv.org/abs/2508.19278,2508.19278,pdfs/CYB-012__2508.19278.pdf,5,pdf_page_5,metric_result,"To further our analysis, we saved the plots for each of these combinations and observed that PPO achieves smoother convergence.",1e180f84b9fd4ac206caf6d12dc4e696d7eee3ee4b125fa8d8b6131cf7260c57,20,clean,True,,accepted: PDF text verified on page 5; clean evidence suitable for four candidate claims
103,SBV2-ALL92-G103,DT-001-S1,DT-001,digital_twin,TwinLoop: Simulation-in-the-Loop Digital Twins for Online MARL,https://arxiv.org/abs/2604.06610,2604.0661,pdfs/DT-001__2604.06610.pdf,1,pdf_page_1,experiment_setup,We evaluate TwinLoop in a vehicular edge computing task-offloading scenario with changing workload and infrastructure conditions.,8107e11da73dd3fa5e93124e3bdd81eafe17d87d1a740bfaf65f0493e6529727,16,clean,True,,accepted: PDF text verified on page 1; clean evidence suitable for four candidate claims
106,SBV2-ALL92-G106,DT-002-S1,DT-002,digital_twin,Digital Twin Calibration with Model-Based Reinforcement Learning,https://arxiv.org/abs/2501.02205,2501.02205,pdfs/DT-002__2501.02205.pdf,22,pdf_page_22,experiment_setup,"Finally, we evaluated the test error (e.g., the Mean Absolute Percentage Error (MAPE)) by running the the estimated optimal policy on the physical system for 2,000 episodes.",bf98cd978b8e4e84d907c5117106b23459fdcd076b6f7625af2ce9fbd394d4cf,28,clean,True,,accepted: PDF text verified on page 22; clean evidence suitable for four candidate claims
107,SBV2-ALL92-G107,DT-002-S2,DT-002,digital_twin,Digital Twin Calibration with Model-Based Reinforcement Learning,https://arxiv.org/abs/2501.02205,2501.02205,pdfs/DT-002__2501.02205.pdf,1,pdf_page_1,metric_result,"This dual- component approach provably converges to the optimal policy, and outperforms existing methods in extensive numerical experiments based on the biopharmaceutical manufacturing domain.",cdeb403ee38a94a4b3a67290c9f208c4daa2b4da958c1ed328c8544b30737fef,24,clean,True,,accepted: PDF text verified on page 1; clean evidence suitable for four candidate claims
108,SBV2-ALL92-G108,DT-002-S3,DT-002,digital_twin,Digital Twin Calibration with Model-Based Reinforcement Learning,https://arxiv.org/abs/2501.02205,2501.02205,pdfs/DT-002__2501.02205.pdf,3,pdf_page_3,limitation,"To the best of our knowledge, ours is the first theoretically justified MBRL method that does not rely on restrictive assumptions such as linear transitions.",b7515ebc606f307189ca03a6847bebcbe5d36073d2d61f623931a2fb35b76556,25,clean,True,,accepted: PDF text verified on page 3; clean evidence suitable for four candidate claims
110,SBV2-ALL92-G110,DT-003-S2,DT-003,digital_twin,Digital Twin-Enabled Real-Time Control in Robotic Additive Manufacturing,https://arxiv.org/abs/2501.18016,2501.18016,pdfs/DT-003__2501.18016.pdf,1,pdf_page_1,metric_result,The results show rapid policy convergence and robust task execution in both simulated and physical environments demonstrating the effectiveness of our approach.,a0cbabaccbb7e89eb79cadaf4274d7343127819bfaa9fbc919a8372113dea476,22,clean,True,,accepted: PDF text verified on page 1; clean evidence suitable for four candidate claims
111,SBV2-ALL92-G111,DT-003-S3,DT-003,digital_twin,Digital Twin-Enabled Real-Time Control in Robotic Additive Manufacturing,https://arxiv.org/abs/2501.18016,2501.18016,pdfs/DT-003__2501.18016.pdf,1,pdf_page_1,limitation,"However, there are many challenges to implementing RL in the robotic domain due to hardware limitations (such as mechanical system design and computer capabilities) and software restrictions (like algorithm efficiency).",fd6edf57bcdfe87cac6a2da3ed03fbf3d5c186660f09a2272c7f1cb7e7d898a1,30,clean,True,,accepted: PDF text verified on page 1; clean evidence suitable for four candidate claims
113,SBV2-ALL92-G113,DT-004-S2,DT-004,digital_twin,Digital Twin RL with Human Assistive Teleoperation,https://arxiv.org/abs/2406.00732,2406.00732,pdfs/DT-004__2406.00732.pdf,1,pdf_page_1,metric_result,The results indicate that our proposed approach not only outperforms the baseline models in terms of reward accumulation but also demonstrates superior training efficiency.,e3ecaa5358b8f8797fa8b40533107180efd2771c8a74e87fb097bccaf75a8227,24,clean,True,,accepted: PDF text verified on page 1; clean evidence suitable for four candidate claims
116,SBV2-ALL92-G116,DT-005-S2,DT-005,digital_twin,LSDTs: LLM-Augmented Semantic Digital Twins,https://arxiv.org/abs/2508.06799,2508.06799,pdfs/DT-005__2508.06799.pdf,6,pdf_page_6,metric_result,"For exam- ple, GPT-4o-mini reached perfect accuracy (1.000) on one document but extracted fewer regulations overall, suggest- ing a conservative strategy that favors precision over recall.",8e8bc2ea8ecbfe77eea7a4530ea29af363888dfe1a1200af7fe07bc88dcf89b2,26,clean,True,,accepted: PDF text verified on page 6; clean evidence suitable for four candidate claims
119,SBV2-ALL92-G119,DT-006-S2,DT-006,digital_twin,CDA-SimBoost,https://arxiv.org/abs/2507.19707,2507.19707,pdfs/DT-006__2507.19707.pdf,5,pdf_page_5,metric_result,"For individual CAV evaluation, we provide the following metrics: 1) Detection metrics based on average precision (AP) across different Intersection over Union (IoU) thresholds, and multiclass mean Average Pre- cision (mAP).",36000ebcbec0164f455a51e3eb0b7ad16a4cbcc8e6d02fbee67cc6223aec58e1,31,clean,True,,accepted: PDF text verified on page 5; clean evidence suitable for four candidate claims
122,SBV2-ALL92-G122,DT-007-S2,DT-007,digital_twin,Digital Twin-Driven Pavement Health Monitoring,https://arxiv.org/abs/2511.02957,2511.02957,pdfs/DT-007__2511.02957.pdf,1,pdf_page_1,metric_result,"Trained on a real-world-inspired dataset with segment attributes and dynamic connectivity, our model achieves an R2 of 0.3798, outperforming baseline regressors and effectively capturing non-linear degradation.",177689b0bcb1f9ec891b2b767f011c8dffc31ea76852f6e888d1f1b1be637651,26,accepted_verified_clean,True,,PDF page verified; evidence text and hash preserved; AI-preannotated candidate material only.
124,SBV2-ALL92-G124,DT-009-S1,DT-009,digital_twin,Digital Twin Framework for Generation-IV Reactors,https://arxiv.org/abs/2506.17258,2506.17258,pdfs/DT-009__2506.17258.pdf,10,pdf_page_10,metric_result,The design choice process considered the accuracy of the gFHR surrogate predictions and selecting states that could be realistically monitored with sensors in the reactor setting.,41761a25caf2fa64e73fbee316a278e589ab9f4a981dee4820b433e3c9ed185a,26,accepted_verified_clean,True,,PDF page verified; evidence text and hash preserved; AI-preannotated candidate material only.
128,SBV2-ALL92-G128,DT-010-S2,DT-010,digital_twin,RL-Enhanced Clinical Decision Support via Digital Twin,https://arxiv.org/abs/2508.17212,2508.17212,pdfs/DT-010__2508.17212.pdf,5,pdf_page_5,metric_result,"Our method achieves the top mean return and the lowest standard deviation across seeds, which leads to the best Sharpe-like index.",291e0f9d3089c314fe134f667952f4f4fda940af07115ce0962e39001d662b9a,21,accepted_verified_clean,True,,PDF page verified; evidence text and hash preserved; AI-preannotated candidate material only.
131,SBV2-ALL92-G131,DT-011-S2,DT-011,digital_twin,Introduction to Digital Twins for the Smart Grid,https://arxiv.org/abs/2602.14256,2602.14256,pdfs/DT-011__2602.14256.pdf,3,pdf_page_3,limitation,"A system is called a digital shadow when automated control cannot be guaranteed, but still processes data from the physical system continuously.",02d83748a9476b7af5e14c633c1d194356a9ec735edd217d7ca3d8d64e4c2a15,22,accepted_verified_clean,True,,PDF page verified; evidence text and hash preserved; AI-preannotated candidate material only.
132,SBV2-ALL92-G132,DT-011-S3,DT-011,digital_twin,Introduction to Digital Twins for the Smart Grid,https://arxiv.org/abs/2602.14256,2602.14256,pdfs/DT-011__2602.14256.pdf,10,pdf_page_10,deployment_boundary,"Coppolino et al. [12] implement a digital twin in a real-world case study on an operational smart grid in Kropa, Slovenia, where the twin provided a comprehensive view of the grid’s health and enabling quick detection and communication of potential threats.",643295db5dcd15ea286ce4764a808b33d520de7259ad80c166f53d8c8b26e3d2,42,accepted_verified_clean,True,,PDF page verified; evidence text and hash preserved; AI-preannotated candidate material only.
134,SBV2-ALL92-G134,DT-012-S2,DT-012,digital_twin,RL for Optimal Control in Microgrids with Digital Twin,https://arxiv.org/abs/2506.22995,2506.22995,pdfs/DT-012__2506.22995.pdf,1,pdf_page_1,metric_result,"The results indicate that the proposed RL-based strategy outperforms rule-based methods and existing RL benchmarks, offering a robust solution for intelligent microgrid management.",a4665fd6bfd1e969fd2536784c088d4cf73b6871345c8cf6139ac8ee13315ef1,23,accepted_verified_clean,True,,PDF page verified; evidence text and hash preserved; AI-preannotated candidate material only.
135,SBV2-ALL92-G135,DT-012-S3,DT-012,digital_twin,RL for Optimal Control in Microgrids with Digital Twin,https://arxiv.org/abs/2506.22995,2506.22995,pdfs/DT-012__2506.22995.pdf,2,pdf_page_2,limitation,"Regardless of the adopted RL methods, a common limitation in these approaches is related to the simplistic modeling of the BESS, which is often restricted solely to their electrical behavior.",c796a5c1ca85127e496155bd4d0f055067a9ad4703e98471d0ae9c6fbeeb3c76,30,accepted_verified_clean,True,,PDF page verified; evidence text and hash preserved; AI-preannotated candidate material only.
140,SBV2-ALL92-G140,DT-014-S2,DT-014,digital_twin,Digital Twin-Guided Energy Management in 6G Smart Cities,https://arxiv.org/abs/2508.18516,2508.18516,pdfs/DT-014__2508.18516.pdf,1,pdf_page_1,metric_result,"Based on our simulation results, we observe that the proposed framework achieves a 37% improvement in 95th percentile latency and a 30% reduction in energy consumption compared to the existing literature.",e194c9eb561873f26d98d0af25e54dd2f4d7595ecc31010d5e6fbd2d0040399c,31,accepted_verified_clean,True,,PDF page verified; evidence text and hash preserved; AI-preannotated candidate material only.
141,SBV2-ALL92-G141,DT-014-S3,DT-014,digital_twin,Digital Twin-Guided Energy Management in 6G Smart Cities,https://arxiv.org/abs/2508.18516,2508.18516,pdfs/DT-014__2508.18516.pdf,1,pdf_page_1,limitation,"Given this limitation, meeting the low-latency service requirement of 6G networks becomes even more challenging.",fa1564642d763009ffc667bf34d0c413a46a9650c20ab426e929922ef78727b0,15,accepted_verified_clean,True,,PDF page verified; evidence text and hash preserved; AI-preannotated candidate material only.
142,SBV2-ALL92-G142,DT-015-S1,DT-015,digital_twin,Mixed Autonomous Traffic Safety Digital Twin,https://arxiv.org/abs/2504.17968,2504.17968,pdfs/DT-015__2504.17968.pdf,8,pdf_page_8,experiment_setup,"Third, we evaluate active safety analysis components, focusing on vehicle responses under various risk scenarios.",f493537d776e9c01d14c9ab1dfbb03eddca9fa64d7aa21d474db63fcb1a8fa5b,15,accepted_clean_evidence,True,,PDF page verified; concrete evaluation focus for active safety analysis.
144,SBV2-ALL92-G144,DT-015-S3,DT-015,digital_twin,Mixed Autonomous Traffic Safety Digital Twin,https://arxiv.org/abs/2504.17968,2504.17968,pdfs/DT-015__2504.17968.pdf,1,pdf_page_1,limitation,"Traditional passive safety analysis methods, which rely on historical crash data and retrospective accident studies, face serious limitations in today’s data-scarce and technologically evolving environments [8].",1bfc02570ffe7c547ea6acc10a2d06c482e025ac0569d567f6cbb896d9b71c28,27,accepted_clean_evidence,True,,PDF page verified; standalone limitation sentence.
145,SBV2-ALL92-G145,DT-016-S1,DT-016,digital_twin,APDT: Access Point Digital Twin,https://arxiv.org/abs/2511.23009,2511.23009,pdfs/DT-016__2511.23009.pdf,2,pdf_page_2,experiment_setup,"As proof of concept, we implemented APDT in a university campus setting on a sub- network, utilizing historical data from three access points and simulating scenarios based on real-time configurations.",5f98b0e33512115dd3aedb78be6fd9a80d9fcdf71d5accfac736beec340a8b86,30,accepted_clean_evidence,True,,PDF page verified; standalone proof-of-concept setup sentence.
146,SBV2-ALL92-G146,DT-016-S2,DT-016,digital_twin,APDT: Access Point Digital Twin,https://arxiv.org/abs/2511.23009,2511.23009,pdfs/DT-016__2511.23009.pdf,2,pdf_page_2,metric_result,"The results yielded an impressive simulation accuracy of 85.03%, alongside predictions from the predictive model, underscoring APDT’s potential for robust network optimization and man- agement.",4865cef7a70b49e45acf29d1974732f53dc6319fbe58c71b33a4963d91457155,26,accepted_clean_evidence,True,,PDF page verified; standalone metric result sentence.
148,SBV2-ALL92-G148,DT-017-S1,DT-017,digital_twin,Traffic Safety Analysis with Digital Twin Technology,https://arxiv.org/abs/2502.09561,2502.09561,pdfs/DT-017__2502.09561.pdf,7,pdf_page_7,metric_result,"For instance, in the results shown above, we identify a potential crash at a signalized intersection when road friction decreases due to weather conditions such as rain or snow.",09853beb83d419a2d7b22f403ac46bd6e4456e65b03de7262549658492444857,29,accepted_clean_evidence,True,,PDF page verified; concrete result sentence.
149,SBV2-ALL92-G149,DT-017-S2,DT-017,digital_twin,Traffic Safety Analysis with Digital Twin Technology,https://arxiv.org/abs/2502.09561,2502.09561,pdfs/DT-017__2502.09561.pdf,1,pdf_page_1,limitation,"The results demonstrate that traffic digital twin can identify potential safety issues that traditional microscopic simulation cannot, providing insights for improving traffic control strategies and transportation infrastructure to enhance traffic safety.",43acedff5a94af21cad1ad1c1ca64fc47951ffde60dfc24ebcbe876c65e0a665,31,accepted_clean_evidence,True,,PDF page verified; standalone result sentence.
153,SBV2-ALL92-G153,DT-018-S3,DT-018,digital_twin,FOGNITE: Federated Learning-Enhanced Fog-Cloud Architecture with Digital Twin Validation,https://arxiv.org/abs/2507.16668,2507.16668,pdfs/DT-018__2507.16668.pdf,2,pdf_page_2,limitation,"To address these limitations, this paper pro- poses FOGNITE—a novel fog-cloud hybrid ar- chitecture tailored for smart grid environments.",dfb009a7f4ac6e141cefdbac60e70ab59d87480c0e64e5364327d9cb13e7a499,20,accepted_clean_evidence,True,,PDF page verified; concrete proposal sentence addressing limitations.
154,SBV2-ALL92-G154,DT-019-S1,DT-019,digital_twin,PINN-DT: Smart Building Energy Optimization with Digital Twin,https://arxiv.org/abs/2503.00331,2503.00331,pdfs/DT-019__2503.00331.pdf,28,pdf_page_28,metric_result,"The suggested PINNs-DT model surpasses almost all evaluated metrics with an Accuracy of 97.7%, Precision of 97.8%, Recall of 97.6%, and F1 Score of 97.7%.",18c9d7fd901c142cce9864f958b2e9e7271229b70acaac461fd62b068c83b205,25,accepted_clean_evidence,True,,PDF page verified; standalone metric result sentence.
157,SBV2-ALL92-G157,MARL-014-S1,MARL-014,robotics,NavBench: Unified Robotics Benchmark for RL-Based Autonomous Navigation,https://arxiv.org/abs/2505.14526,2505.14526,pdfs/MARL-014__2505.14526.pdf,5,pdf_page_5,experiment_setup,"We implement a floating platform, a thruster-actuated system constrained to planar movement, mimicking spacecraft-like motion with force-based control.",a7c77bbf2670ad4bfa047fd437ab77d201c1277388c54c4b9184c48e39741c4f,18,accepted_clean_experiment_setup,True,,PDF verified; evidence text and hash preserved
158,SBV2-ALL92-G158,MARL-014-S2,MARL-014,robotics,NavBench: Unified Robotics Benchmark for RL-Based Autonomous Navigation,https://arxiv.org/abs/2505.14526,2505.14526,pdfs/MARL-014__2505.14526.pdf,8,pdf_page_8,metric_result,"In addition to success rate (defined as the percentage of episodes that meet task-specific thresholds), we report continuous evaluation metrics to capture control precision and stability: Final Distance Error (m): Euclidean distance to the goal at the end of the episode.",c3b529dbc1f6702ee13c1325f9aaf2654ac133b058236321959fe22263ca2882,41,accepted_clean_metric_definition,True,,PDF verified; evidence text and hash preserved
161,SBV2-ALL92-G161,MARL-015-S2,MARL-015,robotics,Sim-to-Real Transfer for Mobile Robots with RL,https://arxiv.org/abs/2501.02902,2501.02902,pdfs/MARL-015__2501.02902.pdf,13,pdf_page_13,limitation,"While this does not necessarily of- fer the best fine-tuned performance, we believe this to be a step towards, e.g., low-code applications.",934a063d63ad27ed490180335ba29db177e40c20d7ce11716a5b152dc8144c45,22,accepted_clean_limitation,True,,PDF verified; evidence text and hash preserved
163,SBV2-ALL92-G163,MARL-016-S1,MARL-016,robotics,Can Context Bridge the Reality Gap?,https://arxiv.org/abs/2511.04249,2511.04249,pdfs/MARL-016__2511.04249.pdf,1,pdf_page_1,experiment_setup,We evaluate the resulting context-aware policies in both a canonical control benchmark and a real-world pushing task using a Franka Emika Panda robot.,fbf0960a0929f5b2f3bc3736249c00e92fdf4650eac9c91dabe83d941d4d6995,23,accepted_clean_experiment_setup,True,,PDF verified; evidence text and hash preserved
164,SBV2-ALL92-G164,MARL-016-S2,MARL-016,robotics,Can Context Bridge the Reality Gap?,https://arxiv.org/abs/2511.04249,2511.04249,pdfs/MARL-016__2511.04249.pdf,5,pdf_page_5,metric_result,"The results show that the context-conditioned policy often significantly outperforms the context-agnostic one, especially when the task is sensitive to changes in environment dynamics, underscoring the potential benefits of incorporating context.",f7465bc2a8a37c8880477c1a3313641440eed326e30a6a137b421f2a3db287e9,31,accepted_clean_metric_result,True,,PDF verified; evidence text and hash preserved
166,SBV2-ALL92-G166,MARL-017-S1,MARL-017,robotics,RealAIGym AI Olympics RL Benchmark,https://arxiv.org/abs/2503.15290,2503.1529,pdfs/MARL-017__2503.15290.pdf,5,pdf_page_5,limitation,"Having the highest possible value of the reward function at 0 makes learning the Q-function much more stable than having an optimal value that is positive, since a successful swing-up policy does not suddenly change the Q-values of all previous states and thus prevents policy degradation after learning successful swing-ups.",3c331f0de4275bbd1a0e29630578cb474b1943d8947ab15a52112f1984789fd5,50,accepted_clean_result_explanation,True,,PDF verified; evidence text and hash preserved
167,SBV2-ALL92-G167,MARL-017-S2,MARL-017,robotics,RealAIGym AI Olympics RL Benchmark,https://arxiv.org/abs/2503.15290,2503.1529,pdfs/MARL-017__2503.15290.pdf,1,pdf_page_1,deployment_boundary,In order to get a clear understanding of their individual strengths and weaknesses and their applicability in real world robotic scenarios is it important to benchmark and compare their performances not only in a simulation but also on real hard- ware.,5127ca15512d3e5769930a7f7def6ce1eff5b73652ea48094d3cbe885e947b23,41,accepted_clean_boundary_statement,True,,PDF verified; evidence text and hash preserved
168,SBV2-ALL92-G168,MARL-017-S3,MARL-017,robotics,RealAIGym AI Olympics RL Benchmark,https://arxiv.org/abs/2503.15290,2503.1529,pdfs/MARL-017__2503.15290.pdf,4,pdf_page_4,comparison,"The core algorithm used is Soft Actor-Critic (SAC) [18], a state-of-the-art RL method designed for continuous action spaces.",009c369e16e62a82d234718c20125e0fc22866acb9dae40951db78db11f71f5b,18,accepted_clean_method_detail,True,,PDF verified; evidence text and hash preserved
169,SBV2-ALL92-G169,MARL-018-S1,MARL-018,robotics,GRaD-Nav++ Drone Navigation with Gaussian Radiance Fields,https://arxiv.org/abs/2506.14009,2506.14009,pdfs/MARL-018__2506.14009.pdf,3,pdf_page_3,experiment_setup,Multi-task generalization: We train our VLA policy on a set of two-stage tasks within a single environment to promote generalization and zero-shot transfer to untrained tasks.,927c64ea4084f866b6d95d59de4f2b2bf9d56fa8bb1efbab8c06ca95ebb5cf6e,26,accepted_clean_experiment_setup,True,,PDF verified; evidence text and hash preserved
170,SBV2-ALL92-G170,MARL-018-S2,MARL-018,robotics,GRaD-Nav++ Drone Navigation with Gaussian Radiance Fields,https://arxiv.org/abs/2506.14009,2506.14009,pdfs/MARL-018__2506.14009.pdf,1,pdf_page_1,metric_result,"In multi-task generalization experiments, our method achieves a success rate of 83% on trained tasks and 75% on unseen tasks in simulation.",0d9f6fc79ba1f10c201fd9fdd9523d5db4140305d13a586b7cd399ee0f78abc6,22,accepted_clean_metric_result,True,,PDF verified; evidence text and hash preserved
172,SBV2-ALL92-G172,MARL-019-S1,MARL-019,robotics,LLM-Agents Driven Automated Simulation Testing of sUAS,https://arxiv.org/abs/2501.11864,2501.11864,pdfs/MARL-019__2501.11864.pdf,1,pdf_page_1,experiment_setup,"We evaluated our approach by (a) conducting simulation testing of PX4 and ArduPilot flight- controller-based SuTs, (b) analyzing the performance of each agent, and (c) gathering feedback from sUAS developers.",32a96380ba42c4f046d3c0fe13af61cdbc31d3ac3e2bc72505393d4b9449a8e4,30,accepted_clean_pdf_verified,True,,PDF text verified; source_location upgraded from pdf_text to pdf_page_1.
175,SBV2-ALL92-G175,MARL-001-S1,MARL-001,marl,Multi-Agent Craftax,https://arxiv.org/abs/2511.04904,2511.04904,pdfs/MARL-001__2511.04904.pdf,6,pdf_page_6,experiment_setup,"In addition to MAPPO, we evaluate two other algorithms in the Craftax-Coop environment: Independent PPO (IPPO), where each agent independently learns using PPO without centralized value estimation, and Parallelized Q-Network (PQN) [Gallici et al., 2025], an efficient Q-learning algorithm using parallel environments for scalable training.",0b853e11a541b021d8ee3ca3ebe2cf82adce48afaf3c1edaf1d1b3eccbf6962e,45,accepted_clean_pdf_verified,True,,PDF text verified; source_location upgraded from pdf_text to pdf_page_6.
176,SBV2-ALL92-G176,MARL-001-S2,MARL-001,marl,Multi-Agent Craftax,https://arxiv.org/abs/2511.04904,2511.04904,pdfs/MARL-001__2511.04904.pdf,6,pdf_page_6,metric_result,"Results are also compared with the final reward of PPO-RNN on Craftax-1B [Matthews et al., 2024a].",89e7096b91f90c437251624d3f3d742be63a7f8f64d65421b12cd36f74d96c6b,16,accepted_clean_pdf_verified,True,,PDF text verified; source_location upgraded from pdf_text to pdf_page_6.
178,SBV2-ALL92-G178,MARL-002-S1,MARL-002,marl,Alem: Open-Ended Multi-Agent Coordination in Language Agents,https://arxiv.org/abs/2606.08340,2606.0834,pdfs/MARL-002__2606.08340.pdf,1,pdf_page_1,experiment_setup,"We evaluate 13 modern LLMs zero-shot within homogeneous teams, with trained MARL agents as reference points.",498d8db67b140fddccb8143d033fa06a5b66b951eeb57d45bed246258307f9a6,16,accepted_clean_pdf_verified,True,,PDF text verified; source_location upgraded from pdf_text to pdf_page_1.
179,SBV2-ALL92-G179,MARL-002-S2,MARL-002,marl,Alem: Open-Ended Multi-Agent Coordination in Language Agents,https://arxiv.org/abs/2606.08340,2606.0834,pdfs/MARL-002__2606.08340.pdf,1,pdf_page_1,metric_result,"On the hardest coordination setting, zero-shot Gemini- 3.1-Pro-High approaches MARL agents trained for one billion steps, while GPT- 5.4-High achieves strong base-task reward but much lower coordination reward.",b72bfef6ab513f900d8bd4c977209d9d166a332acfe94456ab2d6c412808f5e4,28,accepted_clean_pdf_verified,True,,PDF text verified; source_location upgraded from pdf_text to pdf_page_1.
180,SBV2-ALL92-G180,MARL-002-S3,MARL-002,marl,Alem: Open-Ended Multi-Agent Coordination in Language Agents,https://arxiv.org/abs/2606.08340,2606.0834,pdfs/MARL-002__2606.08340.pdf,26,pdf_page_26,limitation,"Performance does not saturate: coordination and total reward continue improv- ing late in training, and total reward remains well below the maximum achievable score.",62c4d34280e7d33fd22a8fb2b96d9ee25bd9548b02569b777dc9dafb746ebd5c,24,accepted_clean_pdf_verified,True,,PDF text verified; source_location upgraded from pdf_text to pdf_page_26.
184,SBV2-ALL92-G184,MARL-004-S1,MARL-004,marl,Sequential Industrial Control MARL Benchmark,https://arxiv.org/abs/2510.20408,2510.20408,pdfs/MARL-004__2510.20408.pdf,1,pdf_page_1,experiment_setup,"We evaluate two control strategies: a modular architecture with specialized agents and a monolithic agent governing the full system, while also analyzing the impact of action masking.",9f851b01e7dbb9c3b519962f516b9a8b684d84459fbd216965ac1058332011c4,27,accepted_clean_pdf_verified,True,,PDF text verified; source_location upgraded from pdf_text to pdf_page_1.
185,SBV2-ALL92-G185,MARL-004-S2,MARL-004,marl,Sequential Industrial Control MARL Benchmark,https://arxiv.org/abs/2510.20408,2510.20408,pdfs/MARL-004__2510.20408.pdf,1,pdf_page_1,limitation,"Reinforcement learning (RL) offers a promising approach, but its industrial adoption remains limited due to challenges such as reward design, modularity, and action space management.",65a7a51906e93e8ca51e770edf0378e1f814a6d7482d0c5bd840ed431c38d3ec,25,accepted_clean_pdf_verified,True,,PDF text verified; source_location upgraded from pdf_text to pdf_page_1.
186,SBV2-ALL92-G186,MARL-004-S3,MARL-004,marl,Sequential Industrial Control MARL Benchmark,https://arxiv.org/abs/2510.20408,2510.20408,pdfs/MARL-004__2510.20408.pdf,1,pdf_page_1,deployment_boundary,"Many academic benchmarks differ markedly from industrial control problems, limiting their transferability to real-world applications.",256124f1c5d68cf2531042ac6add8cd28db997a043722762025884a71a2dc2c4,15,accepted_clean_pdf_verified,True,,PDF text verified; source_location upgraded from pdf_text to pdf_page_1.
187,SBV2-ALL92-G187,MARL-005-S1,MARL-005,marl,MEAL: Continual Multi-Agent Reinforcement Learning Benchmark,https://arxiv.org/abs/2506.14990,2506.1499,pdfs/MARL-005__2506.14990.pdf,1,pdf_page_1,experiment_setup,"Third, we evaluate CL methods com- bined with MARL algorithms, showing that experimental conclusions can change as task sequences lengthen, and that retaining cooperative behavior is a distinct challenge that worsens with more agents, harder tasks, and changing partners.",6dc02aeda5ad07c0bf9afeea7cc142838df02d219a9a6b3d7304d3fc7d2c7e78,39,accepted_clean_pdf_verified,True,,PDF text verified; source_location upgraded from pdf_text to pdf_page_1.
190,SBV2-ALL92-G190,MARL-006-S1,MARL-006,marl,Tool-RoCo Multi-Robot Cooperation Benchmark,https://arxiv.org/abs/2511.21510,2511.2151,pdfs/MARL-006__2511.21510.pdf,6,pdf_page_6,experiment_setup,"All four cooperation paradigms are evaluated under this consistent experimental setting, en- abling a systematic comparison of LLM autonomy and col- laborative behavior.",7f862b633fa8c562724909d6bf3cc68828af36b4fd600573c20243d78c61712b,23,accepted_clean_pdf_verified,True,,PDF text verified; source_location upgraded from pdf_text to pdf_page_6.
192,SBV2-ALL92-G192,MARL-006-S3,MARL-006,marl,Tool-RoCo Multi-Robot Cooperation Benchmark,https://arxiv.org/abs/2511.21510,2511.2151,pdfs/MARL-006__2511.21510.pdf,1,pdf_page_1,limitation,"It remains unclear how LLMs can coordinate and self-organize with other agents in long-term tasks, limiting the evaluation of their autonomy.",87a848fd6e61698d1c03e9de61fdfe0e93729e5775474798160269b5dddff0c4,21,accepted_clean_pdf_verified,True,,PDF text verified; source_location upgraded from pdf_text to pdf_page_1.
193,SBV2-ALL92-G193,MARL-007-S1,MARL-007,marl,MPAC Multi-Principal Agent Coordination Protocol,https://arxiv.org/abs/2604.09744,2604.09744,pdfs/MARL-007__2604.09744.pdf,3,pdf_page_3,experiment_setup,"Resolution must either come from mutual agreement between principals, from a pre-agreed arbitration policy, or from escalation to an agreed arbiter—all of which need to be first-class protocol features, not implementation details.",3d6c850c1a3b634480104d49cfe2890e66674338e5afc661cfdf9f9bd47987b4,33,accepted_clean_pdf_verified,True,,PDF text verified; source_location upgraded from pdf_text to pdf_page_3.
194,SBV2-ALL92-G194,MARL-007-S2,MARL-007,marl,MPAC Multi-Principal Agent Coordination Protocol,https://arxiv.org/abs/2604.09744,2604.09744,pdfs/MARL-007__2604.09744.pdf,10,pdf_page_10,limitation,"This check is target-based—it does not rely on the intent’s intent_id field being present—so the freeze cannot be bypassed by omitting optional fields, a bypass we explicitly test against in the adversarial suite.",3da34dd099a0d54a920218e1bc4744d477ff7497cd8805b90b6ee6901cfa55dc,36,accepted_clean_pdf_verified,True,,PDF text verified; source_location upgraded from pdf_text to pdf_page_10.
196,SBV2-ALL92-G196,MARL-008-S1,MARL-008,marl,Historical Interaction-Enhanced Shapley Policy Gradient,https://arxiv.org/abs/2511.07778,2511.07778,pdfs/MARL-008__2511.07778.pdf,1,pdf_page_1,experiment_setup,"We evaluate the proposed algorithm in three widely used continuous-action benchmark environ- ments: Multi-Agent Particle Environment, Multi-Agent Mu- JoCo, and Bi-DexHands.",2719cd03144eac5beb2b9ae6a1487e9eeb2829d6790e51fc8e092955ad171286,21,accepted_clean,True,,complete experimental setup sentence; PDF trace verified on page 1
197,SBV2-ALL92-G197,MARL-008-S2,MARL-008,marl,Historical Interaction-Enhanced Shapley Policy Gradient,https://arxiv.org/abs/2511.07778,2511.07778,pdfs/MARL-008__2511.07778.pdf,1,pdf_page_1,metric_result,"Experimental results demonstrate that HIS outperforms state-of-the-art methods, particularly excelling in strongly coupled, complex collaborative tasks.",c537633b2d3a24179b11bd56cfa617e75398ba4174a7ed8d9d4819936a88844c,16,accepted_clean,True,,complete result sentence; PDF trace verified on page 1
198,SBV2-ALL92-G198,MARL-008-S3,MARL-008,marl,Historical Interaction-Enhanced Shapley Policy Gradient,https://arxiv.org/abs/2511.07778,2511.07778,pdfs/MARL-008__2511.07778.pdf,1,pdf_page_1,limitation,"However, tra- ditional credit assignment schemes in MARL cannot re- liably capture individual contributions in strongly coupled tasks while maintaining training stability, which leads to lim- ited generalization capabilities and hinders algorithm perfor- mance.",5c985f5a9eef031661c98269ce7b0a4a0ee93e8c209c4ba4a0b084c0b97698c4,34,accepted_clean,True,,complete limitation sentence; PDF trace verified on page 1
200,SBV2-ALL92-G200,MARL-009-S2,MARL-009,marl,QLLM Credit Assignment for MARL,https://arxiv.org/abs/2504.12961,2504.12961,pdfs/MARL-009__2504.12961.pdf,1,pdf_page_1,metric_result,Extensive experiments on standard MARL benchmarks demon- strate that QLLM consistently outperforms baselines while requiring fewer learnable parameters.,c5e1219b425e8a72a9bef48bd9ebbbf0617d0a7366c0d63320120400558fdd55,18,accepted_clean,True,,complete result sentence; PDF trace verified on page 1
203,SBV2-ALL92-G203,MARL-010-S2,MARL-010,marl,Extended Benchmarking of MARL Algorithms in Complex Fully Cooperative Tasks,https://arxiv.org/abs/2502.04773,2502.04773,pdfs/MARL-010__2502.04773.pdf,22,pdf_page_22,metric_result,"If the recipe of the soup is in the bonus orders, it receives a weighted reward of the base score value from the recipe multiplied by the additional bonus score of 2.",8932dfbaaba64437629abf741dcc768da54f3efd7a660d9eb57dc7f52cb471ec,32,accepted_clean,True,,complete reward-rule sentence; PDF trace verified on page 22
205,SBV2-ALL92-G205,MARL-011-S1,MARL-011,marl,WFCRL: Multi-Agent Reinforcement Learning Benchmark for Wind Farm Control,https://arxiv.org/abs/2501.13592,2501.13592,pdfs/MARL-011__2501.13592.pdf,4,pdf_page_4,experiment_setup,"To allow for integration with the large ecosystem libraries and RL research practices developed in Python, we implement an interface between the simulator and the Python wind farm environment via MPI communication channels.",53381a2ae041900f71055edbbed954fbeebb75bafa66afaa18496da3d75aff95,33,accepted_clean_experiment_setup,True,,pdf_verified; evidence_text_and_sha256_preserved; ai_preannotated_candidate_material_only
208,SBV2-ALL92-G208,MARL-012-S1,MARL-012,marl,Coopetition-Gym v1,https://arxiv.org/abs/2605.02063,2605.02063,pdfs/MARL-012__2605.02063.pdf,71,pdf_page_71,experiment_setup,"It is the most direct reinforcement- learning analogue of the two-agent experimental setups that behavioral economists have used to study reciprocity since the 1980s, and it occupies the same diagnostic role for the TR-4 tier that TrustDilemma-v0 occupies for the TR-2 tier: an algorithm that cannot solve ReciprocalDilemma-v0 is unlikely to perform well on any TR-4 environment.",0bdc63fe98c260275c32769a96dc60a787a1d389efce2597904419ed67fa42f1,57,accepted_clean_diagnostic_setup,True,,pdf_verified; evidence_text_and_sha256_preserved; ai_preannotated_candidate_material_only
210,SBV2-ALL92-G210,MARL-012-S3,MARL-012,marl,Coopetition-Gym v1,https://arxiv.org/abs/2605.02063,2605.02063,pdfs/MARL-012__2605.02063.pdf,61,pdf_page_61,limitation,Several limitations are deliberate design choices rather than oversights; we mark these as constraints below to distinguish them from gaps that future work could close.,494eab81b0a25a6fb553c6ce38bcf5edbd0ee60960f359528329da837f9e1cb3,25,accepted_clean_limitation_statement,True,,pdf_verified; evidence_text_and_sha256_preserved; ai_preannotated_candidate_material_only
212,SBV2-ALL92-G212,MARL-013-S2,MARL-013,marl,Agent-Attention Multi-Agent Multi-Objective Reinforcement Learning,https://arxiv.org/abs/2511.08926,2511.08926,pdfs/MARL-013__2511.08926.pdf,1,pdf_page_1,metric_result,The results demonstrate that the accessibility to global preferences and our proposed AA-MAMORL significantly improves performance and consistently outperforms state-of-the-art methods.,f283d6b8c0a6ff8cc748667cf844d1eaf60709676e65875aab84cf4dc9b6363d,21,accepted_clean_metric_result,True,,pdf_verified; evidence_text_and_sha256_preserved; ai_preannotated_candidate_material_only
213,SBV2-ALL92-G213,MARL-013-S3,MARL-013,marl,Agent-Attention Multi-Agent Multi-Objective Reinforcement Learning,https://arxiv.org/abs/2511.08926,2511.08926,pdfs/MARL-013__2511.08926.pdf,2,pdf_page_2,limitation,"However, the optimisation in the most general setting: in- dividual utility functions, remains unsolved.",40e786446af92cf58982cea75ac8b5422da8c0beb204fbfcdaa91f0ddd959f26,14,accepted_clean_limitation_statement,True,,pdf_verified; evidence_text_and_sha256_preserved; ai_preannotated_candidate_material_only
214,SBV2-ALL92-G214,POL-001-S1,POL-001,policy_simulation,PolicySimEval,https://arxiv.org/abs/2502.07853,2502.07853,pdfs/POL-001__2502.07853.pdf,1,pdf_page_1,metric_result,"The best- performing system achieves only 24.5% accuracy on compre- hensive scenarios and 15.04% on targeted sub-tasks, highlight- ing the gap between existing tools and the requirements for effective policy evaluation.",55559eac9ba2b8cd843f01ef18550a9dfd49cff4bd04d1d27f5320d72bc998ea,31,accepted_clean_metric_result,True,,pdf_verified; evidence_text_and_sha256_preserved; ai_preannotated_candidate_material_only
215,SBV2-ALL92-G215,POL-001-S2,POL-001,policy_simulation,PolicySimEval,https://arxiv.org/abs/2502.07853,2502.07853,pdfs/POL-001__2502.07853.pdf,1,pdf_page_1,limitation,"Agent-based models (ABMs) have emerged as a promising approach, capturing individual behaviors, group dynamics, and emergent phenomena beyond traditional deter- ministic models. [1] However, their effectiveness in informing policy decisions remains uncertain, posing both academic and practical challenges. [2] ABMs for policy evaluation face significant real-world application issues, such as calibrating agent behaviors, inte- grating heterogeneous datasets, and interpreting results. [3] These tasks demand sophisticated technical capabilities and domain expertise.",a67e03dd0f837f491008ac1b8620caf623e185c13e64cbcade45fa82bfac1455,70,accepted_clean_limitation_statement,True,,pdf_verified; evidence_text_and_sha256_preserved; ai_preannotated_candidate_material_only
224,SBV2-ALL92-G224,POL-004-S2,POL-004,policy_simulation,SocioVerse,https://arxiv.org/abs/2504.10157,2504.10157,pdfs/POL-004__2504.10157.pdf,8,pdf_page_8,metric_result,"Typ- ically, according to the winner-takes-all rule, over 90% state voting results are predicted correctly, which means the simulation achieves a high-precision macroscopic reduction of the real-world election results.",cc0765023496704b793e89d67151cb195f174e975b4f578b1c425c8a02601700,29,accepted_clean_metric_result,True,,pdf_verified; evidence_text_and_sha256_preserved; ai_preannotated_candidate_material_only
226,SBV2-ALL92-G226,POL-005-S1,POL-005,policy_simulation,Impact of Heatwaves on Population Health: LLM-Enhanced ABM,https://arxiv.org/abs/2605.15918,2605.15918,pdfs/POL-005__2605.15918.pdf,2,pdf_page_2,metric_result,Preliminary results show primarily psychosocial impacts distributed inequitably: highly vulnerable agents exhibit steeper declines in perceived safety and social connection than low-vulnerability peers.,f49185d8ef6e25bbd844f91d12eb796fa3407bbb2a063f8a2fbd604622b0e88c,23,accepted_clean_metric_result,True,,pdf_verified; evidence_text_and_sha256_preserved; ai_preannotated_candidate_material_only
230,SBV2-ALL92-G230,POL-006-S2,POL-006,policy_simulation,Too Human to Model: Uncanny Valley of LLMs in Social Simulation,https://arxiv.org/abs/2507.06310,2507.0631,pdfs/POL-006__2507.06310.pdf,8,pdf_page_8,limitation,"Even worse, these modifications probably require (directionless) trials and errors, making systematic experiments almost impossible: causal variables cannot be easily identified or isolated; simulation runs can hardly be generalized from one to another; limited quantifiable parameters can be leveraged to calibrate against target datasets or to conduct sensitivity analysis; both agent behaviours and system dynamics are emergent, while their relationship remains opaque.",788932551cdeedbdb351eac5e6c3845cfd8a7b3ae26dbcf746cc886b8418acd1,62,accepted_clean_limitation_statement,True,,pdf_verified; evidence_text_and_sha256_preserved; ai_preannotated_candidate_material_only
232,SBV2-ALL92-G232,POL-007-S1,POL-007,policy_simulation,SimCity: Multi-Agent Urban Development Simulation,https://arxiv.org/abs/2510.01297,2510.01297,pdfs/POL-007__2510.01297.pdf,9,pdf_page_9,experiment_setup,We implement this shock by altering the skill requirements in production midway through the simulation (denoted as “0 to Event” in Figure 7).,d2a1a4f9866c8e758a966915febe4b157a52f69366fef8c2a86558eeb4439461,23,accepted_clean_experiment_setup,True,,pdf_verified; evidence_text_and_sha256_preserved; ai_preannotated_candidate_material_only
233,SBV2-ALL92-G233,POL-007-S2,POL-007,policy_simulation,SimCity: Multi-Agent Urban Development Simulation,https://arxiv.org/abs/2510.01297,2510.01297,pdfs/POL-007__2510.01297.pdf,2,pdf_page_2,metric_result,"Experimental results show that SimCity successfully exhibits a range of classic macroeconomic phenomena, such as Okun’s law, the Phillips curve, the Beveridge curve, price elasticity of demand, and Engel’s curve (detailed in Section 5).",843b17c7a558735dd7a474df6c921f2513e69f15e45cc8f4b30296f30f5050df,36,accepted_clean_metric_result,True,,pdf_verified; evidence_text_and_sha256_preserved; ai_preannotated_candidate_material_only
234,SBV2-ALL92-G234,POL-007-S3,POL-007,policy_simulation,SimCity: Multi-Agent Urban Development Simulation,https://arxiv.org/abs/2510.01297,2510.01297,pdfs/POL-007__2510.01297.pdf,6,pdf_page_6,limitation,"A key limitation of existing frameworks (Lengnick, 2013; Li et al., 2024) is the lack of a common ba- sis for comparison.",b64e01bee5a220d5302ee0587bc8f4e8131300e3004be391a56756e217e4df89,22,accepted_clean_limitation_statement,True,,pdf_verified; evidence_text_and_sha256_preserved; ai_preannotated_candidate_material_only
239,SBV2-ALL92-G239,POL-009-S2,POL-009,policy_simulation,Domain-driven Metrics for RL in Epidemic Control using ABM,https://arxiv.org/abs/2508.05154,2508.05154,pdfs/POL-009__2508.05154.pdf,1,pdf_page_1,metric_result,Our results show the use of domain-driven rewards in conjunction with traditional and state-of-the-art metrics for a few different simulation scenarios such as the differential availability of masks.,3be0c0e9c80248c6d6f05eb00ab9df7bc1650499f5c47455b08931001fb20a50,28,accepted_clean_pdf_verified,True,,PDF text verified; evidence accepted for AI-preannotated candidate generation only.
244,SBV2-ALL92-G244,POL-011-S1,POL-011,policy_simulation,Agent-based Modeling meets Capability Approach for Homelessness Policy,https://arxiv.org/abs/2503.18389,2503.18389,pdfs/POL-011__2503.18389.pdf,3,pdf_page_3,limitation,"It empha- sizes that our action space is constrained by resources and conversion factors, i.e. there are things we cannot do because we lack the means or the personal, social and environmental circumstances to do them.",b204a67637488068465e96ff83b1483fb737ac4964d7dc6810c51116df23c965,36,accepted_clean_pdf_verified,True,,PDF text verified; evidence accepted for AI-preannotated candidate generation only.
248,SBV2-ALL92-G248,POL-012-S2,POL-012,policy_simulation,TaxAgent: How Large Language Model Designs Fiscal Policy,https://arxiv.org/abs/2506.02838,2506.02838,pdfs/POL-012__2506.02838.pdf,1,pdf_page_1,metric_result,"Benchmarked against Saez Optimal Taxation, U.S. federal income taxes, and free markets, TaxAgent achieves superior equity-efficiency trade- offs.",981a2bf1d3e29412aa57f4bf52f90e7b66b715c68cb9463a5ea41a8836ebcbab,18,accepted_clean_pdf_verified,True,,PDF text verified; evidence accepted for AI-preannotated candidate generation only.
251,SBV2-ALL92-G251,POL-013-S2,POL-013,policy_simulation,LLM Economist,https://arxiv.org/abs/2507.15815,2507.15815,pdfs/POL-013__2507.15815.pdf,8,pdf_page_8,metric_result,"The Saez-regression schedule now outperforms the LLM Economist, reflecting the Stackelberg equilibria at the Saez solution; the LLM schedule remains within the same qualitative shape but sets uniformly lower rates, preserving more labor supply at the expense of redistribution.",19266ecdc6608be2b519e162f01c982a042648b6a95d0cb537016d40aa14610d,39,accepted_clean_pdf_verified,True,,PDF text verified; evidence accepted for AI-preannotated candidate generation only.
252,SBV2-ALL92-G252,POL-013-S3,POL-013,policy_simulation,LLM Economist,https://arxiv.org/abs/2507.15815,2507.15815,pdfs/POL-013__2507.15815.pdf,12,pdf_page_12,limitation,"Finally, our evaluation is limited to 100 agents and U.S. tax brackets; scaling to millions of agents, multi-country settings, or richer actions, such as trade, remains future work.",954c35cb8aaa68aa124bd32f590ffbd5d7a92a0dfd9e564334ebd37e77ea2951,28,accepted_clean_pdf_verified,True,,PDF text verified; evidence accepted for AI-preannotated candidate generation only.
253,SBV2-ALL92-G253,POL-014-S1,POL-014,policy_simulation,LLMs for Large-Scale Urban Complex Mobility Simulation,https://arxiv.org/abs/2505.21880,2505.2188,pdfs/POL-014__2505.21880.pdf,4,pdf_page_4,metric_result,"By referring to the Huff model (Garcia-Gabilondo, Shibuya, and Sekimoto 2024), the final location is selected using the modified version (Equation 1) that considers both distance and attractiveness, where attractiveness is a composite score of popularity and credibility.",c0a123676c27cdb012cadc09cfc73ec190893e809d9dacc35fec7ed5436e8c5f,38,accepted_clean_pdf_verified,True,,PDF text verified; evidence accepted for AI-preannotated candidate generation only.
254,SBV2-ALL92-G254,POL-014-S2,POL-014,policy_simulation,LLMs for Large-Scale Urban Complex Mobility Simulation,https://arxiv.org/abs/2505.21880,2505.2188,pdfs/POL-014__2505.21880.pdf,1,pdf_page_1,limitation,Future work focuses on establishing robust validation frameworks to ensure accuracy and reliability in urban planning applications.,edf92dc7f282ad502e05dbd104d66c61750ec65fb4753e875a9e132415cf1258,17,accepted_clean_pdf_verified,True,,PDF text verified; evidence accepted for AI-preannotated candidate generation only.
255,SBV2-ALL92-G255,POL-014-S3,POL-014,policy_simulation,LLMs for Large-Scale Urban Complex Mobility Simulation,https://arxiv.org/abs/2505.21880,2505.2188,pdfs/POL-014__2505.21880.pdf,1,pdf_page_1,deployment_boundary,"Using real-world data, the simulation models individual behaviors and large-scale mobility patterns in Taipei City.",46b186166e58fc91678a34170478a902e4917ec372a7064322b9996168acbb3d,15,accepted_clean_pdf_verified,True,,PDF text verified; evidence accepted for AI-preannotated candidate generation only.
256,SBV2-ALL92-G256,POL-015-S1,POL-015,policy_simulation,GenWorld Urban Simulation Infrastructure,https://arxiv.org/abs/2606.27650,2606.2765,pdfs/POL-015__2606.27650.pdf,9,pdf_page_9,experiment_setup,"While absolute throughput depends on hardware and implementation details, this benchmark highlights the potential for large speedups relative to online LLM inference in typical settings.",02692370896833905ea5235a991c454c9693dea2252cd8e39f21501ccbe9c3e3,25,accepted_clean_pdf_verified,True,,PDF text verified; evidence accepted for AI-preannotated candidate generation only.
257,SBV2-ALL92-G257,POL-015-S2,POL-015,policy_simulation,GenWorld Urban Simulation Infrastructure,https://arxiv.org/abs/2606.27650,2606.2765,pdfs/POL-015__2606.27650.pdf,4,pdf_page_4,metric_result,"GATSim [26] and MobileCity [43] target larger-scale mobility simula- tion; MobileCity achieves efficiency partly by dis- abling LLM modules at scale, trading behavioral fi- delity for speed.",5f67346c881895567ddb29e0571e9404a224507e878354584768494d31c1250c,27,accepted_clean_pdf_verified,True,,PDF text verified; evidence accepted for AI-preannotated candidate generation only.
259,SBV2-ALL92-G259,POL-016-S1,POL-016,policy_simulation,LLM-Powered Social Digital Twins,https://arxiv.org/abs/2601.06111,2601.06111,pdfs/POL-016__2601.06111.pdf,1,pdf_page_1,metric_result,"On a held out test period, our calibrated digi- tal twin achieves a 20.7% improvement in macro averaged prediction error over gradient boosting baselines across six behavioral categories.",05b4aa7c08fea2a0f9f51e527b6c2c254eb45f7fcf0054fe888495f772a58df3,28,accepted_clean_pdf_verified,True,,PDF text verified; evidence accepted for AI-preannotated candidate generation only.
261,SBV2-ALL92-G261,POL-016-S3,POL-016,policy_simulation,LLM-Powered Social Digital Twins,https://arxiv.org/abs/2601.06111,2601.06111,pdfs/POL-016__2601.06111.pdf,1,pdf_page_1,deployment_boundary,"A calibration layer maps aggregated agent responses to observable population level metrics, enabling validation against real world data and deployment for counterfactual policy analysis.",f49d16ae1de110b32ad1970f322ed0fc26e46f7d35aff152897ae3dde3263680,24,accepted_clean_pdf_verified,True,,PDF text verified; evidence accepted for AI-preannotated candidate generation only.
262,SBV2-ALL92-G262,POL-017-S1,POL-017,policy_simulation,MobiVerse Urban Mobility Simulation,https://arxiv.org/abs/2506.21784,2506.21784,pdfs/POL-017__2506.21784.pdf,3,pdf_page_3,experiment_setup,"In this work, we implemented a lightweight domain- specific activity chain generator utilizing the model from [8], though the framework allows users to customize and implement alternative generation methods.",e115f3b83b025253687caca6c31b8e8107a279d50a5dad4b89f1483415ca793b,29,accepted_clean_pdf_verified,True,,PDF text verified; evidence accepted for AI-preannotated candidate generation only.
264,SBV2-ALL92-G264,POL-017-S3,POL-017,policy_simulation,MobiVerse Urban Mobility Simulation,https://arxiv.org/abs/2506.21784,2506.21784,pdfs/POL-017__2506.21784.pdf,2,pdf_page_2,limitation,"Despite their capabilities, existing plat- forms have significant limitations—most cannot effectively integrate with advanced mobility modeling algorithms like machine learning or LLMs, and typically lack mechanisms for dynamic behavior adaptation and true behaviorial intel- ligence in response to environmental feedback.",f096fcec9bbb097fedd7e01867d576489c9a1112f683bde5278cedec38946cd2,41,accepted_clean_pdf_verified,True,,PDF text verified; evidence accepted for AI-preannotated candidate generation only.
266,SBV2-ALL92-G266,POL-018-S2,POL-018,policy_simulation,Epi-LLM Framework,https://arxiv.org/abs/2606.02867,2606.02867,pdfs/POL-018__2606.02867.pdf,14,pdf_page_14,metric_result,"Each answer was mapped from a six-point Likert- scale response (a–f) to an ordinal score of 1–6, and responses from both surveys were pooled before averaging, so that each agent’s belief state reflected all available self-report data.",1f00132620a1db761a6777c17cd45f1551c924d52b21a75c36a9d212c4e36ee6,40,accepted_clean_pdf_verified,True,,PDF text verified; evidence accepted for AI-preannotated candidate generation only.
271,SBV2-ALL92-G271,POL-020-S1,POL-020,policy_simulation,Tradable Credit Schemes via Agent-Based Simulation,https://arxiv.org/abs/2502.11822,2502.11822,pdfs/POL-020__2502.11822.pdf,20,pdf_page_20,metric_result,"It is found that the incon- sistency becomes stable around 0.15 after day 15, implying that the day-to-day evolution process achieves stationarity and an acceptable degree of consistency.",8068ed882eea1fd05799cfefdc913dd1dd53b6b85ee36fb1f3a1af1ab142eccf,28,accepted_clean_pdf_verified,True,,PDF text verified; evidence accepted for AI-preannotated candidate generation only.
272,SBV2-ALL92-G272,POL-020-S2,POL-020,policy_simulation,Tradable Credit Schemes via Agent-Based Simulation,https://arxiv.org/abs/2502.11822,2502.11822,pdfs/POL-020__2502.11822.pdf,4,pdf_page_4,limitation,"Once an account has reached this state (referred to as ‘full wallet’ hereafter), the balance does not change in the absence of selling or traveling, as every time a new credit is acquired, the oldest credit expires.",6b213c6592515a7c5c00834f1e58935d8b6dafd9c1e7eae38b33c744298011fe,37,accepted_clean_pdf_verified,True,,PDF text verified; evidence accepted for AI-preannotated candidate generation only.
276,SBV2-ALL92-G276,POL-021-S3,POL-021,policy_simulation,PolicySim Social Simulation Sandbox,https://arxiv.org/abs/2603.19649,2603.19649,pdfs/POL-021__2603.19649.pdf,2,pdf_page_2,limitation,"However, this paradigm suffers from several limitations: (i) evaluation is reactive rather than proactive; (ii) feedback loops are often delayed and therefore cannot keep pace with rapid plat- form dynamics; and (iii) directly testing in real-world environments may introduce uncontrollable and potentially irreversible harmful consequences.",57e2463f0e732b50f428fe08f1eada2742d0c4150f5198cfac6b04b52c1ea6cf,45,accepted_clean_pdf_verified,True,,PDF text verified; evidence accepted for AI-preannotated candidate generation only.
