file_path,file_name,extension,size,last_write_time,matched_keyword,likely_asset_type
D:\ocn_backup_20260704_1606\candidate_588_content_hits.csv,candidate_588_content_hits.csv,.csv,1811455,2026-06-30T20:11:38.702356,candidate,candidate_pool
D:\ocn_backup_20260704_1606\candidate_588_content_hits.rg.txt,candidate_588_content_hits.rg.txt,.txt,3515710,2026-06-30T20:10:10.999666,candidate,candidate_pool
D:\ocn_backup_20260704_1606\candidate_588_csv_schema_audit.csv,candidate_588_csv_schema_audit.csv,.csv,28367,2026-06-30T20:13:11.565129,candidate,candidate_pool
D:\ocn_backup_20260704_1606\candidate_588_related_file_inventory.csv,candidate_588_related_file_inventory.csv,.csv,5931,2026-06-30T20:03:33.920324,candidate,candidate_pool
D:\ocn_backup_20260704_1606\candidate_588_related_file_inventory_full_D.csv,candidate_588_related_file_inventory_full_D.csv,.csv,6846,2026-06-30T20:04:08.180117,candidate,candidate_pool
D:\ocn_backup_20260704_1606\candidate_588_related_file_inventory_userdirs.csv,candidate_588_related_file_inventory_userdirs.csv,.csv,5520,2026-06-30T20:04:28.441677,candidate,candidate_pool
D:\ocn_backup_20260704_1606\candidate_588_search_report.md,candidate_588_search_report.md,.md,9231,2026-06-30T20:13:11.587322,candidate,candidate_pool
D:\ocn_backup_20260704_1606\cese\eval\thresholding.py,thresholding.py,.py,1722,2026-06-23T18:06:28.241796,threshold,threshold
D:\ocn_backup_20260704_1606\cese\models\shared_threshold_calibrator.py,shared_threshold_calibrator.py,.py,18173,2026-06-24T12:58:37.274694,threshold,threshold
D:\ocn_backup_20260704_1606\data\adversarial_splits\adversarial_splits_manifest.json,adversarial_splits_manifest.json,.json,2319,2026-06-27T09:25:04.234892,manifest,threshold
D:\ocn_backup_20260704_1606\data\adversarial_splits_simclaim_human_pilot\adversarial_splits_manifest.json,adversarial_splits_manifest.json,.json,2287,2026-06-28T14:32:47.125780,manifest,threshold
D:\ocn_backup_20260704_1606\data\evidence_modes\simclaim_human_pilot_evidence_modes_manifest.json,simclaim_human_pilot_evidence_modes_manifest.json,.json,871,2026-06-28T14:38:13.065877,manifest,threshold
D:\ocn_backup_20260704_1606\data\hard_diagnostic\raw_sources\annotation_candidates.csv,annotation_candidates.csv,.csv,51965,2026-06-29T21:54:26.263441,candidate,candidate_pool
D:\ocn_backup_20260704_1606\data\paper_full_audit\candidate_588_file_inventory.csv,candidate_588_file_inventory.csv,.csv,4008,2026-06-30T19:55:38.323001,candidate,candidate_pool
D:\ocn_backup_20260704_1606\data\paper_full_audit\candidate_588_sample_preview.csv,candidate_588_sample_preview.csv,.csv,15379,2026-06-30T19:55:38.332957,candidate,candidate_pool
D:\ocn_backup_20260704_1606\data\paper_full_audit\candidate_588_schema_audit.csv,candidate_588_schema_audit.csv,.csv,4481,2026-06-30T19:55:38.331850,candidate,candidate_pool
D:\ocn_backup_20260704_1606\data\paper_full_audit\paper_full_readiness_gate.json,paper_full_readiness_gate.json,.json,1637,2026-06-30T19:57:27.835024,readiness_gate,threshold
D:\ocn_backup_20260704_1606\data\simclaim_all92_candidate_pool_v1\all92_claim_candidates_merged.csv,all92_claim_candidates_merged.csv,.csv,581553,2026-07-02T12:09:49.862300,candidate,candidate_pool
D:\ocn_backup_20260704_1606\data\simclaim_all92_candidate_pool_v1\paper_full_group_selection_v1\paper_full_core_candidates_group_complete_v1.csv,paper_full_core_candidates_group_complete_v1.csv,.csv,122194,2026-07-02T12:28:05.764853,candidate,candidate_pool
D:\ocn_backup_20260704_1606\data\simclaim_all92_candidate_pool_v1\paper_full_selection_v1\paper_full_core_candidates_v1.csv,paper_full_core_candidates_v1.csv,.csv,125931,2026-07-02T12:22:39.998525,candidate,candidate_pool
D:\ocn_backup_20260704_1606\data\simclaim_all92_candidate_pool_v1\reports\all92_candidate_pool_issues.csv,all92_candidate_pool_issues.csv,.csv,1103,2026-07-02T12:09:49.964900,candidate,candidate_pool
D:\ocn_backup_20260704_1606\data\simclaim_all92_candidate_pool_v1\reports\all92_candidate_pool_qc_report.md,all92_candidate_pool_qc_report.md,.md,2391,2026-07-02T12:09:49.966400,candidate,candidate_pool
D:\ocn_backup_20260704_1606\data\simclaim_all92_candidate_pool_v1\reports\all92_candidate_pool_qc_summary.json,all92_candidate_pool_qc_summary.json,.json,1727,2026-07-02T12:09:49.965898,candidate,candidate_pool
D:\ocn_backup_20260704_1606\data\simclaim_all92_candidate_pool_v1\reports\tfidf_leakage_audit_v1\paper_full_candidate_screen_v1.csv,paper_full_candidate_screen_v1.csv,.csv,84973,2026-07-02T12:17:03.897171,candidate,candidate_pool
D:\ocn_backup_20260704_1606\data\simclaim_all92_candidate_pool_v1\strict_silver_max_v1\strict_silver_max_candidates_v1.csv,strict_silver_max_candidates_v1.csv,.csv,448144,2026-07-02T12:40:34.878117,candidate,candidate_pool
D:\ocn_backup_20260704_1606\data\simclaim_detemplate_v1_150\candidates\simclaim_detemplate_candidates_150.csv,simclaim_detemplate_candidates_150.csv,.csv,624854,2026-07-01T03:51:47.305201,candidate,candidate_pool
D:\ocn_backup_20260704_1606\data\simclaim_eval_v1\round1_seed\manifests\round1_seed_manifest.json,round1_seed_manifest.json,.json,2804,2026-06-30T01:01:47.942209,manifest,threshold
D:\ocn_backup_20260704_1606\data\simclaim_eval_v1\round1_seed\raw\manifest.json,manifest.json,.json,1216,2026-06-29T16:53:08,manifest,threshold
D:\ocn_backup_20260704_1606\data\simclaim_eval_v1\round2_candidates\candidate_targets_round2.md,candidate_targets_round2.md,.md,8902,2026-06-30T12:17:08.876781,candidate,candidate_pool
D:\ocn_backup_20260704_1606\data\simclaim_eval_v1\round2_candidates\batch01\candidates\round2_batch01_candidates.csv,round2_batch01_candidates.csv,.csv,82903,2026-06-30T12:56:28.090348,candidate,candidate_pool
D:\ocn_backup_20260704_1606\data\simclaim_eval_v1\round2_candidates\batch01\gpt_review\gpt_reviewed_all_candidates.csv,gpt_reviewed_all_candidates.csv,.csv,97504,2026-06-30T14:34:44.345662,candidate,candidate_pool
D:\ocn_backup_20260704_1606\data\simclaim_eval_v1\round2_candidates\batch01\gpt_review\manifest.json,manifest.json,.json,1428,2026-06-30T14:34:44.352498,manifest,threshold
D:\ocn_backup_20260704_1606\data\simclaim_eval_v1\round2_candidates\batch01\gpt_review\priority_recut_candidates.csv,priority_recut_candidates.csv,.csv,20672,2026-06-30T14:34:44.347899,candidate,candidate_pool
D:\ocn_backup_20260704_1606\data\simclaim_eval_v1\round2_candidates\batch01\manifests\round2_batch01_manifest.json,round2_batch01_manifest.json,.json,3140,2026-06-30T12:56:28.110203,manifest,threshold
D:\ocn_backup_20260704_1606\data\simclaim_eval_v1\round2_candidates\batch01\raw_sources\ceur_ws_paper42_cyber_exercises.txt,ceur_ws_paper42_cyber_exercises.txt,.txt,4823,2026-06-30T12:47:12.139924,r4,prediction
D:\ocn_backup_20260704_1606\data\simclaim_eval_v1\round2_candidates\batch01_annotation_ready_v1\manifests\round2_batch01_annotation_ready_v1_manifest.json,round2_batch01_annotation_ready_v1_manifest.json,.json,2727,2026-06-30T17:23:01.157739,manifest,threshold
D:\ocn_backup_20260704_1606\data\simclaim_eval_v1\round2_candidates\batch01_repair\manifests\round2_batch01_repair_manifest.json,round2_batch01_repair_manifest.json,.json,2543,2026-06-30T14:36:59.129038,manifest,threshold
D:\ocn_backup_20260704_1606\data\simclaim_eval_v1\round2_candidates\batch01_repair\recut_queue\round2_batch01_priority_recut_candidates.csv,round2_batch01_priority_recut_candidates.csv,.csv,20672,2026-06-30T14:34:44.347899,candidate,candidate_pool
D:\ocn_backup_20260704_1606\data\simclaim_eval_v1\round2_candidates\batch01_repair_recut\candidates\round2_batch01_recut_candidates.csv,round2_batch01_recut_candidates.csv,.csv,16907,2026-06-30T14:48:34.127214,candidate,candidate_pool
D:\ocn_backup_20260704_1606\data\simclaim_eval_v1\round2_candidates\batch01_repair_recut\gpt_review\manifest.json,manifest.json,.json,745,2026-06-30T17:20:29.446367,manifest,threshold
D:\ocn_backup_20260704_1606\data\simclaim_eval_v1\round2_candidates\batch01_repair_recut\gpt_review\recut_gpt_reviewed_all_candidates.csv,recut_gpt_reviewed_all_candidates.csv,.csv,20416,2026-06-30T17:20:29.439771,candidate,candidate_pool
D:\ocn_backup_20260704_1606\data\simclaim_eval_v1\round2_candidates\batch01_repair_recut\manifests\round2_batch01_recut_manifest.json,round2_batch01_recut_manifest.json,.json,1927,2026-06-30T14:48:34.129223,manifest,threshold
D:\ocn_backup_20260704_1606\data\simclaim_hardpair_v4b_pilot\candidates\simclaim_hardpair_v4b_pilot_candidates.csv,simclaim_hardpair_v4b_pilot_candidates.csv,.csv,1198138,2026-07-01T21:40:42.307577,candidate,candidate_pool
D:\ocn_backup_20260704_1606\data\simclaim_hardpair_v4_pilot\candidates\simclaim_hardpair_v4_pilot_candidates.csv,simclaim_hardpair_v4_pilot_candidates.csv,.csv,1270731,2026-07-01T14:23:59.187674,candidate,candidate_pool
D:\ocn_backup_20260704_1606\data\simclaim_hardpair_v4_pilot_cue_ablation\candidates\simclaim_hardpair_v4_pilot_cue_ablation_candidates.csv,simclaim_hardpair_v4_pilot_cue_ablation_candidates.csv,.csv,699512,2026-07-01T14:49:24.914525,candidate,candidate_pool
D:\ocn_backup_20260704_1606\data\simclaim_mvp_expansion_v1\candidates\simclaim_mvp_expansion_candidates_143.csv,simclaim_mvp_expansion_candidates_143.csv,.csv,377655,2026-06-30T23:53:10.636164,candidate,candidate_pool
D:\ocn_backup_20260704_1606\data\simclaim_mvp_expansion_v1_150\candidates\simclaim_mvp_expansion_candidates_150.csv,simclaim_mvp_expansion_candidates_150.csv,.csv,500779,2026-07-01T00:12:24.118153,candidate,candidate_pool
D:\ocn_backup_20260704_1606\data\simclaim_mvp_pilot\candidates\simclaim_mvp_pilot_candidates_50.csv,simclaim_mvp_pilot_candidates_50.csv,.csv,86187,2026-06-30T23:44:58.586984,candidate,candidate_pool
D:\ocn_backup_20260704_1606\data\simclaim_release_candidate_v1\candidates\candidate_master_seed_64.csv,candidate_master_seed_64.csv,.csv,198819,2026-07-01T21:30:07.728673,candidate,candidate_pool
D:\ocn_backup_20260704_1606\data\simclaim_release_candidate_v1_19_gate_pass\audit\paper_full_candidate_admission_gate.csv,paper_full_candidate_admission_gate.csv,.csv,4496,2026-07-01T23:18:49.378431,candidate,candidate_pool
D:\ocn_backup_20260704_1606\data\simclaim_release_candidate_v1_19_gate_pass\audit\paper_full_candidate_admission_gate.json,paper_full_candidate_admission_gate.json,.json,2160,2026-07-01T23:18:49.386082,candidate,candidate_pool
D:\ocn_backup_20260704_1606\data\simclaim_release_candidate_v1_19_gate_pass\candidates\candidate_master_checkpoint_76.csv,candidate_master_checkpoint_76.csv,.csv,229098,2026-07-01T21:46:48.544258,candidate,candidate_pool
D:\ocn_backup_20260704_1606\data\simclaim_release_candidate_v1_19_gate_pass\candidates\candidate_master_leakage_filtered_64.csv,candidate_master_leakage_filtered_64.csv,.csv,195662,2026-07-01T23:18:49.380453,candidate,candidate_pool
D:\ocn_backup_20260704_1606\data\simclaim_release_candidate_v1_19_gate_pass\reports\paper_full_candidate_admission_gate.md,paper_full_candidate_admission_gate.md,.md,1514,2026-07-01T23:18:49.386589,candidate,candidate_pool
D:\ocn_backup_20260704_1606\data\simclaim_v4_evidence_necessity\v4_raw_candidate_pool.csv,v4_raw_candidate_pool.csv,.csv,1280761,2026-07-02T19:02:28.994047,candidate,candidate_pool
D:\ocn_backup_20260704_1606\data\simclaim_v4_evidence_necessity\v4_strict_silver_candidates.csv,v4_strict_silver_candidates.csv,.csv,287812,2026-07-02T19:02:29.019342,candidate,candidate_pool
D:\ocn_backup_20260704_1606\data\simclaim_v4_nonpaper_prototype\v4_mixed_source_prototype_candidates.csv,v4_mixed_source_prototype_candidates.csv,.csv,385746,2026-07-02T19:40:52.417960,candidate,candidate_pool
D:\ocn_backup_20260704_1606\data\simclaim_v4_nonpaper_prototype\v4_nonpaper_prototype_candidates.csv,v4_nonpaper_prototype_candidates.csv,.csv,110267,2026-07-02T19:40:52.368378,candidate,candidate_pool
D:\ocn_backup_20260704_1606\data\simclaim_v4_protocol_freeze\v4_data_protocol_frozen.json,v4_data_protocol_frozen.json,.json,4703,2026-07-02T20:07:19.265070,frozen,threshold
D:\ocn_backup_20260704_1606\data\simclaim_v4_protocol_freeze\v4_nonpaper_failed_prototype_manifest.csv,v4_nonpaper_failed_prototype_manifest.csv,.csv,1605,2026-07-02T20:07:19.263565,manifest,threshold
D:\ocn_backup_20260704_1606\data\simclaim_v4_protocol_freeze\chatgpt_batches\batch_manifest.csv,batch_manifest.csv,.csv,2191,2026-07-02T20:07:19.452132,manifest,threshold
D:\ocn_backup_20260704_1606\data\simclaim_v4_protocol_freeze\chatgpt_batches_clean\batch_manifest_clean.csv,batch_manifest_clean.csv,.csv,2446,2026-07-02T20:11:36.324084,manifest,threshold
D:\ocn_backup_20260704_1606\data\simclaim_v4_scaffold\generation_queue\v4_generation_queue_600_candidate_slots.csv,v4_generation_queue_600_candidate_slots.csv,.csv,880807,2026-07-01T13:54:57.447029,candidate,candidate_pool
D:\ocn_backup_20260704_1606\data\simclaim_v4_source_genre_pilot\v4_nonpaper_source_candidate_list.csv,v4_nonpaper_source_candidate_list.csv,.csv,7266,2026-07-02T19:11:53.499089,candidate,candidate_pool
D:\ocn_backup_20260704_1606\data\source_bank\source_bank_v2_raw_128_candidates.csv,source_bank_v2_raw_128_candidates.csv,.csv,15249,2026-07-02T00:11:50.926647,candidate,candidate_pool
D:\ocn_backup_20260704_1606\data\source_bank\source_bank_v2_unique_url_94_candidates.csv,source_bank_v2_unique_url_94_candidates.csv,.csv,11031,2026-07-02T00:11:50.927673,candidate,candidate_pool
D:\ocn_backup_20260704_1606\data\source_bank_v2\audit\download_manifest.csv,download_manifest.csv,.csv,8650,2026-07-02T00:29:16.760104,manifest,threshold
D:\ocn_backup_20260704_1606\data\source_bank_v2\audit\evidence_candidate_spans_secondary_quality_audit.csv,evidence_candidate_spans_secondary_quality_audit.csv,.csv,126146,2026-07-02T00:34:07.982886,candidate,candidate_pool
D:\ocn_backup_20260704_1606\data\source_bank_v2\evidence_candidates\evidence_candidate_spans.csv,evidence_candidate_spans.csv,.csv,112693,2026-07-02T00:29:17.391640,candidate,candidate_pool
D:\ocn_backup_20260704_1606\docs\cese_ocn_mixed_framework_v1\mixed_framework_analysis_report.md,mixed_framework_analysis_report.md,.md,4608,2026-07-03T10:50:46.398959,mixed_framework,routing_logic
D:\ocn_backup_20260704_1606\docs\paper_full_readiness\candidate_588_search_report.md,candidate_588_search_report.md,.md,1853,2026-06-30T19:57:27.836038,candidate,candidate_pool
D:\ocn_backup_20260704_1606\docs\simclaim_v4_protocol_freeze\v4_data_protocol_frozen.md,v4_data_protocol_frozen.md,.md,4780,2026-07-02T20:07:19.265603,frozen,threshold
D:\ocn_backup_20260704_1606\experiments\cese_ocn_hcm_v1\hcm_features.csv,hcm_features.csv,.csv,145060,2026-07-02T20:26:33.561556,hcm_features,hcm_features
D:\ocn_backup_20260704_1606\experiments\cese_ocn_hcm_v1\hcm_readiness_gate.json,hcm_readiness_gate.json,.json,1179,2026-07-02T20:26:47.594382,readiness_gate,hcm_features
D:\ocn_backup_20260704_1606\experiments\cese_ocn_lite_v3\v3_seed11_predictions.csv,v3_seed11_predictions.csv,.csv,5624,2026-07-02T18:35:06.235093,prediction|predictions|v3_seed11_predictions,prediction
D:\ocn_backup_20260704_1606\experiments\cese_ocn_mixed_framework_v1\mixed_framework_readiness_gate.json,mixed_framework_readiness_gate.json,.json,1988,2026-07-03T10:50:46.397954,mixed_framework|readiness_gate,threshold
D:\ocn_backup_20260704_1606\experiments\cese_ocn_structured_v1\structured_algorithm_readiness_gate.json,structured_algorithm_readiness_gate.json,.json,1340,2026-07-02T21:53:37.499030,readiness_gate,threshold
D:\ocn_backup_20260704_1606\experiments\cese_ocn_structured_v1\structured_split_manifest.csv,structured_split_manifest.csv,.csv,339,2026-07-02T21:53:33.202841,manifest,threshold
D:\ocn_backup_20260704_1606\experiments\escalation_focused_pilot_v1\escalation_pilot_readiness_gate.json,escalation_pilot_readiness_gate.json,.json,1515,2026-07-02T12:55:34.516069,readiness_gate,threshold
D:\ocn_backup_20260704_1606\experiments\escalation_focused_pilot_v1_revised\escalation_pilot_readiness_gate_revised.json,escalation_pilot_readiness_gate_revised.json,.json,3717,2026-07-02T13:03:38.786634,readiness_gate,threshold
D:\ocn_backup_20260704_1606\experiments\evidence_aware_frozen_encoder_v1\frozen_encoder_by_seed.csv,frozen_encoder_by_seed.csv,.csv,41030,2026-07-02T13:20:14.040172,frozen,threshold
D:\ocn_backup_20260704_1606\experiments\evidence_aware_frozen_encoder_v1\frozen_encoder_decision_gate.json,frozen_encoder_decision_gate.json,.json,1588,2026-07-02T13:30:17.214046,frozen,threshold
D:\ocn_backup_20260704_1606\experiments\evidence_aware_frozen_encoder_v1\frozen_encoder_delta_by_seed.csv,frozen_encoder_delta_by_seed.csv,.csv,28113,2026-07-02T13:20:14.042197,frozen,threshold
D:\ocn_backup_20260704_1606\experiments\evidence_aware_frozen_encoder_v1\frozen_encoder_report.md,frozen_encoder_report.md,.md,3814,2026-07-02T13:20:14.087730,frozen,threshold
D:\ocn_backup_20260704_1606\experiments\evidence_aware_frozen_encoder_v1\frozen_encoder_summary.json,frozen_encoder_summary.json,.json,404763,2026-07-02T13:20:14.086704,frozen,threshold
D:\ocn_backup_20260704_1606\experiments\evidence_aware_frozen_encoder_v1\seed11_predictions_contradiction_binary.csv,seed11_predictions_contradiction_binary.csv,.csv,10221,2026-07-02T13:20:14.046805,prediction|predictions,prediction
D:\ocn_backup_20260704_1606\experiments\evidence_aware_frozen_encoder_v1\seed11_predictions_escalation_binary.csv,seed11_predictions_escalation_binary.csv,.csv,8410,2026-07-02T13:20:14.044796,prediction|predictions,prediction
D:\ocn_backup_20260704_1606\experiments\evidence_aware_frozen_encoder_v1\seed11_predictions_flat4.csv,seed11_predictions_flat4.csv,.csv,12226,2026-07-02T13:20:14.046303,prediction|predictions,prediction
D:\ocn_backup_20260704_1606\experiments\evidence_conditioned_update_v1\evidence_update_readiness_gate.json,evidence_update_readiness_gate.json,.json,2989,2026-07-03T10:25:17.196639,readiness_gate,threshold
D:\ocn_backup_20260704_1606\experiments\external_gold_scifact_vitaminc_v1\external_gold_readiness_gate.json,external_gold_readiness_gate.json,.json,2153,2026-07-04T03:18:51.573361,readiness_gate,threshold
D:\ocn_backup_20260704_1606\experiments\formal_baseline_v1_150\inputs\all_candidates_150.csv,all_candidates_150.csv,.csv,500779,2026-07-01T01:35:59.525283,candidate,candidate_pool
D:\ocn_backup_20260704_1606\experiments\formal_baseline_v1_150\predictions\predictions_all.csv,predictions_all.csv,.csv,1394364,2026-07-01T01:36:07.176344,prediction|predictions,prediction
D:\ocn_backup_20260704_1606\experiments\gpt_structured_judge_probe_v1\gpt_vs_r4_deepseek_comparison.csv,gpt_vs_r4_deepseek_comparison.csv,.csv,13613,2026-07-04T10:04:21.337238,r4,prediction
D:\ocn_backup_20260704_1606\experiments\llm_baseline_v1_150\inputs\request_manifest.csv,request_manifest.csv,.csv,2156,2026-07-01T02:12:27.901910,manifest,threshold
D:\ocn_backup_20260704_1606\experiments\llm_baseline_v1_150\predictions\llm_predictions.csv,llm_predictions.csv,.csv,319374,2026-07-01T03:27:27.829413,prediction|predictions,prediction
D:\ocn_backup_20260704_1606\experiments\llm_judge_baseline_v1\llm_vs_r4_100.csv,llm_vs_r4_100.csv,.csv,35581,2026-07-04T02:08:55.480902,r4,prediction
D:\ocn_backup_20260704_1606\experiments\llm_judge_baseline_v1\llm_vs_r4_200.csv,llm_vs_r4_200.csv,.csv,72812,2026-07-04T02:16:03.715376,r4,prediction
D:\ocn_backup_20260704_1606\experiments\mixed_framework_new_algorithm_sweep_v1\new_algorithm_readiness_gate.json,new_algorithm_readiness_gate.json,.json,3065,2026-07-03T12:52:15.287699,readiness_gate,threshold
D:\ocn_backup_20260704_1606\experiments\mixed_framework_new_algorithm_sweep_v1\new_algorithm_vs_r4_table.csv,new_algorithm_vs_r4_table.csv,.csv,2038,2026-07-03T12:52:15.286198,r4,prediction
D:\ocn_backup_20260704_1606\experiments\mixed_framework_router_optimization_v2\mixed_framework_router_readiness_gate.json,mixed_framework_router_readiness_gate.json,.json,3355,2026-07-03T12:10:33.329201,mixed_framework|router|readiness_gate,threshold
D:\ocn_backup_20260704_1606\experiments\mixed_framework_router_optimization_v2\router_threshold_search_by_seed.csv,router_threshold_search_by_seed.csv,.csv,2033,2026-07-03T12:04:55.995992,router|threshold,threshold
D:\ocn_backup_20260704_1606\experiments\mixed_framework_router_optimization_v2\router_threshold_summary.json,router_threshold_summary.json,.json,439,2026-07-03T12:04:55.997996,router|threshold,threshold
D:\ocn_backup_20260704_1606\experiments\mixed_framework_router_optimization_v2\routing_variant_results_by_seed.csv,routing_variant_results_by_seed.csv,.csv,15543,2026-07-03T12:09:52.732256,routing,routing_logic
D:\ocn_backup_20260704_1606\experiments\mixed_framework_router_optimization_v2\routing_variant_summary.json,routing_variant_summary.json,.json,3944,2026-07-03T12:09:52.738362,routing,routing_logic
D:\ocn_backup_20260704_1606\experiments\mixed_framework_router_optimization_v2\strong_action_error_cases_after_router.csv,strong_action_error_cases_after_router.csv,.csv,24533,2026-07-03T12:10:33.309823,router,routing_logic
D:\ocn_backup_20260704_1606\experiments\mixed_framework_v2_frozen_r4_baseline\frozen_r4_ablation_summary.json,frozen_r4_ablation_summary.json,.json,2833,2026-07-03T12:09:53.936418,r4|frozen,threshold
D:\ocn_backup_20260704_1606\experiments\mixed_framework_v2_frozen_r4_baseline\frozen_r4_manifest.json,frozen_r4_manifest.json,.json,1669,2026-07-03T12:23:42.852560,r4|frozen|manifest,threshold
D:\ocn_backup_20260704_1606\experiments\mixed_framework_v2_frozen_r4_baseline\frozen_r4_method_selection.csv,frozen_r4_method_selection.csv,.csv,948,2026-07-03T12:10:33.319108,r4|frozen,threshold
D:\ocn_backup_20260704_1606\experiments\mixed_framework_v2_frozen_r4_baseline\frozen_r4_metrics_summary.json,frozen_r4_metrics_summary.json,.json,623,2026-07-03T12:23:31.596477,r4|frozen,threshold
D:\ocn_backup_20260704_1606\experiments\mixed_framework_v2_frozen_r4_baseline\frozen_r4_readiness_gate.json,frozen_r4_readiness_gate.json,.json,3355,2026-07-03T12:10:33.329201,r4|frozen|readiness_gate,threshold
D:\ocn_backup_20260704_1606\experiments\mixed_framework_v2_frozen_r4_baseline\frozen_r4_routing_results_by_seed.csv,frozen_r4_routing_results_by_seed.csv,.csv,15543,2026-07-03T12:09:52.732256,routing|r4|frozen,threshold
D:\ocn_backup_20260704_1606\experiments\paper_ready_mixed_framework_v2\table_3_router_vs_baseline.csv,table_3_router_vs_baseline.csv,.csv,458,2026-07-03T14:55:28.828734,router,routing_logic
D:\ocn_backup_20260704_1606\experiments\paper_ready_mixed_framework_v2\table_3_router_vs_baseline.md,table_3_router_vs_baseline.md,.md,1169,2026-07-03T14:55:28.828734,router,routing_logic
D:\ocn_backup_20260704_1606\experiments\paper_v2_domain_holdout_v1\domain_holdout_predictions.csv,domain_holdout_predictions.csv,.csv,146553,2026-07-02T17:38:46.099130,prediction|predictions,prediction
D:\ocn_backup_20260704_1606\experiments\silver_core_group_complete_v1\predictions_test.csv,predictions_test.csv,.csv,5321,2026-07-02T12:32:50.860310,prediction|predictions,prediction
D:\ocn_backup_20260704_1606\experiments\simclaim_detemplate_v1_150_llm_small_eval\predictions\llm_small_eval_predictions.csv,llm_small_eval_predictions.csv,.csv,103344,2026-07-01T04:06:03.085285,prediction|predictions,prediction
D:\ocn_backup_20260704_1606\experiments\simclaim_detemplate_v1_150_small_baselines\predictions\small_data_baseline_predictions.csv,small_data_baseline_predictions.csv,.csv,146427,2026-07-01T03:53:45.916647,prediction|predictions,prediction
D:\ocn_backup_20260704_1606\experiments\simclaim_hardpair_v2b_llm_small_eval\predictions\hardpair_v2b_llm_small_eval_predictions.csv,hardpair_v2b_llm_small_eval_predictions.csv,.csv,206432,2026-07-01T05:14:14.090525,prediction|predictions,prediction
D:\ocn_backup_20260704_1606\experiments\simclaim_hardpair_v2b_small_baselines\predictions\hardpair_v2b_small_data_baseline_predictions.csv,hardpair_v2b_small_data_baseline_predictions.csv,.csv,262837,2026-07-01T04:47:38.343205,prediction|predictions,prediction
D:\ocn_backup_20260704_1606\experiments\simclaim_hardpair_v2_small_baselines\predictions\hardpair_v2_small_data_baseline_predictions.csv,hardpair_v2_small_data_baseline_predictions.csv,.csv,263182,2026-07-01T04:36:19.453400,prediction|predictions,prediction
D:\ocn_backup_20260704_1606\experiments\simclaim_hardpair_v3b_small_baselines\predictions\hardpair_v3b_small_data_baseline_predictions.csv,hardpair_v3b_small_data_baseline_predictions.csv,.csv,263049,2026-07-01T13:20:49.495219,prediction|predictions,prediction
D:\ocn_backup_20260704_1606\experiments\simclaim_hardpair_v3_llm_small_eval\predictions\hardpair_v3_llm_small_eval_predictions.csv,hardpair_v3_llm_small_eval_predictions.csv,.csv,203807,2026-07-01T12:04:36.592566,prediction|predictions,prediction
D:\ocn_backup_20260704_1606\experiments\simclaim_hardpair_v3_small_baselines\predictions\hardpair_v3_small_data_baseline_predictions.csv,hardpair_v3_small_data_baseline_predictions.csv,.csv,263059,2026-07-01T11:38:24.355342,prediction|predictions,prediction
D:\ocn_backup_20260704_1606\experiments\simclaim_hardpair_v3_targeted_balanced_resplit_seed50_small_baselines\predictions\balanced_resplit_seed50_predictions.csv,balanced_resplit_seed50_predictions.csv,.csv,263328,2026-07-01T13:45:37.625388,prediction|predictions,prediction
D:\ocn_backup_20260704_1606\experiments\simclaim_hardpair_v3_targeted_small_baselines\predictions\v3_targeted_small_data_baseline_predictions.csv,v3_targeted_small_data_baseline_predictions.csv,.csv,262826,2026-07-01T13:39:03.238445,prediction|predictions,prediction
D:\ocn_backup_20260704_1606\experiments\simclaim_hardpair_v4b_no_llm_style_control_baselines\predictions\style_control_predictions.csv,style_control_predictions.csv,.csv,655810,2026-07-01T15:33:28.977091,prediction|predictions,prediction
D:\ocn_backup_20260704_1606\experiments\simclaim_hardpair_v4b_pilot_small_baselines\predictions\v4b_pilot_small_data_baseline_predictions.csv,v4b_pilot_small_data_baseline_predictions.csv,.csv,135694,2026-07-01T16:54:08.811183,prediction|predictions,prediction
D:\ocn_backup_20260704_1606\experiments\simclaim_hardpair_v4b_pilot_strict_pass_baselines\predictions\v4b_pilot_strict_pass_baseline_predictions.csv,v4b_pilot_strict_pass_baseline_predictions.csv,.csv,147922,2026-07-01T21:41:26.286716,prediction|predictions,prediction
D:\ocn_backup_20260704_1606\experiments\simclaim_hardpair_v4_pilot_cue_ablation_small_baselines\predictions\cue_ablation_predictions.csv,cue_ablation_predictions.csv,.csv,262678,2026-07-01T14:49:25.353154,prediction|predictions,prediction
D:\ocn_backup_20260704_1606\experiments\simclaim_hardpair_v4_pilot_small_baselines\predictions\v4_pilot_small_data_baseline_predictions.csv,v4_pilot_small_data_baseline_predictions.csv,.csv,262440,2026-07-01T14:25:19.233449,prediction|predictions,prediction
D:\ocn_backup_20260704_1606\experiments\simclaim_release_candidate_v1_19_leakage_filtered_small_baselines\predictions\leakage_filtered_small_baseline_predictions.csv,leakage_filtered_small_baseline_predictions.csv,.csv,135513,2026-07-01T23:21:45.618678,prediction|predictions,prediction
D:\ocn_backup_20260704_1606\experiments\simclaim_v4_evidence_necessity\v4_readiness_gate.json,v4_readiness_gate.json,.json,1407,2026-07-02T19:04:42.355089,readiness_gate,threshold
D:\ocn_backup_20260704_1606\experiments\simclaim_v4_nonpaper_prototype\v4_nonpaper_prototype_readiness_gate.json,v4_nonpaper_prototype_readiness_gate.json,.json,3953,2026-07-02T19:48:11.056692,readiness_gate,threshold
D:\ocn_backup_20260704_1606\experiments\simclaim_v4_protocol_freeze\v4_protocol_freeze_readiness_gate.json,v4_protocol_freeze_readiness_gate.json,.json,2014,2026-07-02T20:07:19.460786,readiness_gate,threshold
D:\ocn_backup_20260704_1606\experiments\simclaim_v4_source_genre_pilot\v4_source_genre_readiness_gate.json,v4_source_genre_readiness_gate.json,.json,3729,2026-07-02T19:13:51.987439,readiness_gate,threshold
D:\ocn_backup_20260704_1606\experiments\strict_silver_max_v1\predictions_test.csv,predictions_test.csv,.csv,11889,2026-07-02T12:40:34.965005,prediction|predictions,prediction
D:\ocn_backup_20260704_1606\experiments\strict_silver_max_v1_binary_decomposition\binary_predictions_test.csv,binary_predictions_test.csv,.csv,20707,2026-07-02T12:45:50.929876,prediction|predictions,prediction
D:\ocn_backup_20260704_1606\experiments\strong_action_broad_sweep_v2\mixed_framework_v2_readiness_gate.json,mixed_framework_v2_readiness_gate.json,.json,1311,2026-07-03T11:51:31.212181,mixed_framework|readiness_gate,threshold
D:\ocn_backup_20260704_1606\experiments\strong_action_broad_sweep_v2\mixed_framework_v2_results.csv,mixed_framework_v2_results.csv,.csv,2480,2026-07-03T11:51:30.898407,mixed_framework,routing_logic
D:\ocn_backup_20260704_1606\experiments\v3_external_gold_llm_plan_v1\external_gold_llm_readiness_gate.json,external_gold_llm_readiness_gate.json,.json,2710,2026-07-04T01:44:35.370740,readiness_gate,threshold
D:\ocn_backup_20260704_1606\experiments\v3_r4_strong_baselines_holdout_v1\r4_vs_strong_baselines.csv,r4_vs_strong_baselines.csv,.csv,950,2026-07-04T01:24:52.166940,r4,prediction
D:\ocn_backup_20260704_1606\experiments\v3_r4_strong_baselines_holdout_v1\validation_readiness_gate.json,validation_readiness_gate.json,.json,2844,2026-07-04T01:33:05.880850,readiness_gate,threshold
D:\ocn_backup_20260704_1606\gold_pilot_preparation_v1\gold_pilot_candidate_50.csv,gold_pilot_candidate_50.csv,.csv,34735,2026-07-04T15:57:35.050869,candidate,candidate_pool
D:\ocn_backup_20260704_1606\handoff_from_chatgpt\batch01_ad_core\claim_candidates_batch.csv,claim_candidates_batch.csv,.csv,22374,2026-07-01T17:28:52,candidate,candidate_pool
D:\ocn_backup_20260704_1606\handoff_from_chatgpt\batch02_ad_hidrive\claim_candidates_batch.csv,claim_candidates_batch.csv,.csv,3993,2026-07-01T17:49:56,candidate,candidate_pool
D:\ocn_backup_20260704_1606\handoff_from_chatgpt\batch03_ad_dsbench_drivee2e\claim_candidates_batch.csv,claim_candidates_batch.csv,.csv,7233,2026-07-01T18:12:12,candidate,candidate_pool
D:\ocn_backup_20260704_1606\handoff_from_chatgpt\batch04_cyber_defense\claim_candidates_batch.csv,claim_candidates_batch.csv,.csv,30197,2026-07-01T18:20:50,candidate,candidate_pool
D:\ocn_backup_20260704_1606\handoff_from_chatgpt\batch05_robotics_digital_twin\claim_candidates_batch.csv,claim_candidates_batch.csv,.csv,22109,2026-07-01T18:26:16,candidate,candidate_pool
D:\ocn_backup_20260704_1606\handoff_from_chatgpt_all92\all92_batch01_autonomous_driving_ad-001_to_ad-004\claim_candidates_batch.csv,claim_candidates_batch.csv,.csv,30711,2026-07-01T19:23:12,candidate,candidate_pool
D:\ocn_backup_20260704_1606\handoff_from_chatgpt_all92\all92_batch02_autonomous_driving_ad-005_to_ad-006\claim_candidates_batch.csv,claim_candidates_batch.csv,.csv,14425,2026-07-02T03:32:24.646410,candidate,candidate_pool
D:\ocn_backup_20260704_1606\handoff_from_chatgpt_all92\all92_batch03_autonomous_driving_ad-007_to_ad-009\claim_candidates_batch.csv,claim_candidates_batch.csv,.csv,18317,2026-07-02T03:47:04.824547,candidate,candidate_pool
D:\ocn_backup_20260704_1606\handoff_from_chatgpt_all92\all92_batch04_autonomous_driving_ad-010_to_ad-014\claim_candidates_batch.csv,claim_candidates_batch.csv,.csv,41921,2026-07-02T03:58:41.249410,candidate,candidate_pool
D:\ocn_backup_20260704_1606\handoff_from_chatgpt_all92\all92_batch05_autonomous_driving_ad-015_to_ad-017\claim_candidates_batch.csv,claim_candidates_batch.csv,.csv,29975,2026-07-02T10:01:23.411246,candidate,candidate_pool
D:\ocn_backup_20260704_1606\handoff_from_chatgpt_all92\all92_batch06_autonomous_driving_ad-018_to_ad-023\claim_candidates_batch.csv,claim_candidates_batch.csv,.csv,43958,2026-07-02T10:09:07.344346,candidate,candidate_pool
D:\ocn_backup_20260704_1606\handoff_from_chatgpt_all92\all92_batch07_autonomous_driving_ad-024_to_ad-024\claim_candidates_batch.csv,claim_candidates_batch.csv,.csv,8785,2026-07-02T10:24:25.309609,candidate,candidate_pool
D:\ocn_backup_20260704_1606\handoff_from_chatgpt_all92\all92_batch08_cyber_defense_cyb-001_to_cyb-008\claim_candidates_batch.csv,claim_candidates_batch.csv,.csv,54854,2026-07-02T10:31:42.751546,candidate,candidate_pool
D:\ocn_backup_20260704_1606\handoff_from_chatgpt_all92\all92_batch09_cyber_defense_cyb-009_to_cyb-012\claim_candidates_batch.csv,claim_candidates_batch.csv,.csv,30723,2026-07-02T10:36:00.242284,candidate,candidate_pool
D:\ocn_backup_20260704_1606\handoff_from_chatgpt_all92\all92_batch10_digital_twin_dt-001_to_dt-006\claim_candidates_batch.csv,claim_candidates_batch.csv,.csv,33776,2026-07-02T10:41:22.741834,candidate,candidate_pool
D:\ocn_backup_20260704_1606\handoff_from_chatgpt_all92\all92_batch11_digital_twin_dt-007_to_dt-014\claim_candidates_batch.csv,claim_candidates_batch.csv,.csv,32747,2026-07-02T10:47:43.322471,candidate,candidate_pool
D:\ocn_backup_20260704_1606\handoff_from_chatgpt_all92\all92_batch12_digital_twin_dt-015_to_dt-019\claim_candidates_batch.csv,claim_candidates_batch.csv,.csv,29045,2026-07-02T10:54:05.917622,candidate,candidate_pool
D:\ocn_backup_20260704_1606\handoff_from_chatgpt_all92\all92_batch13_robotics_marl-014_to_marl-018\claim_candidates_batch.csv,claim_candidates_batch.csv,.csv,34803,2026-07-02T11:00:28.439975,candidate,candidate_pool
D:\ocn_backup_20260704_1606\handoff_from_chatgpt_all92\all92_batch14_robotics_marl-019_to_marl-019\claim_candidates_batch.csv,claim_candidates_batch.csv,.csv,4341,2026-07-02T11:03:45.934055,candidate,candidate_pool
D:\ocn_backup_20260704_1606\handoff_from_chatgpt_all92\all92_batch15_marl_marl-001_to_marl-007\claim_candidates_batch.csv,claim_candidates_batch.csv,.csv,48760,2026-07-02T11:10:08.544032,candidate,candidate_pool
D:\ocn_backup_20260704_1606\handoff_from_chatgpt_all92\all92_batch16_marl_marl-008_to_marl-010\claim_candidates_batch.csv,claim_candidates_batch.csv,.csv,18252,2026-07-02T11:15:31.208024,candidate,candidate_pool
D:\ocn_backup_20260704_1606\handoff_from_chatgpt_all92\all92_batch17_marl_marl-011_to_marl-013\claim_candidates_batch.csv,claim_candidates_batch.csv,.csv,18728,2026-07-02T11:19:51.006801,candidate,candidate_pool
D:\ocn_backup_20260704_1606\handoff_from_chatgpt_all92\all92_batch18_policy_simulation_pol-001_to_pol-008\claim_candidates_batch.csv,claim_candidates_batch.csv,.csv,31699,2026-07-02T11:25:13.747631,candidate,candidate_pool
D:\ocn_backup_20260704_1606\handoff_from_chatgpt_all92\all92_batch19_policy_simulation_pol-009_to_pol-016\claim_candidates_batch.csv,claim_candidates_batch.csv,.csv,41901,2026-07-02T11:31:36.507354,candidate,candidate_pool
D:\ocn_backup_20260704_1606\handoff_from_chatgpt_all92\all92_batch20_policy_simulation_pol-017_to_pol-021\claim_candidates_batch.csv,claim_candidates_batch.csv,.csv,22398,2026-07-02T11:36:59.234501,candidate,candidate_pool
D:\ocn_backup_20260704_1606\handoff_to_chatgpt\source_bank_v2_all92_pipeline_upload_ready\batches\all92_batch01_autonomous_driving_ad-001_to_ad-004\manifest.csv,manifest.csv,.csv,956,2026-07-02T02:01:20.028831,manifest,threshold
D:\ocn_backup_20260704_1606\handoff_to_chatgpt\source_bank_v2_all92_pipeline_upload_ready\batches\all92_batch01_autonomous_driving_ad-001_to_ad-004\templates\template_claim_candidates_batch.csv,template_claim_candidates_batch.csv,.csv,458,2026-07-02T00:46:28.909385,candidate,candidate_pool
D:\ocn_backup_20260704_1606\handoff_to_chatgpt\source_bank_v2_all92_pipeline_upload_ready\batches\all92_batch02_autonomous_driving_ad-005_to_ad-006\manifest.csv,manifest.csv,.csv,427,2026-07-02T02:01:21.110686,manifest,threshold
D:\ocn_backup_20260704_1606\handoff_to_chatgpt\source_bank_v2_all92_pipeline_upload_ready\batches\all92_batch02_autonomous_driving_ad-005_to_ad-006\templates\template_claim_candidates_batch.csv,template_claim_candidates_batch.csv,.csv,458,2026-07-02T00:46:28.909385,candidate,candidate_pool
D:\ocn_backup_20260704_1606\handoff_to_chatgpt\source_bank_v2_all92_pipeline_upload_ready\batches\all92_batch03_autonomous_driving_ad-007_to_ad-009\manifest.csv,manifest.csv,.csv,573,2026-07-02T02:01:22.348222,manifest,threshold
D:\ocn_backup_20260704_1606\handoff_to_chatgpt\source_bank_v2_all92_pipeline_upload_ready\batches\all92_batch03_autonomous_driving_ad-007_to_ad-009\templates\template_claim_candidates_batch.csv,template_claim_candidates_batch.csv,.csv,458,2026-07-02T00:46:28.909385,candidate,candidate_pool
D:\ocn_backup_20260704_1606\handoff_to_chatgpt\source_bank_v2_all92_pipeline_upload_ready\batches\all92_batch04_autonomous_driving_ad-010_to_ad-014\manifest.csv,manifest.csv,.csv,653,2026-07-02T02:01:23.061501,manifest,threshold
D:\ocn_backup_20260704_1606\handoff_to_chatgpt\source_bank_v2_all92_pipeline_upload_ready\batches\all92_batch04_autonomous_driving_ad-010_to_ad-014\templates\template_claim_candidates_batch.csv,template_claim_candidates_batch.csv,.csv,458,2026-07-02T00:46:28.909385,candidate,candidate_pool
D:\ocn_backup_20260704_1606\handoff_to_chatgpt\source_bank_v2_all92_pipeline_upload_ready\batches\all92_batch05_autonomous_driving_ad-015_to_ad-017\manifest.csv,manifest.csv,.csv,626,2026-07-02T02:01:24.123291,manifest,threshold
D:\ocn_backup_20260704_1606\handoff_to_chatgpt\source_bank_v2_all92_pipeline_upload_ready\batches\all92_batch05_autonomous_driving_ad-015_to_ad-017\templates\template_claim_candidates_batch.csv,template_claim_candidates_batch.csv,.csv,458,2026-07-02T00:46:28.909385,candidate,candidate_pool
D:\ocn_backup_20260704_1606\handoff_to_chatgpt\source_bank_v2_all92_pipeline_upload_ready\batches\all92_batch06_autonomous_driving_ad-018_to_ad-023\manifest.csv,manifest.csv,.csv,1075,2026-07-02T02:01:25.266395,manifest,threshold
D:\ocn_backup_20260704_1606\handoff_to_chatgpt\source_bank_v2_all92_pipeline_upload_ready\batches\all92_batch06_autonomous_driving_ad-018_to_ad-023\templates\template_claim_candidates_batch.csv,template_claim_candidates_batch.csv,.csv,458,2026-07-02T00:46:28.909385,candidate,candidate_pool
D:\ocn_backup_20260704_1606\handoff_to_chatgpt\source_bank_v2_all92_pipeline_upload_ready\batches\all92_batch07_autonomous_driving_ad-024_to_ad-024\manifest.csv,manifest.csv,.csv,316,2026-07-02T02:01:26.260182,manifest,threshold
D:\ocn_backup_20260704_1606\handoff_to_chatgpt\source_bank_v2_all92_pipeline_upload_ready\batches\all92_batch07_autonomous_driving_ad-024_to_ad-024\templates\template_claim_candidates_batch.csv,template_claim_candidates_batch.csv,.csv,458,2026-07-02T00:46:28.909385,candidate,candidate_pool
D:\ocn_backup_20260704_1606\handoff_to_chatgpt\source_bank_v2_all92_pipeline_upload_ready\batches\all92_batch08_cyber_defense_cyb-001_to_cyb-008\manifest.csv,manifest.csv,.csv,1393,2026-07-02T02:01:27.346201,manifest,threshold
D:\ocn_backup_20260704_1606\handoff_to_chatgpt\source_bank_v2_all92_pipeline_upload_ready\batches\all92_batch08_cyber_defense_cyb-001_to_cyb-008\templates\template_claim_candidates_batch.csv,template_claim_candidates_batch.csv,.csv,458,2026-07-02T00:46:28.909385,candidate,candidate_pool
D:\ocn_backup_20260704_1606\handoff_to_chatgpt\source_bank_v2_all92_pipeline_upload_ready\batches\all92_batch09_cyber_defense_cyb-009_to_cyb-012\manifest.csv,manifest.csv,.csv,845,2026-07-02T02:01:28.321029,manifest,threshold
D:\ocn_backup_20260704_1606\handoff_to_chatgpt\source_bank_v2_all92_pipeline_upload_ready\batches\all92_batch09_cyber_defense_cyb-009_to_cyb-012\templates\template_claim_candidates_batch.csv,template_claim_candidates_batch.csv,.csv,458,2026-07-02T00:46:28.909385,candidate,candidate_pool
D:\ocn_backup_20260704_1606\handoff_to_chatgpt\source_bank_v2_all92_pipeline_upload_ready\batches\all92_batch10_digital_twin_dt-001_to_dt-006\manifest.csv,manifest.csv,.csv,1098,2026-07-02T02:01:28.470229,manifest,threshold
D:\ocn_backup_20260704_1606\handoff_to_chatgpt\source_bank_v2_all92_pipeline_upload_ready\batches\all92_batch10_digital_twin_dt-001_to_dt-006\templates\template_claim_candidates_batch.csv,template_claim_candidates_batch.csv,.csv,458,2026-07-02T00:46:28.909385,candidate,candidate_pool
D:\ocn_backup_20260704_1606\handoff_to_chatgpt\source_bank_v2_all92_pipeline_upload_ready\batches\all92_batch11_digital_twin_dt-007_to_dt-014\manifest.csv,manifest.csv,.csv,1253,2026-07-02T02:01:29.598579,manifest,threshold
D:\ocn_backup_20260704_1606\handoff_to_chatgpt\source_bank_v2_all92_pipeline_upload_ready\batches\all92_batch11_digital_twin_dt-007_to_dt-014\templates\template_claim_candidates_batch.csv,template_claim_candidates_batch.csv,.csv,458,2026-07-02T00:46:28.909385,candidate,candidate_pool
D:\ocn_backup_20260704_1606\handoff_to_chatgpt\source_bank_v2_all92_pipeline_upload_ready\batches\all92_batch12_digital_twin_dt-015_to_dt-019\manifest.csv,manifest.csv,.csv,957,2026-07-02T02:01:30.418552,manifest,threshold
D:\ocn_backup_20260704_1606\handoff_to_chatgpt\source_bank_v2_all92_pipeline_upload_ready\batches\all92_batch12_digital_twin_dt-015_to_dt-019\templates\template_claim_candidates_batch.csv,template_claim_candidates_batch.csv,.csv,458,2026-07-02T00:46:28.909385,candidate,candidate_pool
D:\ocn_backup_20260704_1606\handoff_to_chatgpt\source_bank_v2_all92_pipeline_upload_ready\batches\all92_batch13_robotics_marl-014_to_marl-018\manifest.csv,manifest.csv,.csv,927,2026-07-02T02:01:31.323292,manifest,threshold
D:\ocn_backup_20260704_1606\handoff_to_chatgpt\source_bank_v2_all92_pipeline_upload_ready\batches\all92_batch13_robotics_marl-014_to_marl-018\templates\template_claim_candidates_batch.csv,template_claim_candidates_batch.csv,.csv,458,2026-07-02T00:46:28.909385,candidate,candidate_pool
D:\ocn_backup_20260704_1606\handoff_to_chatgpt\source_bank_v2_all92_pipeline_upload_ready\batches\all92_batch14_robotics_marl-019_to_marl-019\manifest.csv,manifest.csv,.csv,290,2026-07-02T02:01:32.467263,manifest,threshold
D:\ocn_backup_20260704_1606\handoff_to_chatgpt\source_bank_v2_all92_pipeline_upload_ready\batches\all92_batch14_robotics_marl-019_to_marl-019\templates\template_claim_candidates_batch.csv,template_claim_candidates_batch.csv,.csv,458,2026-07-02T00:46:28.909385,candidate,candidate_pool
D:\ocn_backup_20260704_1606\handoff_to_chatgpt\source_bank_v2_all92_pipeline_upload_ready\batches\all92_batch15_marl_marl-001_to_marl-007\manifest.csv,manifest.csv,.csv,1194,2026-07-02T02:01:32.608871,manifest,threshold
D:\ocn_backup_20260704_1606\handoff_to_chatgpt\source_bank_v2_all92_pipeline_upload_ready\batches\all92_batch15_marl_marl-001_to_marl-007\templates\template_claim_candidates_batch.csv,template_claim_candidates_batch.csv,.csv,458,2026-07-02T00:46:28.909385,candidate,candidate_pool
D:\ocn_backup_20260704_1606\handoff_to_chatgpt\source_bank_v2_all92_pipeline_upload_ready\batches\all92_batch16_marl_marl-008_to_marl-010\manifest.csv,manifest.csv,.csv,609,2026-07-02T02:01:33.734955,manifest,threshold
D:\ocn_backup_20260704_1606\handoff_to_chatgpt\source_bank_v2_all92_pipeline_upload_ready\batches\all92_batch16_marl_marl-008_to_marl-010\templates\template_claim_candidates_batch.csv,template_claim_candidates_batch.csv,.csv,458,2026-07-02T00:46:28.909385,candidate,candidate_pool
D:\ocn_backup_20260704_1606\handoff_to_chatgpt\source_bank_v2_all92_pipeline_upload_ready\batches\all92_batch17_marl_marl-011_to_marl-013\manifest.csv,manifest.csv,.csv,603,2026-07-02T02:01:34.782631,manifest,threshold
D:\ocn_backup_20260704_1606\handoff_to_chatgpt\source_bank_v2_all92_pipeline_upload_ready\batches\all92_batch17_marl_marl-011_to_marl-013\templates\template_claim_candidates_batch.csv,template_claim_candidates_batch.csv,.csv,458,2026-07-02T00:46:28.909385,candidate,candidate_pool
D:\ocn_backup_20260704_1606\handoff_to_chatgpt\source_bank_v2_all92_pipeline_upload_ready\batches\all92_batch18_policy_simulation_pol-001_to_pol-008\manifest.csv,manifest.csv,.csv,1386,2026-07-02T02:01:35.044792,manifest,threshold
D:\ocn_backup_20260704_1606\handoff_to_chatgpt\source_bank_v2_all92_pipeline_upload_ready\batches\all92_batch18_policy_simulation_pol-001_to_pol-008\templates\template_claim_candidates_batch.csv,template_claim_candidates_batch.csv,.csv,458,2026-07-02T00:46:28.909385,candidate,candidate_pool
D:\ocn_backup_20260704_1606\handoff_to_chatgpt\source_bank_v2_all92_pipeline_upload_ready\batches\all92_batch19_policy_simulation_pol-009_to_pol-016\manifest.csv,manifest.csv,.csv,1440,2026-07-02T02:01:35.396053,manifest,threshold
D:\ocn_backup_20260704_1606\handoff_to_chatgpt\source_bank_v2_all92_pipeline_upload_ready\batches\all92_batch19_policy_simulation_pol-009_to_pol-016\templates\template_claim_candidates_batch.csv,template_claim_candidates_batch.csv,.csv,458,2026-07-02T00:46:28.909385,candidate,candidate_pool
D:\ocn_backup_20260704_1606\handoff_to_chatgpt\source_bank_v2_all92_pipeline_upload_ready\batches\all92_batch20_policy_simulation_pol-017_to_pol-021\manifest.csv,manifest.csv,.csv,917,2026-07-02T02:01:36.327344,manifest,threshold
D:\ocn_backup_20260704_1606\handoff_to_chatgpt\source_bank_v2_all92_pipeline_upload_ready\batches\all92_batch20_policy_simulation_pol-017_to_pol-021\templates\template_claim_candidates_batch.csv,template_claim_candidates_batch.csv,.csv,458,2026-07-02T00:46:28.909385,candidate,candidate_pool
D:\ocn_backup_20260704_1606\handoff_to_chatgpt\source_bank_v2_all92_pipeline_upload_ready\templates\template_claim_candidates_batch.csv,template_claim_candidates_batch.csv,.csv,458,2026-07-02T00:46:28.909385,candidate,candidate_pool
D:\ocn_backup_20260704_1606\handoff_to_chatgpt\source_bank_v2_claim_generation_upload_ready\batches\batch01_ad_core\manifest.csv,manifest.csv,.csv,927,2026-07-02T00:50:14.005507,manifest,threshold
D:\ocn_backup_20260704_1606\handoff_to_chatgpt\source_bank_v2_claim_generation_upload_ready\batches\batch01_ad_core\templates\template_claim_candidates_batch.csv,template_claim_candidates_batch.csv,.csv,458,2026-07-02T00:46:28.909385,candidate,candidate_pool
D:\ocn_backup_20260704_1606\handoff_to_chatgpt\source_bank_v2_claim_generation_upload_ready\batches\batch02_ad_hidrive\manifest.csv,manifest.csv,.csv,245,2026-07-02T00:50:14.735975,manifest,threshold
D:\ocn_backup_20260704_1606\handoff_to_chatgpt\source_bank_v2_claim_generation_upload_ready\batches\batch02_ad_hidrive\templates\template_claim_candidates_batch.csv,template_claim_candidates_batch.csv,.csv,458,2026-07-02T00:46:28.909385,candidate,candidate_pool
D:\ocn_backup_20260704_1606\handoff_to_chatgpt\source_bank_v2_claim_generation_upload_ready\batches\batch03_ad_dsbench_drivee2e\manifest.csv,manifest.csv,.csv,406,2026-07-02T00:50:15.520620,manifest,threshold
D:\ocn_backup_20260704_1606\handoff_to_chatgpt\source_bank_v2_claim_generation_upload_ready\batches\batch03_ad_dsbench_drivee2e\templates\template_claim_candidates_batch.csv,template_claim_candidates_batch.csv,.csv,458,2026-07-02T00:46:28.909385,candidate,candidate_pool
D:\ocn_backup_20260704_1606\handoff_to_chatgpt\source_bank_v2_claim_generation_upload_ready\batches\batch04_cyber_defense\manifest.csv,manifest.csv,.csv,1335,2026-07-02T00:50:16.642399,manifest,threshold
D:\ocn_backup_20260704_1606\handoff_to_chatgpt\source_bank_v2_claim_generation_upload_ready\batches\batch04_cyber_defense\templates\template_claim_candidates_batch.csv,template_claim_candidates_batch.csv,.csv,458,2026-07-02T00:46:28.909385,candidate,candidate_pool
D:\ocn_backup_20260704_1606\handoff_to_chatgpt\source_bank_v2_claim_generation_upload_ready\batches\batch05_robotics_digital_twin\manifest.csv,manifest.csv,.csv,1133,2026-07-02T00:50:17.651851,manifest,threshold
D:\ocn_backup_20260704_1606\handoff_to_chatgpt\source_bank_v2_claim_generation_upload_ready\batches\batch05_robotics_digital_twin\templates\template_claim_candidates_batch.csv,template_claim_candidates_batch.csv,.csv,458,2026-07-02T00:46:28.909385,candidate,candidate_pool
D:\ocn_backup_20260704_1606\handoff_to_chatgpt\source_bank_v2_claim_generation_upload_ready\templates\template_claim_candidates_batch.csv,template_claim_candidates_batch.csv,.csv,458,2026-07-02T00:46:28.909385,candidate,candidate_pool
D:\ocn_backup_20260704_1606\handoff_to_chatgpt\source_bank_v2_claim_generation_v1\batches\batch01_autonomous_driving_core\manifest.csv,manifest.csv,.csv,927,2026-07-02T00:46:28.949929,manifest,threshold
D:\ocn_backup_20260704_1606\handoff_to_chatgpt\source_bank_v2_claim_generation_v1\batches\batch01_autonomous_driving_core\templates\template_claim_candidates_batch.csv,template_claim_candidates_batch.csv,.csv,458,2026-07-02T00:46:28.909385,candidate,candidate_pool
D:\ocn_backup_20260704_1606\handoff_to_chatgpt\source_bank_v2_claim_generation_v1\batches\batch02_autonomous_driving_large\manifest.csv,manifest.csv,.csv,574,2026-07-02T00:46:29.706853,manifest,threshold
D:\ocn_backup_20260704_1606\handoff_to_chatgpt\source_bank_v2_claim_generation_v1\batches\batch02_autonomous_driving_large\templates\template_claim_candidates_batch.csv,template_claim_candidates_batch.csv,.csv,458,2026-07-02T00:46:28.909385,candidate,candidate_pool
D:\ocn_backup_20260704_1606\handoff_to_chatgpt\source_bank_v2_claim_generation_v1\batches\batch03_cyber_defense\manifest.csv,manifest.csv,.csv,1335,2026-07-02T00:46:31.615687,manifest,threshold
D:\ocn_backup_20260704_1606\handoff_to_chatgpt\source_bank_v2_claim_generation_v1\batches\batch03_cyber_defense\templates\template_claim_candidates_batch.csv,template_claim_candidates_batch.csv,.csv,458,2026-07-02T00:46:28.909385,candidate,candidate_pool
D:\ocn_backup_20260704_1606\handoff_to_chatgpt\source_bank_v2_claim_generation_v1\batches\batch04_robotics_digital_twin\manifest.csv,manifest.csv,.csv,1133,2026-07-02T00:46:32.599613,manifest,threshold
D:\ocn_backup_20260704_1606\handoff_to_chatgpt\source_bank_v2_claim_generation_v1\batches\batch04_robotics_digital_twin\templates\template_claim_candidates_batch.csv,template_claim_candidates_batch.csv,.csv,458,2026-07-02T00:46:28.909385,candidate,candidate_pool
D:\ocn_backup_20260704_1606\handoff_to_chatgpt\source_bank_v2_claim_generation_v1\templates\template_claim_candidates_batch.csv,template_claim_candidates_batch.csv,.csv,458,2026-07-02T00:46:28.909385,candidate,candidate_pool
D:\ocn_backup_20260704_1606\paper_assets\human_pilot\export_manifest.json,export_manifest.json,.json,1472,2026-06-28T00:47:49.193515,manifest,threshold
D:\ocn_backup_20260704_1606\paper_assets\simclaim_human_pilot\paper_table_manifest.json,paper_table_manifest.json,.json,3511,2026-06-29T22:52:58.222310,manifest,threshold
D:\ocn_backup_20260704_1606\paper_assets\simclaim_human_pilot\table_export_manifest.json,table_export_manifest.json,.json,4168,2026-06-28T21:24:12.276768,manifest,threshold
D:\ocn_backup_20260704_1606\paper_assets\simclaim_human_pilot\bootstrap_ci\bootstrap_ci_manifest.json,bootstrap_ci_manifest.json,.json,8064,2026-06-30T19:14:50.909780,manifest,threshold
D:\ocn_backup_20260704_1606\paper_assets\simclaim_human_pilot\closeout_import\bootstrap_ci\bootstrap_ci_manifest.json,bootstrap_ci_manifest.json,.json,8064,2026-06-30T19:14:50.909780,manifest,threshold
D:\ocn_backup_20260704_1606\paper_assets\simclaim_human_pilot\closeout_import\final_package\paper_table_manifest.json,paper_table_manifest.json,.json,34851,2026-06-30T19:14:50.936501,manifest,threshold
D:\ocn_backup_20260704_1606\paper_assets\simclaim_human_pilot\closeout_import\final_package\paper_table_manifest.md,paper_table_manifest.md,.md,20944,2026-06-30T19:14:50.937003,manifest,threshold
D:\ocn_backup_20260704_1606\paper_assets\simclaim_human_pilot\closeout_import\final_package\audits\bootstrap_ci_manifest.json,bootstrap_ci_manifest.json,.json,8064,2026-06-30T19:14:50.915410,manifest,threshold
D:\ocn_backup_20260704_1606\paper_assets\simclaim_human_pilot\closeout_import\final_package\diagnostic_only\threshold_stability_backup.csv,threshold_stability_backup.csv,.csv,1513,2026-06-30T19:14:50.922874,threshold,threshold
D:\ocn_backup_20260704_1606\paper_assets\simclaim_human_pilot\closeout_import\final_package\manifests\final_package_manifest.json,final_package_manifest.json,.json,30784,2026-06-30T19:14:50.935425,manifest,threshold
D:\ocn_backup_20260704_1606\paper_assets\simclaim_human_pilot\closeout_import\final_package\manifests\paper_table_manifest.json,paper_table_manifest.json,.json,28156,2026-06-30T19:14:50.934920,manifest,threshold
D:\ocn_backup_20260704_1606\paper_assets\simclaim_human_pilot\closeout_import\final_package\manifests\paper_table_manifest.md,paper_table_manifest.md,.md,20944,2026-06-30T19:14:50.935425,manifest,threshold
D:\ocn_backup_20260704_1606\paper_assets\simclaim_human_pilot\closeout_import\final_package\supplementary_tables\threshold_sensitivity.csv,threshold_sensitivity.csv,.csv,5485,2026-06-30T19:14:50.941602,threshold,threshold
D:\ocn_backup_20260704_1606\paper_assets\simclaim_human_pilot\closeout_import\final_package\supplementary_tables\threshold_stability.csv,threshold_stability.csv,.csv,1513,2026-06-30T19:14:50.941602,threshold,threshold
D:\ocn_backup_20260704_1606\paper_assets\simclaim_human_pilot\closeout_import\final_package\supplementary_tables\threshold_stability_main.csv,threshold_stability_main.csv,.csv,939,2026-06-30T19:14:50.942114,threshold,threshold
D:\ocn_backup_20260704_1606\paper_assets\simclaim_human_pilot\closeout_import\final_package\supplementary_tables\threshold_stability_summary.csv,threshold_stability_summary.csv,.csv,589,2026-06-30T19:14:50.942652,threshold,threshold
D:\ocn_backup_20260704_1606\paper_assets\simclaim_human_pilot\closeout_import\manifests\closeout_output_manifest.json,closeout_output_manifest.json,.json,14427,2026-06-30T19:14:50.958395,manifest,threshold
D:\ocn_backup_20260704_1606\paper_assets\simclaim_human_pilot\final_package\paper_table_manifest.json,paper_table_manifest.json,.json,34851,2026-06-30T19:14:50.936501,manifest,threshold
D:\ocn_backup_20260704_1606\paper_assets\simclaim_human_pilot\final_package\paper_table_manifest.md,paper_table_manifest.md,.md,20944,2026-06-30T19:14:50.937003,manifest,threshold
D:\ocn_backup_20260704_1606\paper_assets\simclaim_human_pilot\final_package\audits\bootstrap_ci_manifest.json,bootstrap_ci_manifest.json,.json,8064,2026-06-30T19:14:50.915410,manifest,threshold
D:\ocn_backup_20260704_1606\paper_assets\simclaim_human_pilot\final_package\diagnostic_only\threshold_stability_backup.csv,threshold_stability_backup.csv,.csv,1513,2026-06-30T19:14:50.922874,threshold,threshold
D:\ocn_backup_20260704_1606\paper_assets\simclaim_human_pilot\final_package\manifests\final_package_manifest.json,final_package_manifest.json,.json,30784,2026-06-30T19:14:50.935425,manifest,threshold
D:\ocn_backup_20260704_1606\paper_assets\simclaim_human_pilot\final_package\manifests\paper_table_manifest.json,paper_table_manifest.json,.json,28156,2026-06-30T19:14:50.934920,manifest,threshold
D:\ocn_backup_20260704_1606\paper_assets\simclaim_human_pilot\final_package\manifests\paper_table_manifest.md,paper_table_manifest.md,.md,20944,2026-06-30T19:14:50.935425,manifest,threshold
D:\ocn_backup_20260704_1606\paper_assets\simclaim_human_pilot\final_package\supplementary_tables\threshold_sensitivity.csv,threshold_sensitivity.csv,.csv,5485,2026-06-30T19:14:50.941602,threshold,threshold
D:\ocn_backup_20260704_1606\paper_assets\simclaim_human_pilot\final_package\supplementary_tables\threshold_stability.csv,threshold_stability.csv,.csv,1513,2026-06-30T19:14:50.941602,threshold,threshold
D:\ocn_backup_20260704_1606\paper_assets\simclaim_human_pilot\final_package\supplementary_tables\threshold_stability_main.csv,threshold_stability_main.csv,.csv,939,2026-06-30T19:14:50.942114,threshold,threshold
D:\ocn_backup_20260704_1606\paper_assets\simclaim_human_pilot\final_package\supplementary_tables\threshold_stability_summary.csv,threshold_stability_summary.csv,.csv,589,2026-06-30T19:14:50.942652,threshold,threshold
D:\ocn_backup_20260704_1606\paper_assets\simclaim_human_pilot\final_package_backup_before_closeout\paper_table_manifest.json,paper_table_manifest.json,.json,34851,2026-06-29T22:52:58.208866,manifest,threshold
D:\ocn_backup_20260704_1606\paper_assets\simclaim_human_pilot\final_package_backup_before_closeout\paper_table_manifest.md,paper_table_manifest.md,.md,20944,2026-06-29T21:34:00.870388,manifest,threshold
D:\ocn_backup_20260704_1606\paper_assets\simclaim_human_pilot\final_package_backup_before_closeout\diagnostic_only\threshold_stability_backup.csv,threshold_stability_backup.csv,.csv,1513,2026-06-29T21:34:00.853539,threshold,threshold
D:\ocn_backup_20260704_1606\paper_assets\simclaim_human_pilot\final_package_backup_before_closeout\manifests\paper_table_manifest.json,paper_table_manifest.json,.json,28156,2026-06-29T21:34:00.869378,manifest,threshold
D:\ocn_backup_20260704_1606\paper_assets\simclaim_human_pilot\final_package_backup_before_closeout\manifests\paper_table_manifest.md,paper_table_manifest.md,.md,20944,2026-06-29T21:34:00.870388,manifest,threshold
D:\ocn_backup_20260704_1606\paper_assets\simclaim_human_pilot\final_package_backup_before_closeout\supplementary_tables\threshold_sensitivity.csv,threshold_sensitivity.csv,.csv,5485,2026-06-29T21:34:00.844922,threshold,threshold
D:\ocn_backup_20260704_1606\paper_assets\simclaim_human_pilot\final_package_backup_before_closeout\supplementary_tables\threshold_stability.csv,threshold_stability.csv,.csv,1513,2026-06-29T21:34:00.838300,threshold,threshold
D:\ocn_backup_20260704_1606\paper_assets\simclaim_human_pilot\final_package_backup_before_closeout\supplementary_tables\threshold_stability_main.csv,threshold_stability_main.csv,.csv,939,2026-06-29T21:34:00.839313,threshold,threshold
D:\ocn_backup_20260704_1606\paper_assets\simclaim_human_pilot\final_package_backup_before_closeout\supplementary_tables\threshold_stability_summary.csv,threshold_stability_summary.csv,.csv,589,2026-06-29T21:34:00.839313,threshold,threshold
D:\ocn_backup_20260704_1606\paper_versions_ordered\V3_5_presentation_ready\figure_3_llm_vs_r4_strong_gap.md,figure_3_llm_vs_r4_strong_gap.md,.md,5932,2026-07-04T14:49:22.322022,r4,prediction
D:\ocn_backup_20260704_1606\paper_versions_ordered\V3_6_case_figure_integrity_checked\figure_3_llm_vs_r4_strong_gap_renderable.md,figure_3_llm_vs_r4_strong_gap_renderable.md,.md,7150,2026-07-04T15:16:07.080187,r4,prediction
D:\ocn_backup_20260704_1606\paper_versions_ordered\V3_7_advisor_handoff_clean\V3_7_file_manifest.csv,V3_7_file_manifest.csv,.csv,1467,2026-07-04T15:41:08.024296,manifest,threshold
D:\ocn_backup_20260704_1606\paper_versions_ordered\V3_mixed_framework_v2_R4\CESE_OCN_mixed_framework_v2_R4_manuscript.md,CESE_OCN_mixed_framework_v2_R4_manuscript.md,.md,392,2026-07-04T00:23:26.610219,mixed_framework|r4,prediction
D:\ocn_backup_20260704_1606\paper_versions_ordered\V3_mixed_framework_v2_R4\V3_R4_change_log.md,V3_R4_change_log.md,.md,628,2026-07-04T00:23:26.610219,r4,prediction
D:\ocn_backup_20260704_1606\release_simclaim_human_pilot\RESULTS_MANIFEST.json,RESULTS_MANIFEST.json,.json,1499,2026-06-28T21:24:20.188637,manifest,threshold
D:\ocn_backup_20260704_1606\release_simclaim_human_pilot\multiseed\seed_123\operating_threshold.json,operating_threshold.json,.json,492,2026-06-28T09:57:23.158267,threshold,threshold
D:\ocn_backup_20260704_1606\release_simclaim_human_pilot\multiseed\seed_42\operating_threshold.json,operating_threshold.json,.json,492,2026-06-28T09:53:38.130211,threshold,threshold
D:\ocn_backup_20260704_1606\release_simclaim_human_pilot\multiseed\seed_7\operating_threshold.json,operating_threshold.json,.json,490,2026-06-28T10:01:08.986176,threshold,threshold
D:\ocn_backup_20260704_1606\release_simclaim_human_pilot\reports\contradiction_review_candidates.csv,contradiction_review_candidates.csv,.csv,2123,2026-06-28T00:41:08.196244,candidate,candidate_pool
D:\ocn_backup_20260704_1606\release_simclaim_human_pilot\tables\threshold_sensitivity.csv,threshold_sensitivity.csv,.csv,5485,2026-06-29T17:58:05.620531,threshold,threshold
D:\ocn_backup_20260704_1606\release_simclaim_human_pilot\tables\threshold_sensitivity.md,threshold_sensitivity.md,.md,6913,2026-06-29T17:58:05.621538,threshold,threshold
D:\ocn_backup_20260704_1606\release_simclaim_human_pilot\tables\threshold_stability.csv,threshold_stability.csv,.csv,1513,2026-06-29T17:58:05.624552,threshold,threshold
D:\ocn_backup_20260704_1606\release_simclaim_human_pilot\tables\threshold_stability.md,threshold_stability.md,.md,1925,2026-06-29T17:58:05.625059,threshold,threshold
D:\ocn_backup_20260704_1606\release_simclaim_human_pilot\tables\threshold_stability_backup.csv,threshold_stability_backup.csv,.csv,1513,2026-06-29T17:58:05.626560,threshold,threshold
D:\ocn_backup_20260704_1606\release_simclaim_human_pilot\tables\threshold_stability_backup.md,threshold_stability_backup.md,.md,1932,2026-06-29T17:58:05.626560,threshold,threshold
D:\ocn_backup_20260704_1606\release_simclaim_human_pilot\tables\threshold_stability_main.csv,threshold_stability_main.csv,.csv,939,2026-06-29T17:58:05.625059,threshold,threshold
D:\ocn_backup_20260704_1606\release_simclaim_human_pilot\tables\threshold_stability_main.md,threshold_stability_main.md,.md,1236,2026-06-29T17:58:05.625059,threshold,threshold
D:\ocn_backup_20260704_1606\release_simclaim_human_pilot\tables\threshold_stability_summary.csv,threshold_stability_summary.csv,.csv,589,2026-06-29T17:58:05.627573,threshold,threshold
D:\ocn_backup_20260704_1606\release_simclaim_human_pilot\tables\threshold_stability_summary.md,threshold_stability_summary.md,.md,827,2026-06-29T17:58:05.628088,threshold,threshold
D:\ocn_backup_20260704_1606\release_simclaim_human_pilot\train_eval\operating_threshold.json,operating_threshold.json,.json,493,2026-06-28T00:47:14.653916,threshold,threshold
D:\ocn_backup_20260704_1606\reports\candidate_optimization\candidate_optimization_v2_report.md,candidate_optimization_v2_report.md,.md,3677,2026-06-26T14:48:46,candidate,candidate_pool
D:\ocn_backup_20260704_1606\reports\candidate_optimization\validate_candidate_588_clean_report.md,validate_candidate_588_clean_report.md,.md,5540,2026-06-27T00:28:40.612749,candidate,candidate_pool
D:\ocn_backup_20260704_1606\reports\candidate_optimization\validate_candidate_588_optimized_v2_report.md,validate_candidate_588_optimized_v2_report.md,.md,1389,2026-06-26T23:13:15.338152,candidate,candidate_pool
D:\ocn_backup_20260704_1606\reports\candidate_optimization\validate_candidate_588_repaired_report.md,validate_candidate_588_repaired_report.md,.md,1860,2026-06-27T12:24:06.923340,candidate,candidate_pool
D:\ocn_backup_20260704_1606\reports\candidate_optimization\validate_candidate_588_strict_weak_training_report.md,validate_candidate_588_strict_weak_training_report.md,.md,1823,2026-06-27T12:24:06.948150,candidate,candidate_pool
D:\ocn_backup_20260704_1606\schemas\offline_llm_judge_predictions.schema.json,offline_llm_judge_predictions.schema.json,.json,2590,2026-06-24T20:25:31.305551,prediction|predictions,prediction
D:\ocn_backup_20260704_1606\scripts\build_paper_ready_mixed_framework_v2.py,build_paper_ready_mixed_framework_v2.py,.py,37390,2026-07-03T14:55:22.117078,mixed_framework,routing_logic
D:\ocn_backup_20260704_1606\scripts\build_round2_batch01_candidates.py,build_round2_batch01_candidates.py,.py,118479,2026-06-30T12:56:17.998047,candidate,candidate_pool
D:\ocn_backup_20260704_1606\scripts\check_threshold_provenance.py,check_threshold_provenance.py,.py,12009,2026-06-27T08:42:57.805061,threshold,threshold
D:\ocn_backup_20260704_1606\scripts\fit_operating_threshold.py,fit_operating_threshold.py,.py,11461,2026-06-25T14:39:33.761287,threshold,threshold
D:\ocn_backup_20260704_1606\scripts\fit_thresholds.py,fit_thresholds.py,.py,5629,2026-06-25T13:26:09.102926,threshold,threshold
D:\ocn_backup_20260704_1606\scripts\generate_round1_seed_manifest.py,generate_round1_seed_manifest.py,.py,5495,2026-06-30T01:01:43.603472,manifest,threshold
D:\ocn_backup_20260704_1606\scripts\generate_round2_candidate_plan.py,generate_round2_candidate_plan.py,.py,16661,2026-06-30T12:16:18.031809,candidate,candidate_pool
D:\ocn_backup_20260704_1606\scripts\merge_all92_candidate_pool.py,merge_all92_candidate_pool.py,.py,22969,2026-07-02T12:09:42.164686,candidate,candidate_pool
D:\ocn_backup_20260704_1606\scripts\run_cese_ocn_hcm_v1.py,run_cese_ocn_hcm_v1.py,.py,51412,2026-07-02T20:24:47.427800,cese_ocn_hcm,hcm_features
D:\ocn_backup_20260704_1606\scripts\run_cese_ocn_mixed_framework_v1.py,run_cese_ocn_mixed_framework_v1.py,.py,47316,2026-07-03T10:50:40.735064,mixed_framework,routing_logic
D:\ocn_backup_20260704_1606\scripts\run_frozen_encoder_v1.py,run_frozen_encoder_v1.py,.py,47916,2026-07-02T13:19:03.067796,frozen,threshold
D:\ocn_backup_20260704_1606\scripts\run_mixed_framework_new_algorithm_sweep_v1.py,run_mixed_framework_new_algorithm_sweep_v1.py,.py,46900,2026-07-03T12:26:56.148619,mixed_framework,routing_logic
D:\ocn_backup_20260704_1606\scripts\run_mixed_framework_router_optimization_v2.py,run_mixed_framework_router_optimization_v2.py,.py,63132,2026-07-03T12:02:05.452709,mixed_framework|router,routing_logic
D:\ocn_backup_20260704_1606\scripts\run_stage_fit_threshold.py,run_stage_fit_threshold.py,.py,3964,2026-06-25T23:56:13.482635,threshold,threshold
D:\ocn_backup_20260704_1606\scripts\run_v3_r4_strong_baselines_holdout_v1.py,run_v3_r4_strong_baselines_holdout_v1.py,.py,49011,2026-07-04T02:10:50.935396,r4,prediction
D:\ocn_backup_20260704_1606\scripts\simclaim_v4_scaffold\validate_generated_candidates.py,validate_generated_candidates.py,.py,6403,2026-07-01T16:51:10.896940,candidate,candidate_pool
D:\ocn_backup_20260704_1606\tests\test_decision_threshold_schema_p6.py,test_decision_threshold_schema_p6.py,.py,7810,2026-06-25T16:16:57.343043,threshold,threshold
D:\ocn_backup_20260704_1606\tests\test_evaluate_operating_threshold.py,test_evaluate_operating_threshold.py,.py,3822,2026-06-25T16:13:28.387137,threshold,threshold
D:\ocn_backup_20260704_1606\tests\test_fit_operating_threshold.py,test_fit_operating_threshold.py,.py,4535,2026-06-25T14:39:58.206357,threshold,threshold
D:\ocn_backup_20260704_1606\tests\test_predictions_source_consistency.py,test_predictions_source_consistency.py,.py,7399,2026-06-26T11:44:08.009766,prediction|predictions,prediction
D:\ocn_backup_20260704_1606\tests\test_release_manifest.py,test_release_manifest.py,.py,16814,2026-06-26T21:49:07.673579,manifest,threshold
D:\ocn_backup_20260704_1606\tests\test_release_manifest_readiness.py,test_release_manifest_readiness.py,.py,8242,2026-06-26T11:42:48.195267,manifest,threshold
D:\ocn_backup_20260704_1606\tests\test_shared_thresholds.py,test_shared_thresholds.py,.py,12649,2026-06-24T10:39:07.300927,threshold,threshold
D:\ocn_backup_20260704_1606\tests\test_threshold_fitting.py,test_threshold_fitting.py,.py,7319,2026-06-25T16:13:05.578449,threshold,threshold
D:\ocn_backup_20260704_1606\tests\test_threshold_initialization.py,test_threshold_initialization.py,.py,4965,2026-06-25T13:29:50.347604,threshold,threshold
