path,line_number,matched_phrase,context,classification,recommended_action
CURRENT_MAINLINE.md,27,gold benchmark,- no gold benchmark claim,safe_negation,Keep as-is (safe negation).
CURRENT_MAINLINE.md,28,human-audited,- no human-audited dataset claim,safe_negation,Keep as-is (safe negation).
CURRENT_MAINLINE.md,29,SOTA,- no SOTA claim,safe_negation,Keep as-is (safe negation).
CURRENT_MAINLINE.md,31,full shared-threshold CESE-OCN,- no full shared-threshold CESE-OCN validation claim,safe_negation,Keep as-is (safe negation).
CURRENT_MAINLINE.md,32,automatic peer review,- no automatic peer review claim,safe_negation,Keep as-is (safe negation).
CURRENT_MAINLINE.md,33,standalone detector,- no standalone detector claim,safe_negation,Keep as-is (safe negation).
CURRENT_MAINLINE.md,46,full shared-threshold CESE-OCN,"- **full shared-threshold CESE-OCN neural architecture** = future architecture, not current empirical claim",safe_negation,Keep as-is (safe negation).
docs/annotation_guidelines_simclaim_eval_v1.md,5,human-audited,"**Not for:** this guideline must not be used to claim that round1_seed is a benchmark, gold test, or human-audited set.",safe_negation,Keep as-is (safe negation).
docs/annotation_guidelines_simclaim_eval_v1.md,224,human-audited,"5. **`user_confirmed=true` does not imply `human_audited=true`.** Round1 labels are GPT-annotated + GPT-adjudicated + user-final-confirmed, not dual-human-audited gold.",safe_negation,Keep as-is (safe negation).
docs/archive/README.md,25,Full shared-threshold CESE-OCN,"- **Full shared-threshold CESE-OCN neural architecture.** The dual-branch ordinal calibration network with shared thresholds (`cese/models/`, `cese/losses/`, `cese/calibrator/`) is a future archite...",legacy_section,Keep in legacy section.
docs/current_mainline_v3_17.md,109,Standalone detector,"- ""Standalone detector."" — R4 standalone viability is false.",safe_negation,Keep as-is (safe negation).
docs/current_mainline_v3_17.md,113,Full shared-threshold CESE-OCN,"- ""Full shared-threshold CESE-OCN neural architecture validation."" — The older CESE-OCN architecture is development history / future architecture, not the current empirical claim.",safe_negation,Keep as-is (safe negation).
docs/current_mainline_v3_17.md,133,human-audited,| Validation status | External | Controlled silver diagnostic only; not gold; not human-audited |,safe_negation,Keep as-is (safe negation).
docs/current_mainline_v3_17.md,149,full shared-threshold CESE-OCN,"- **Not full CESE-OCN validation.** The older full shared-threshold CESE-OCN neural architecture is development history / future architecture, not the current empirical claim.",safe_negation,Keep as-is (safe negation).
docs/current_mainline_v3_17.md,163,full shared-threshold CESE-OCN,"3. **Positioning.** R4 is an offline, auditable, second-stage strong_action screening router (standalone_viable = false; second_stage_viable = true). It is not a standalone detector, not an LLM rep...",safe_negation,Keep as-is (safe negation).
docs/current_mainline_v3_17.md,163,standalone detector,"3. **Positioning.** R4 is an offline, auditable, second-stage strong_action screening router (standalone_viable = false; second_stage_viable = true). It is not a standalone detector, not an LLM rep...",safe_negation,Keep as-is (safe negation).
docs/current_mainline_v3_17.md,166,human-audited,**Safety framing:** All results are silver-label diagnostic only. Not gold. Not human-audited. Not SOTA. Not natural-distribution prevalence. Not a standalone classifier. Not automatic peer review....,safe_negation,Keep as-is (safe negation).
docs/current_mainline_v3_17.md,166,SOTA,**Safety framing:** All results are silver-label diagnostic only. Not gold. Not human-audited. Not SOTA. Not natural-distribution prevalence. Not a standalone classifier. Not automatic peer review....,safe_negation,Keep as-is (safe negation).
docs/current_mainline_v3_17.md,166,automatic peer review,**Safety framing:** All results are silver-label diagnostic only. Not gold. Not human-audited. Not SOTA. Not natural-distribution prevalence. Not a standalone classifier. Not automatic peer review....,safe_negation,Keep as-is (safe negation).
docs/current_mainline_v3_17_confidential.md,80,standalone detector,"- **Standalone viability is false.** At 1% prevalence (realistic for unfiltered corpora), FP/TP = 66.82. Every true positive comes with 66 false positives. This is unusable as a standalone detector.",safe_negation,Keep as-is (safe negation).
docs/current_mainline_v3_17_confidential.md,83,automatic peer reviewer,"The system is therefore positioned as a **conservative second-stage screener / review queue generator**, not a standalone classifier, not an automatic peer reviewer, and not a replacement for human...",safe_negation,Keep as-is (safe negation).
docs/current_mainline_v3_17_confidential.md,149,gold benchmark,- no gold benchmark claim,safe_negation,Keep as-is (safe negation).
docs/current_mainline_v3_17_confidential.md,150,human-audited,- no human-audited dataset claim,safe_negation,Keep as-is (safe negation).
docs/current_mainline_v3_17_confidential.md,151,SOTA,- no SOTA claim,safe_negation,Keep as-is (safe negation).
docs/current_mainline_v3_17_confidential.md,153,full shared-threshold CESE-OCN,- no full shared-threshold CESE-OCN validation claim,safe_negation,Keep as-is (safe negation).
docs/current_mainline_v3_17_confidential.md,154,automatic peer review,- no automatic peer review claim,safe_negation,Keep as-is (safe negation).
docs/current_mainline_v3_17_confidential.md,155,standalone detector,- no standalone detector claim,safe_negation,Keep as-is (safe negation).
docs/data_card_simclaim_eval.md,7,human-audited,"> diagnostic — **not** human-audited, **not** gold). This card is",safe_negation,Keep as-is (safe negation).
docs/data_card_simclaim_eval.md,22,human-audited,cites. Each record pairs a claim with evidence and a human-audited,legacy_section,Keep in legacy section.
docs/data_release_policy.md,14,human-audited,"- **Toy synthetic fixtures.** `data/toy/*.jsonl`, `data/pilot_template.jsonl`, and any synthetic data explicitly marked `paper_valid=False` / `result_scope=""pilot_diagnostic""`. These pass schema va...",safe_negation,Keep as-is (safe negation).
docs/data_versions.md,9,gold benchmark,## clean_v2 — pilot gold benchmark (NOT paper-ready),safe_negation,Keep as-is (safe negation).
docs/data_versions.md,25,gold benchmark,AI-preannotated candidate set，共 588 条。它不是 human-audited gold benchmark，,safe_negation,Keep as-is (safe negation).
docs/data_versions.md,25,human-audited,AI-preannotated candidate set，共 588 条。它不是 human-audited gold benchmark，,safe_negation,Keep as-is (safe negation).
docs/data_versions.md,54,gold benchmark,"- **NOT allowed as**: paper-ready test set, gold benchmark, sole training source",safe_negation,Keep as-is (safe negation).
docs/data_versions.md,65,gold benchmark,the audited subset may seed a gold benchmark,future_work,Keep as future work.
docs/data_versions.md,72,gold benchmark,directories and must not be merged into a single gold benchmark.,safe_negation,Keep as-is (safe negation).
docs/dataset_shortcut_risk_v1.md,97,gold benchmark,"external gold benchmark (e.g., SciFact, VitaminC). Without external",safe_negation,Keep as-is (safe negation).
docs/dataset_shortcut_risk_v1.md,141,gold benchmark,"- ""Not a gold benchmark; labels are silver...""",safe_negation,Keep as-is (safe negation).
docs/dataset_shortcut_risk_v1.md,145,Gold benchmark,"- ""Gold benchmark performance...""",safe_negation,Keep as-is (safe negation).
docs/dataset_shortcut_risk_v1.md,147,Human-audited,"- ""Human-audited results...""",safe_negation,Keep as-is (safe negation).
docs/dataset_shortcut_risk_v1.md,148,SOTA,"- ""SOTA performance...""",safe_negation,Keep as-is (safe negation).
docs/dataset_shortcut_risk_v1.md,176,human-audited,"silver-labeled, not human-audited)""",safe_negation,Keep as-is (safe negation).
docs/dataset_shortcut_risk_v1.md,189,SOTA,"5. **No SOTA claim**: ""This is not a SOTA result; it is a controlled",safe_negation,Keep as-is (safe negation).
docs/dataset_shortcut_risk_v1.md,189,SOTA,"5. **No SOTA claim**: ""This is not a SOTA result; it is a controlled",safe_negation,Keep as-is (safe negation).
docs/dataset_version_lock_v3_17.md,32,gold benchmark,- **Not** a gold benchmark.,safe_negation,Keep as-is (safe negation).
docs/dataset_version_lock_v3_17.md,33,human-audited,- **Not** a human-audited benchmark.,safe_negation,Keep as-is (safe negation).
docs/dataset_version_lock_v3_17.md,40,human-audited,"> labels are not gold or human-audited, and results should not be",safe_negation,Keep as-is (safe negation).
docs/dataset_version_lock_v3_17.md,171,human-audited,2. **Not human-audited.** `human_audited=False` for all 444 rows. The,safe_negation,Keep as-is (safe negation).
docs/how_to_upgrade_to_paper_full.md,34,human-audited,1. Expanding the human-audited sample to at least 300 adjudicated items,future_work,Keep as future work.
docs/human_audit_protocol_v1.md,6,gold benchmark,diagnostic candidate pool. The audit is **not** a gold benchmark and must not be,safe_negation,Keep as-is (safe negation).
docs/human_audit_protocol_v1.md,26,gold benchmark,- Not a gold benchmark.,safe_negation,Keep as-is (safe negation).
docs/human_audit_protocol_v1.md,132,gold benchmark,"- ""small targeted audit, not a gold benchmark""",safe_negation,Keep as-is (safe negation).
docs/human_audit_protocol_v1.md,139,gold benchmark,"- ""gold benchmark""",safe_negation,Keep as-is (safe negation).
docs/human_audit_protocol_v1.md,142,SOTA,"- ""SOTA""",safe_negation,Keep as-is (safe negation).
docs/next_phase_benchmark_plan.md,31,Human-audited,| Human-audited | 0 | 100% of test + 30% of train (stratified) | Adjudicated gold for every reported number |,future_work,Keep as future work.
docs/paper_outline_v3_17_confidential.md,35,gold benchmark,gold benchmark.,safe_negation,Keep as-is (safe negation).
docs/paper_outline_v3_17_confidential.md,48,gold benchmark,"The abstract must **not** contain: gold benchmark, SOTA, automatic",safe_negation,Keep as-is (safe negation).
docs/paper_outline_v3_17_confidential.md,48,SOTA,"The abstract must **not** contain: gold benchmark, SOTA, automatic",safe_negation,Keep as-is (safe negation).
docs/paper_outline_v3_17_confidential.md,82,gold benchmark,"- **Not** a gold benchmark, SOTA detector, automatic peer reviewer, or",safe_negation,Keep as-is (safe negation).
docs/paper_outline_v3_17_confidential.md,82,SOTA,"- **Not** a gold benchmark, SOTA detector, automatic peer reviewer, or",safe_negation,Keep as-is (safe negation).
docs/paper_outline_v3_17_confidential.md,82,automatic peer reviewer,"- **Not** a gold benchmark, SOTA detector, automatic peer reviewer, or",safe_negation,Keep as-is (safe negation).
docs/paper_outline_v3_17_confidential.md,109,gold benchmark,"- **Not** a gold benchmark, not human-audited, not natural prevalence.",safe_negation,Keep as-is (safe negation).
docs/paper_outline_v3_17_confidential.md,109,human-audited,"- **Not** a gold benchmark, not human-audited, not natural prevalence.",safe_negation,Keep as-is (safe negation).
docs/paper_outline_v3_17_confidential.md,137,standalone detector,router — **not** a standalone detector.,safe_negation,Keep as-is (safe negation).
docs/paper_outline_v3_17_confidential.md,259,gold benchmark,"- ""gold benchmark"" — dataset is silver",safe_negation,Keep as-is (safe negation).
docs/paper_outline_v3_17_confidential.md,260,human-audited,"- ""human-audited benchmark"" — human_audited=False for all rows",safe_negation,Keep as-is (safe negation).
docs/paper_outline_v3_17_confidential.md,261,SOTA,"- ""SOTA"" / ""state-of-the-art"" — not SOTA",safe_negation,Keep as-is (safe negation).
docs/paper_outline_v3_17_confidential.md,261,SOTA,"- ""SOTA"" / ""state-of-the-art"" — not SOTA",safe_negation,Keep as-is (safe negation).
docs/paper_outline_v3_17_confidential.md,261,state-of-the-art,"- ""SOTA"" / ""state-of-the-art"" — not SOTA",safe_negation,Keep as-is (safe negation).
docs/paper_outline_v3_17_confidential.md,262,automatic peer reviewer,"- ""automatic peer reviewer"" — not automatic peer review",safe_negation,Keep as-is (safe negation).
docs/paper_outline_v3_17_confidential.md,262,automatic peer review,"- ""automatic peer reviewer"" — not automatic peer review",safe_negation,Keep as-is (safe negation).
docs/paper_outline_v3_17_confidential.md,272,human-audited,"> labels are not gold or human-audited, and results should not be",safe_negation,Keep as-is (safe negation).
docs/paper_v2_reproduction_path.md,16,gold benchmark,"The V2 manuscript is a silver-label pilot paper. It is **not** a gold benchmark, **not** a human-audited dataset paper, and **not** a completed full CESE-OCN neural architecture paper.",safe_negation,Keep as-is (safe negation).
docs/paper_v2_reproduction_path.md,16,human-audited,"The V2 manuscript is a silver-label pilot paper. It is **not** a gold benchmark, **not** a human-audited dataset paper, and **not** a completed full CESE-OCN neural architecture paper.",safe_negation,Keep as-is (safe negation).
docs/paper_v2_reproduction_path.md,42,human-audited,- silver only; not gold; not human-audited,safe_negation,Keep as-is (safe negation).
docs/paper_v2_reproduction_path.md,93,gold benchmark,- Do not claim gold benchmark.,safe_negation,Keep as-is (safe negation).
docs/paper_v2_reproduction_path.md,94,human-audited,- Do not claim human-audited dataset.,safe_negation,Keep as-is (safe negation).
docs/paper_v2_reproduction_path.md,95,SOTA,- Do not claim SOTA.,safe_negation,Keep as-is (safe negation).
docs/pdf_extraction_stress_test_v1.md,12,SOTA,SOTA benchmark.,safe_negation,Keep as-is (safe negation).
docs/pdf_extraction_stress_test_v1.md,214,SOTA,"extraction robustness test, not SOTA.""",safe_negation,Keep as-is (safe negation).
docs/pdf_extraction_stress_test_v1.md,250,SOTA,"| `tests/test_pdf_stress_summary_exists.py` | Summary exists, disclaims SOTA, mentions robustness/OCR/synthetic/confidentiality |",safe_negation,Keep as-is (safe negation).
docs/result_narrative_freeze_v3_17.md,15,SOTA,- No SOTA / general detector / automatic peer reviewer claims.,safe_negation,Keep as-is (safe negation).
docs/result_narrative_freeze_v3_17.md,15,automatic peer reviewer,- No SOTA / general detector / automatic peer reviewer claims.,safe_negation,Keep as-is (safe negation).
docs/result_narrative_freeze_v3_17.md,29,SOTA,- **Not supported interpretation:** BM25 is SOTA for scientific claim,safe_negation,Keep as-is (safe negation).
docs/result_narrative_freeze_v3_17.md,141,SOTA,detector; R4 achieves SOTA on simulation claim screening; the F1,safe_negation,Keep as-is (safe negation).
docs/result_narrative_freeze_v3_17.md,159,standalone detector,the queue acting as a standalone detector (not supported);,safe_negation,Keep as-is (safe negation).
docs/result_narrative_freeze_v3_17.md,188,gold benchmark,all possible attacks; the dataset is a gold benchmark; the PASS,safe_negation,Keep as-is (safe negation).
docs/result_narrative_freeze_v3_17.md,247,human-audited,- **Not supported interpretation:** The dataset is human-audited;,safe_negation,Keep as-is (safe negation).
docs/result_narrative_freeze_v3_17.md,253,SOTA,"## Result R13 — PDF extraction stress test (robustness, not SOTA)",safe_negation,Keep as-is (safe negation).
docs/result_narrative_freeze_v3_17.md,263,SOTA,SOTA claim.,safe_negation,Keep as-is (safe negation).
docs/result_narrative_freeze_v3_17.md,264,SOTA,- **Not supported interpretation:** The extractor is SOTA on,safe_negation,Keep as-is (safe negation).
docs/result_narrative_freeze_v3_17.md,275,gold benchmark,"- ""gold benchmark"" — `human_audited=False` for all rows",safe_negation,Keep as-is (safe negation).
docs/result_narrative_freeze_v3_17.md,276,human-audited,"- ""human-audited benchmark"" — no full human audit completed",safe_negation,Keep as-is (safe negation).
docs/result_narrative_freeze_v3_17.md,277,SOTA,"- ""SOTA"" / ""state-of-the-art"" — no shared-benchmark comparison",safe_negation,Keep as-is (safe negation).
docs/result_narrative_freeze_v3_17.md,277,state-of-the-art,"- ""SOTA"" / ""state-of-the-art"" — no shared-benchmark comparison",safe_negation,Keep as-is (safe negation).
docs/result_narrative_freeze_v3_17.md,278,automatic peer reviewer,"- ""automatic peer reviewer"" — pipeline produces a review queue,",safe_negation,Keep as-is (safe negation).
docs/result_narrative_freeze_v3_17.md,279,automatic peer review,not automatic peer review,safe_negation,Keep as-is (safe negation).
docs/result_narrative_freeze_v3_17.md,289,human-audited,"> labels are not gold or human-audited, and results should not be",safe_negation,Keep as-is (safe negation).
docs/reviewer_response_playbook_v3_17.md,17,gold benchmark,"> review. It is **not** a gold benchmark, SOTA detector, or automatic",safe_negation,Keep as-is (safe negation).
docs/reviewer_response_playbook_v3_17.md,17,SOTA,"> review. It is **not** a gold benchmark, SOTA detector, or automatic",safe_negation,Keep as-is (safe negation).
docs/reviewer_response_playbook_v3_17.md,30,gold benchmark,"We acknowledge the dataset is a controlled silver diagnostic set, not a gold benchmark. Labels are AI-preannotated (annotation_status=ai_preannotated, human_audited=False for all 444 rows). We miti...",safe_negation,Keep as-is (safe negation).
docs/reviewer_response_playbook_v3_17.md,72,gold benchmark,"We acknowledge the human audit is not complete. The protocol (2-annotator independent review + adjudication) and seed queue (111 redacted candidates) are in place, but auditor labels are pending. W...",safe_negation,Keep as-is (safe negation).
docs/reviewer_response_playbook_v3_17.md,92,full shared-threshold CESE-OCN,"We explicitly state there is no full shared-threshold CESE-OCN validation in V3.17; the full architecture is future work, not the current claim. The current claim is the V3.17 Confidential Lightwei...",safe_negation,Keep as-is (safe negation).
docs/reviewer_response_playbook_v3_17.md,147,SOTA,"**Safe response:** We test PDF extraction robustness with 12 synthetic stress documents covering multi-column, table-heavy, scanned-image, math-heavy, and mixed-layout cases. The stress test report...",safe_negation,Keep as-is (safe negation).
docs/reviewer_response_playbook_v3_17.md,159,general scientific overstatement detector,**Safe response:** We explicitly state the system is NOT a general scientific overstatement detector. It is a simulation/confidential local review queue for the retrieval-to-screening format-shift ...,safe_negation,Keep as-is (safe negation).
docs/reviewer_response_playbook_v3_17.md,181,gold benchmark,"- ""Our gold benchmark shows..."" (dataset is silver, not gold)",safe_negation,Keep as-is (safe negation).
docs/reviewer_response_playbook_v3_17.md,183,SOTA,"- ""State-of-the-art detector..."" (not SOTA)",safe_negation,Keep as-is (safe negation).
docs/reviewer_response_playbook_v3_17.md,183,State-of-the-art,"- ""State-of-the-art detector..."" (not SOTA)",safe_negation,Keep as-is (safe negation).
docs/reviewer_response_playbook_v3_17.md,184,Automatic peer review,"- ""Automatic peer review..."" (not automatic peer review)",safe_negation,Keep as-is (safe negation).
docs/reviewer_response_playbook_v3_17.md,184,automatic peer review,"- ""Automatic peer review..."" (not automatic peer review)",safe_negation,Keep as-is (safe negation).
docs/reviewer_response_playbook_v3_17.md,195,gold benchmark,"- ""Small targeted audit (not a gold benchmark)...""",safe_negation,Keep as-is (safe negation).
docs/reviewer_risk_register_v3_17.md,47,gold benchmark,"- **safe_response:** We acknowledge the dataset is a controlled silver diagnostic set, not a gold benchmark. Labels are AI-preannotated (annotation_status=ai_preannotated, human_audited=False for a...",safe_negation,Keep as-is (safe negation).
docs/reviewer_risk_register_v3_17.md,121,gold benchmark,"- **safe_response:** We acknowledge the human audit is not complete. The protocol (2-annotator independent review + adjudication) and seed queue (111 redacted candidates) are in place, but auditor ...",safe_negation,Keep as-is (safe negation).
docs/reviewer_risk_register_v3_17.md,136,SOTA,"- **safe_response:** We test PDF extraction robustness with 12 synthetic stress documents covering multi-column, table-heavy, scanned-image, math-heavy, and mixed-layout cases. The stress test repo...",safe_negation,Keep as-is (safe negation).
docs/reviewer_risk_register_v3_17.md,151,general scientific overstatement detector,- **safe_response:** We explicitly state the system is NOT a general scientific overstatement detector. It is a simulation/confidential local review queue for the retrieval-to-screening format-shif...,safe_negation,Keep as-is (safe negation).
docs/reviewer_risk_register_v3_17.md,180,full shared-threshold CESE-OCN,"- **safe_response:** We explicitly state there is no full shared-threshold CESE-OCN validation in V3.17; the full architecture is future work, not the current claim. The current claim is the V3.17 ...",safe_negation,Keep as-is (safe negation).
docs/safe_claims_dictionary_v3_17.md,16,gold benchmark,"| Project type | controlled silver diagnostic study | gold benchmark study / validated detector study | ""This work is a controlled silver diagnostic study of retrieval-to-screening format shift for...",safe_negation,Keep as-is (safe negation).
docs/safe_claims_dictionary_v3_17.md,17,gold benchmark,"| Dataset | source-traceable silver set | gold-standard dataset / human-verified benchmark | ""The 444-candidate dataset is a source-traceable silver diagnostic with `human_audited=False`; it is not...",safe_negation,Keep as-is (safe negation).
docs/safe_claims_dictionary_v3_17.md,18,standalone detector,"| Pipeline output | second-stage review queue | automatic detector / standalone detector | ""The pipeline produces a second-stage review queue that augments human review; it is not a standalone auto...",safe_negation,Keep as-is (safe negation).
docs/safe_claims_dictionary_v3_17.md,19,SOTA,"| Research contribution | retrieval-to-screening format shift analysis | SOTA claim / SOTA retrieval / SOTA screening / state-of-the-art system | ""We analyze retrieval-to-screening format shift and...",safe_negation,Keep as-is (safe negation).
docs/safe_claims_dictionary_v3_17.md,19,SOTA,"| Research contribution | retrieval-to-screening format shift analysis | SOTA claim / SOTA retrieval / SOTA screening / state-of-the-art system | ""We analyze retrieval-to-screening format shift and...",safe_negation,Keep as-is (safe negation).
docs/safe_claims_dictionary_v3_17.md,19,SOTA,"| Research contribution | retrieval-to-screening format shift analysis | SOTA claim / SOTA retrieval / SOTA screening / state-of-the-art system | ""We analyze retrieval-to-screening format shift and...",safe_negation,Keep as-is (safe negation).
docs/safe_claims_dictionary_v3_17.md,19,state-of-the-art,"| Research contribution | retrieval-to-screening format shift analysis | SOTA claim / SOTA retrieval / SOTA screening / state-of-the-art system | ""We analyze retrieval-to-screening format shift and...",safe_negation,Keep as-is (safe negation).
docs/safe_claims_dictionary_v3_17.md,29,gold benchmark,"> review. It is not a gold benchmark, SOTA detector, or automatic",safe_negation,Keep as-is (safe negation).
docs/safe_claims_dictionary_v3_17.md,29,SOTA,"> review. It is not a gold benchmark, SOTA detector, or automatic",safe_negation,Keep as-is (safe negation).
docs/safe_claims_dictionary_v3_17.md,63,SOTA,"- **Unsafe**: ""We solve the retrieval problem."" / ""BM25 is SOTA for",safe_negation,Keep as-is (safe negation).
docs/safe_claims_dictionary_v3_17.md,92,gold benchmark,"| U1 | ""This is a gold benchmark."" | All rows have `human_audited=False`; `gold_label` is empty. Silver diagnostic only. | ""This is a controlled silver diagnostic, not a gold benchmark."" |",safe_negation,Keep as-is (safe negation).
docs/safe_claims_dictionary_v3_17.md,92,gold benchmark,"| U1 | ""This is a gold benchmark."" | All rows have `human_audited=False`; `gold_label` is empty. Silver diagnostic only. | ""This is a controlled silver diagnostic, not a gold benchmark."" |",safe_negation,Keep as-is (safe negation).
docs/safe_claims_dictionary_v3_17.md,93,human-audited,"| U2 | ""This is a human-audited dataset."" | No full human audit has been completed. Only a small targeted audit protocol exists. | ""The dataset is silver-label; a small targeted human audit protoco...",safe_negation,Keep as-is (safe negation).
docs/safe_claims_dictionary_v3_17.md,94,SOTA,"| U3 | ""The pipeline achieves SOTA on simulation claim overclaim detection."" | No comparison to other systems on a shared benchmark; silver diagnostic, not gold. | ""On the controlled silver diagnos...",safe_negation,Keep as-is (safe negation).
docs/safe_claims_dictionary_v3_17.md,94,SOTA,"| U3 | ""The pipeline achieves SOTA on simulation claim overclaim detection."" | No comparison to other systems on a shared benchmark; silver diagnostic, not gold. | ""On the controlled silver diagnos...",safe_negation,Keep as-is (safe negation).
docs/safe_claims_dictionary_v3_17.md,95,automatic peer review,"| U4 | ""The pipeline performs automatic peer review."" | Pipeline produces a review queue for human reviewers; it does not perform peer review automatically. | ""The pipeline produces a second-stage ...",safe_negation,Keep as-is (safe negation).
docs/safe_claims_dictionary_v3_17.md,95,automatic peer reviewer,"| U4 | ""The pipeline performs automatic peer review."" | Pipeline produces a review queue for human reviewers; it does not perform peer review automatically. | ""The pipeline produces a second-stage ...",safe_negation,Keep as-is (safe negation).
docs/safe_claims_dictionary_v3_17.md,97,standalone detector,"| U6 | ""The system is a standalone detector."" | At realistic prevalence (1%), FP/TP = 66.82 — unusable as a standalone detector. | ""The system is a second-stage review queue generator, not a standa...",safe_negation,Keep as-is (safe negation).
docs/safe_claims_dictionary_v3_17.md,97,standalone detector,"| U6 | ""The system is a standalone detector."" | At realistic prevalence (1%), FP/TP = 66.82 — unusable as a standalone detector. | ""The system is a second-stage review queue generator, not a standa...",safe_negation,Keep as-is (safe negation).
docs/safe_claims_dictionary_v3_17.md,97,standalone detector,"| U6 | ""The system is a standalone detector."" | At realistic prevalence (1%), FP/TP = 66.82 — unusable as a standalone detector. | ""The system is a second-stage review queue generator, not a standa...",safe_negation,Keep as-is (safe negation).
docs/safe_claims_dictionary_v3_17.md,98,general scientific overstatement detector,"| U7 | ""The system is a general scientific overstatement detector."" | The system is specific to simulation claims in the silver diagnostic domain, not a general-purpose detector. | ""The system addr...",safe_negation,Keep as-is (safe negation).
docs/safe_claims_dictionary_v3_17.md,112,Full shared-threshold CESE-OCN,"| Full CESE-OCN | ""Full shared-threshold CESE-OCN neural architecture (future work, not current empirical claim)"" | ""Full CESE-OCN is validated."" |",safe_negation,Keep as-is (safe negation).
docs/safe_claims_dictionary_v3_17.md,113,human-audited,"| Human audit | ""A small targeted human audit protocol exists (future work, not yet completed)"" | ""The dataset is human-audited."" |",safe_negation,Keep as-is (safe negation).
docs/safe_claims_dictionary_v3_17.md,114,Gold benchmark,"| Gold labels | ""Gold labels are future work; current labels are silver (`human_audited=False`)"" | ""Gold benchmark."" |",safe_negation,Keep as-is (safe negation).
docs/safe_claims_dictionary_v3_17.md,127,human-audited,3. A clear statement that V2 / full CESE-OCN / gold / human-audited /,safe_negation,Keep as-is (safe negation).
docs/safe_claims_dictionary_v3_17.md,128,SOTA,SOTA / automatic peer review are **not** claimed.,safe_negation,Keep as-is (safe negation).
docs/safe_claims_dictionary_v3_17.md,128,automatic peer review,SOTA / automatic peer review are **not** claimed.,safe_negation,Keep as-is (safe negation).
docs/safe_claims_dictionary_v3_17.md,130,current paper V2,"The README MUST NOT contain ""current paper V2"" or ""current manuscript",safe_negation,Keep as-is (safe negation).
docs/simclaim_current_data_status_lock.md,24,human audited,"- `human_audited` = false (single-annotator pilot, not dual-human audited)",safe_negation,Keep as-is (safe negation).
docs/simclaim_current_data_status_lock.md,32,human-audited,- **Not** a human-audited benchmark.,safe_negation,Keep as-is (safe negation).
docs/simclaim_current_data_status_lock.md,45,human-audited,"- Missing: human-audited gold, larger test set, strong baselines (BERT/RoBERTa/DeBERTa), OOD validation.",safe_negation,Keep as-is (safe negation).
docs/simclaim_current_data_status_lock.md,58,human-audited,- `human_audited` = **false** (NOT human-audited).,safe_negation,Keep as-is (safe negation).
docs/simclaim_current_data_status_lock.md,74,Human-audited,- Human-audited test set.,safe_negation,Keep as-is (safe negation).
docs/simclaim_current_data_status_lock.md,80,human audited,These labels are **user-confirmed GPT-adjudicated round1 seed labels**. They are final labels for the internal round1 seed set only. They are **not** dual-human audited gold labels. Describe them as:,safe_negation,Keep as-is (safe negation).
docs/simclaim_current_data_status_lock.md,84,human-audited,- human-audited benchmark,safe_negation,Keep as-is (safe negation).
docs/simclaim_current_data_status_lock.md,117,human-audited,- `human_audited` = **false** (NOT human-audited).,safe_negation,Keep as-is (safe negation).
docs/simclaim_current_data_status_lock.md,136,Human-audited,- Human-audited test set.,safe_negation,Keep as-is (safe negation).
docs/simclaim_current_data_status_lock.md,144,human-audited,"These 14 rows are **annotation-ready candidates**. They have **not** been annotated yet. They are **not** final labels, **not** human-audited, **not** gold, **not** paper-valid. The annotation has ...",safe_negation,Keep as-is (safe negation).
docs/simclaim_current_data_status_lock.md,187,human-audited,9. **No relabeling.** round1_seed labels remain user-confirmed GPT-adjudicated; they are not human-audited gold. round2 candidates remain `candidate_unreviewed`; they are not final labels.,safe_negation,Keep as-is (safe negation).
docs/simclaim_current_data_status_lock.md,199,human-audited,"4. Only after `simclaim_eval_v1_core` is human-audited, consider training or evaluation.",safe_negation,Keep as-is (safe negation).
docs/simclaim_current_data_status_lock.md,200,human-audited,5. Do **not** merge `round1_seed` (GPT-adjudicated) with `simclaim_eval_v1_core` (human-audited) without explicit provenance tracking.,safe_negation,Keep as-is (safe negation).
docs/simclaim_eval_v1_data_status.md,6,human-audited,"> diagnostic, `human_audited=False`, **not** gold, **not** human-audited).",safe_negation,Keep as-is (safe negation).
docs/simclaim_eval_v1_data_status.md,26,human-audited,- human-audited: governed by the existing pilot/paper_full ruleset.,legacy_section,Keep in legacy section.
docs/simclaim_eval_v1_data_status.md,53,human-audited,### 3. `simclaim_eval_v1_core` — future human-audited core,legacy_section,Keep in legacy section.
docs/simclaim_eval_v1_data_status.md,56,human-audited,- Role: to be constructed from human-audited source-paired samples.,legacy_section,Keep in legacy section.
docs/simclaim_eval_v1_data_status.md,71,human-audited,- human-audited test set,safe_negation,Keep as-is (safe negation).
docs/simclaim_eval_v1_data_status.md,100,human-audited,"- ""human-audited""",safe_negation,Keep as-is (safe negation).
docs/simclaim_paper_full_data_generation_rules.md,164,human-audited,- no human-audited gold labels,safe_negation,Keep as-is (safe negation).
docs/tfidf_as_leakage_auditor.md,33,human-audited,- no human-audited gold labels,safe_negation,Keep as-is (safe negation).
paper_assets/v3_17_confidential/abstract_draft.md,28,human-audited,source-traceable but not gold and not human-audited,safe_negation,Keep as-is (safe negation).
paper_assets/v3_17_confidential/abstract_draft.md,45,standalone detector,queue augments human review; it is not a standalone detector and does,safe_negation,Keep as-is (safe negation).
paper_assets/v3_17_confidential/abstract_draft.md,55,SOTA,"general detector, not SOTA, and not an automatic peer reviewer.",safe_negation,Keep as-is (safe negation).
paper_assets/v3_17_confidential/abstract_draft.md,55,automatic peer reviewer,"general detector, not SOTA, and not an automatic peer reviewer.",safe_negation,Keep as-is (safe negation).
paper_assets/v3_17_confidential/abstract_draft.md,75,gold benchmark,| gold benchmark | no |,safe_negation,Keep as-is (safe negation).
paper_assets/v3_17_confidential/abstract_draft.md,76,SOTA,| SOTA / state-of-the-art | no |,safe_negation,Keep as-is (safe negation).
paper_assets/v3_17_confidential/abstract_draft.md,76,state-of-the-art,| SOTA / state-of-the-art | no |,safe_negation,Keep as-is (safe negation).
paper_assets/v3_17_confidential/abstract_draft.md,77,automatic peer review,| automatic peer review | no |,safe_negation,Keep as-is (safe negation).
paper_assets/v3_17_confidential/abstract_draft.md,79,human-audited,| human-audited benchmark | no |,safe_negation,Keep as-is (safe negation).
paper_assets/v3_17_confidential/contribution_bullets.md,5,SOTA,"bullet claims gold, SOTA, automatic peer review, or general detector",safe_negation,Keep as-is (safe negation).
paper_assets/v3_17_confidential/contribution_bullets.md,5,automatic peer review,"bullet claims gold, SOTA, automatic peer review, or general detector",safe_negation,Keep as-is (safe negation).
paper_assets/v3_17_confidential/contribution_bullets.md,62,gold benchmark,- We do **not** claim a gold benchmark.,safe_negation,Keep as-is (safe negation).
paper_assets/v3_17_confidential/contribution_bullets.md,63,human-audited,- We do **not** claim a human-audited dataset.,safe_negation,Keep as-is (safe negation).
paper_assets/v3_17_confidential/contribution_bullets.md,64,SOTA,- We do **not** claim SOTA on simulation claim screening.,safe_negation,Keep as-is (safe negation).
paper_assets/v3_17_confidential/contribution_bullets.md,65,automatic peer reviewer,- We do **not** claim an automatic peer reviewer.,safe_negation,Keep as-is (safe negation).
paper_assets/v3_17_confidential/contribution_bullets.md,77,human-audited,"> labels are not gold or human-audited, and results should not be",safe_negation,Keep as-is (safe negation).
paper_assets/v3_17_confidential/figures/pipeline_ascii.md,25,human-audited,"<!-- Controlled silver diagnostic, not gold/human-audited. -->",safe_negation,Keep as-is (safe negation).
paper_assets/v3_17_confidential/limitations_draft.md,22,human-audited,"diagnostic set. The labels are not gold or human-audited, and",safe_negation,Keep as-is (safe negation).
paper_assets/v3_17_confidential/limitations_draft.md,88,standalone detector,"## L6 — Second-stage queue, not standalone detector",safe_negation,Keep as-is (safe negation).
paper_assets/v3_17_confidential/limitations_draft.md,92,standalone detector,"FP/TP = 66.82, which is unusable as a standalone detector.",safe_negation,Keep as-is (safe negation).
paper_assets/v3_17_confidential/limitations_draft.md,98,standalone detector,queue that augments human review; it is not a standalone detector,safe_negation,Keep as-is (safe negation).
paper_assets/v3_17_confidential/limitations_draft.md,134,full shared-threshold CESE-OCN,claim. There is no full shared-threshold CESE-OCN validation in,safe_negation,Keep as-is (safe negation).
paper_assets/v3_17_confidential/limitations_draft.md,150,human-audited,"> labels are not gold or human-audited, and results should not be",safe_negation,Keep as-is (safe negation).
paper_assets/v3_17_confidential/limitations_draft.md,152,SOTA,"> a validated general detector, not SOTA, and not an automatic peer",safe_negation,Keep as-is (safe negation).
paper_assets/v3_17_confidential/paper_claims_checklist.md,3,human-audited,"> Controlled silver diagnostic, not gold/human-audited.",safe_negation,Keep as-is (safe negation).
paper_assets/v3_17_confidential/paper_claims_checklist.md,10,human-audited,"| C2 | not human-audited benchmark | YES (see U7, S8) |",safe_negation,Keep as-is (safe negation).
paper_assets/v3_17_confidential/paper_claims_checklist.md,11,SOTA,| C3 | not SOTA | YES (see U8) |,safe_negation,Keep as-is (safe negation).
paper_assets/v3_17_confidential/paper_claims_checklist.md,12,automatic peer review,| C4 | not automatic peer review | YES (see U9) |,safe_negation,Keep as-is (safe negation).
paper_assets/v3_17_confidential/paper_claims_checklist.md,51,gold benchmark,"- **Safe wording**: ""The 444-candidate dataset is a controlled silver diagnostic with human_audited=False; it is not a gold benchmark.""",safe_negation,Keep as-is (safe negation).
paper_assets/v3_17_confidential/paper_claims_checklist.md,55,standalone detector,### S6: Second-stage review queue only (not a standalone detector),safe_negation,Keep as-is (safe negation).
paper_assets/v3_17_confidential/paper_claims_checklist.md,72,human-audited,"- **Safe wording**: ""A small targeted human audit protocol is defined to verify directional reliability of top queue and strong_action labels; it is not a human-audited benchmark.""",safe_negation,Keep as-is (safe negation).
paper_assets/v3_17_confidential/paper_claims_checklist.md,74,gold benchmark,- **Bound**: Small targeted audit (80–120 candidates); not a gold benchmark; not a full human-audited benchmark.,safe_negation,Keep as-is (safe negation).
paper_assets/v3_17_confidential/paper_claims_checklist.md,74,human-audited,- **Bound**: Small targeted audit (80–120 candidates); not a gold benchmark; not a full human-audited benchmark.,safe_negation,Keep as-is (safe negation).
paper_assets/v3_17_confidential/paper_claims_checklist.md,79,standalone detector,"- **Why unsafe**: System is a review queue generator, not a standalone detector. Silver labels only.",safe_negation,Keep as-is (safe negation).
paper_assets/v3_17_confidential/paper_claims_checklist.md,93,gold benchmark,"### U6: ""This is a gold benchmark.""  (violates: not gold)",safe_negation,Keep as-is (safe negation).
paper_assets/v3_17_confidential/paper_claims_checklist.md,96,human-audited,"### U7: ""This is a human-audited benchmark.""  (violates: not human-audited benchmark)",safe_negation,Keep as-is (safe negation).
paper_assets/v3_17_confidential/paper_claims_checklist.md,96,human-audited,"### U7: ""This is a human-audited benchmark.""  (violates: not human-audited benchmark)",safe_negation,Keep as-is (safe negation).
paper_assets/v3_17_confidential/paper_claims_checklist.md,99,SOTA,"### U8: ""The pipeline achieves SOTA on simulation claim overclaim detection.""  (violates: not SOTA)",safe_negation,Keep as-is (safe negation).
paper_assets/v3_17_confidential/paper_claims_checklist.md,99,SOTA,"### U8: ""The pipeline achieves SOTA on simulation claim overclaim detection.""  (violates: not SOTA)",safe_negation,Keep as-is (safe negation).
paper_assets/v3_17_confidential/paper_claims_checklist.md,102,automatic peer review,"### U9: ""The pipeline performs automatic peer review.""  (violates: not automatic peer review)",safe_negation,Keep as-is (safe negation).
paper_assets/v3_17_confidential/paper_claims_checklist.md,102,automatic peer review,"### U9: ""The pipeline performs automatic peer review.""  (violates: not automatic peer review)",safe_negation,Keep as-is (safe negation).
paper_assets/v3_17_confidential/paper_claims_checklist.md,124,human-audited,"> Controlled silver diagnostic, not gold/human-audited.",safe_negation,Keep as-is (safe negation).
paper_assets/v3_17_confidential/paper_results_summary.md,3,human-audited,"> Controlled silver diagnostic, not gold/human-audited.",safe_negation,Keep as-is (safe negation).
paper_assets/v3_17_confidential/paper_results_summary.md,59,human-audited,"- All results are silver-label diagnostic, not gold/human-audited.",safe_negation,Keep as-is (safe negation).
paper_assets/v3_17_confidential/reviewer_risk_table.md,8,human-audited,"a controlled silver diagnostic, not gold or human-audited. -->",safe_negation,Keep as-is (safe negation).
paper_assets/v3_17_confidential/reviewer_risk_table.md,28,human-audited,"set. The labels are not gold or human-audited, and results should not be",safe_negation,Keep as-is (safe negation).
paper_assets/v3_17_confidential/submission_claims_matrix.md,14,gold benchmark,"| 444-candidate controlled silver diagnostic set | Yes | `docs/dataset_version_lock_v3_17.md` | ""controlled silver diagnostic set, 444 candidates, 111 groups, 4 balanced labels, not gold, not human...",safe_negation,Keep as-is (safe negation).
paper_assets/v3_17_confidential/submission_claims_matrix.md,14,human-audited,"| 444-candidate controlled silver diagnostic set | Yes | `docs/dataset_version_lock_v3_17.md` | ""controlled silver diagnostic set, 444 candidates, 111 groups, 4 balanced labels, not gold, not human...",safe_negation,Keep as-is (safe negation).
paper_assets/v3_17_confidential/submission_claims_matrix.md,14,human-audited,"| 444-candidate controlled silver diagnostic set | Yes | `docs/dataset_version_lock_v3_17.md` | ""controlled silver diagnostic set, 444 candidates, 111 groups, 4 balanced labels, not gold, not human...",safe_negation,Keep as-is (safe negation).
paper_assets/v3_17_confidential/submission_claims_matrix.md,16,SOTA,"| BM25 chunk retrieval works (recall@10=0.980) | Yes | `experiments/simclaim_pdf_corpus_retrieval_v1/retrieval_metrics_bm25.json` | ""BM25 chunk retrieval achieves oracle_match_rate=0.991, recall@10...",safe_negation,Keep as-is (safe negation).
paper_assets/v3_17_confidential/submission_claims_matrix.md,17,SOTA,"| BM25 sentence retrieval works (recall@10=0.948) | Yes | `experiments/bm25_sentence_retrieval_v1/oracle_recall_summary.json` | ""sentence-level BM25 retrieval achieves recall@10=0.948, MRR=0.883 on...",safe_negation,Keep as-is (safe negation).
paper_assets/v3_17_confidential/submission_claims_matrix.md,19,SOTA,"| Frozen R4 screening strong_F1=0.4503 | Yes | `experiments/metric_robustness_v1/classification_metrics_with_ci.csv` | ""frozen R4 screening router achieves strong_F1=0.4503, 95% CI [0.4086, 0.4833]...",safe_negation,Keep as-is (safe negation).
paper_assets/v3_17_confidential/submission_claims_matrix.md,19,standalone detector,"| Frozen R4 screening strong_F1=0.4503 | Yes | `experiments/metric_robustness_v1/classification_metrics_with_ci.csv` | ""frozen R4 screening router achieves strong_F1=0.4503, 95% CI [0.4086, 0.4833]...",safe_negation,Keep as-is (safe negation).
paper_assets/v3_17_confidential/submission_claims_matrix.md,21,automatic peer reviewer,"| System is a second-stage review queue generator | Yes (by design) | `experiments/canonicalized_review_queue_v1/canonicalized_review_queue_gate.json` | ""the system is a second-stage review queue g...",safe_negation,Keep as-is (safe negation).
paper_assets/v3_17_confidential/submission_claims_matrix.md,21,standalone detector,"| System is a second-stage review queue generator | Yes (by design) | `experiments/canonicalized_review_queue_v1/canonicalized_review_queue_gate.json` | ""the system is a second-stage review queue g...",safe_negation,Keep as-is (safe negation).
paper_assets/v3_17_confidential/submission_claims_matrix.md,21,standalone detector,"| System is a second-stage review queue generator | Yes (by design) | `experiments/canonicalized_review_queue_v1/canonicalized_review_queue_gate.json` | ""the system is a second-stage review queue g...",safe_negation,Keep as-is (safe negation).
paper_assets/v3_17_confidential/submission_claims_matrix.md,22,gold benchmark,"| 12-check leakage audit PASS | Yes | `experiments/leakage_audit_v1/audit_summary.md` | ""12 leakage checks PASS; claim-only strong_F1=0.2448 (ratio to R4=0.54, below 0.8 warning); shuffled evidence...",safe_negation,Keep as-is (safe negation).
paper_assets/v3_17_confidential/submission_claims_matrix.md,25,SOTA,"| PDF extraction robustness on 12 stress docs | Yes | `experiments/pdf_extraction_stress_test_v1/stress_test_summary.md` | ""12 synthetic stress documents; 0 failures; engineering robustness test, n...",safe_negation,Keep as-is (safe negation).
paper_assets/v3_17_confidential/submission_claims_matrix.md,25,SOTA,"| PDF extraction robustness on 12 stress docs | Yes | `experiments/pdf_extraction_stress_test_v1/stress_test_summary.md` | ""12 synthetic stress documents; 0 failures; engineering robustness test, n...",safe_negation,Keep as-is (safe negation).
paper_assets/v3_17_confidential/submission_claims_matrix.md,28,human-audited,"| Human audit protocol staged | Yes (staged, not executed) | `docs/human_audit_protocol_v1.md`; `data/audit_templates/human_audit_queue_seed_v1_redacted.csv` | ""small targeted human audit protocol ...",safe_negation,Keep as-is (safe negation).
paper_assets/v3_17_confidential/submission_claims_matrix.md,28,human-audited,"| Human audit protocol staged | Yes (staged, not executed) | `docs/human_audit_protocol_v1.md`; `data/audit_templates/human_audit_queue_seed_v1_redacted.csv` | ""small targeted human audit protocol ...",safe_negation,Keep as-is (safe negation).
paper_assets/v3_17_confidential/submission_claims_matrix.md,45,gold benchmark,"- ""gold benchmark""",safe_negation,Keep as-is (safe negation).
paper_assets/v3_17_confidential/submission_claims_matrix.md,46,human-audited,"- ""human-audited dataset""",safe_negation,Keep as-is (safe negation).
paper_assets/v3_17_confidential/submission_claims_matrix.md,47,human-audited,"- ""human-audited benchmark""",safe_negation,Keep as-is (safe negation).
paper_assets/v3_17_confidential/submission_claims_matrix.md,49,SOTA,"- ""SOTA"" (as a positive claim)",safe_negation,Keep as-is (safe negation).
paper_assets/v3_17_confidential/submission_claims_matrix.md,50,automatic peer reviewer,"- ""automatic peer reviewer""",safe_negation,Keep as-is (safe negation).
paper_assets/v3_17_confidential/submission_cover_note.md,12,gold benchmark,"This submission is a **controlled silver diagnostic study** of retrieval-to-screening format shift in offline simulation-claim review. It is **not** a gold benchmark, not a human-audited dataset, n...",safe_negation,Keep as-is (safe negation).
paper_assets/v3_17_confidential/submission_cover_note.md,12,human-audited,"This submission is a **controlled silver diagnostic study** of retrieval-to-screening format shift in offline simulation-claim review. It is **not** a gold benchmark, not a human-audited dataset, n...",safe_negation,Keep as-is (safe negation).
paper_assets/v3_17_confidential/submission_cover_note.md,12,SOTA,"This submission is a **controlled silver diagnostic study** of retrieval-to-screening format shift in offline simulation-claim review. It is **not** a gold benchmark, not a human-audited dataset, n...",safe_negation,Keep as-is (safe negation).
paper_assets/v3_17_confidential/submission_cover_note.md,12,automatic peer reviewer,"This submission is a **controlled silver diagnostic study** of retrieval-to-screening format shift in offline simulation-claim review. It is **not** a gold benchmark, not a human-audited dataset, n...",safe_negation,Keep as-is (safe negation).
paper_assets/v3_17_confidential/submission_cover_note.md,14,standalone detector,"The system is a **second-stage review queue generator**, not a standalone detector. The queue augments human reviewers; it does not replace adjudication.",safe_negation,Keep as-is (safe negation).
paper_assets/v3_17_confidential/submission_cover_note.md,18,gold benchmark,"- ""This is a controlled silver diagnostic study, not a gold benchmark.""",safe_negation,Keep as-is (safe negation).
paper_assets/v3_17_confidential/submission_cover_note.md,19,standalone detector,"- ""The system is a second-stage review queue generator, not a standalone detector.""",safe_negation,Keep as-is (safe negation).
paper_assets/v3_17_confidential/submission_cover_note.md,47,SOTA,"- No ""validated general detector"", ""SOTA"", ""automatic peer reviewer"", or ""full CESE-OCN validation"" claims",safe_negation,Keep as-is (safe negation).
paper_assets/v3_17_confidential/submission_cover_note.md,47,automatic peer reviewer,"- No ""validated general detector"", ""SOTA"", ""automatic peer reviewer"", or ""full CESE-OCN validation"" claims",safe_negation,Keep as-is (safe negation).
paper_assets/v3_17_confidential/submission_cover_note.md,55,gold benchmark,"The highest reviewer risks are: (a) misreading ""silver diagnostic"" as a forbidden gold-benchmark claim, (b) misreading ""second-stage review queue"" as a forbidden standalone-detector claim, (c) trea...",safe_negation,Keep as-is (safe negation).
paper_assets/v3_17_confidential/submission_cover_note.md,55,standalone detector,"The highest reviewer risks are: (a) misreading ""silver diagnostic"" as a forbidden gold-benchmark claim, (b) misreading ""second-stage review queue"" as a forbidden standalone-detector claim, (c) trea...",safe_negation,Keep as-is (safe negation).
paper_assets/v3_17_confidential/submission_limitations_box.md,12,gold benchmark,"1. **Silver labels, not gold.** All 444 candidates have `human_audited=False` and `gold_label` empty. Silver labels (`candidate_label_guess`) are used as `true_label` for metrics only. **This is a ...",safe_negation,Keep as-is (safe negation).
paper_assets/v3_17_confidential/submission_limitations_box.md,14,human-audited,"2. **Human audit staged, not executed.** A small targeted human audit protocol and seed queue are prepared; the audit has not been executed. We do not report human-audited benchmark results. Paper ...",safe_negation,Keep as-is (safe negation).
paper_assets/v3_17_confidential/submission_limitations_box.md,22,SOTA,6. **No SOTA claim.** We do not claim SOTA on simulation-claim screening. We do not claim a validated general detector. We do not claim an automatic peer reviewer. We do not claim full CESE-OCN neu...,safe_negation,Keep as-is (safe negation).
paper_assets/v3_17_confidential/submission_limitations_box.md,22,SOTA,6. **No SOTA claim.** We do not claim SOTA on simulation-claim screening. We do not claim a validated general detector. We do not claim an automatic peer reviewer. We do not claim full CESE-OCN neu...,safe_negation,Keep as-is (safe negation).
paper_assets/v3_17_confidential/submission_limitations_box.md,22,automatic peer reviewer,6. **No SOTA claim.** We do not claim SOTA on simulation-claim screening. We do not claim a validated general detector. We do not claim an automatic peer reviewer. We do not claim full CESE-OCN neu...,safe_negation,Keep as-is (safe negation).
paper_assets/v3_17_confidential/submission_limitations_box.md,36,SOTA,"- Do **not** rewrite limitation 6 as ""SOTA on simulation-claim screening"" or ""validated general detector"".",safe_negation,Keep as-is (safe negation).
paper_assets/v3_17_confidential/submission_limitations_box.md,51,SOTA,| 6 | No SOTA claim | `paper_assets/v3_17_confidential/paper_claims_checklist.md` |,safe_negation,Keep as-is (safe negation).
paper_assets/v3_17_confidential/submission_manuscript_v1.md,7,gold benchmark,"> **Mandatory framing.** This is a controlled silver diagnostic study, not a gold benchmark. The system is a second-stage review queue generator, not a standalone detector. Confidentiality is a dep...",safe_negation,Keep as-is (safe negation).
paper_assets/v3_17_confidential/submission_manuscript_v1.md,7,standalone detector,"> **Mandatory framing.** This is a controlled silver diagnostic study, not a gold benchmark. The system is a second-stage review queue generator, not a standalone detector. Confidentiality is a dep...",safe_negation,Keep as-is (safe negation).
paper_assets/v3_17_confidential/submission_manuscript_v1.md,21,human-audited,"We study this problem on a 444-candidate controlled silver diagnostic set (111 groups × 4 balanced labels: supported, mild_scope_overclaim, strong_action_overclaim, contradiction_candidate). The da...",safe_negation,Keep as-is (safe negation).
paper_assets/v3_17_confidential/submission_manuscript_v1.md,25,standalone detector,"We then evaluate a frozen R4 screening router (strong_F1 = 0.4503, 95% CI [0.4086, 0.4833]) and a conservative precision-optimized review queue (`G_conservative_precision`, precision@20 = 0.45). Th...",safe_negation,Keep as-is (safe negation).
paper_assets/v3_17_confidential/submission_manuscript_v1.md,27,SOTA,"Limitations: silver labels (not gold), no completed human audit (protocol staged, not executed), six domains only, and **format-shift R4 metrics are not reported because frozen R4 prediction is blo...",safe_negation,Keep as-is (safe negation).
paper_assets/v3_17_confidential/submission_manuscript_v1.md,27,automatic peer reviewer,"Limitations: silver labels (not gold), no completed human audit (protocol staged, not executed), six domains only, and **format-shift R4 metrics are not reported because frozen R4 prediction is blo...",safe_negation,Keep as-is (safe negation).
paper_assets/v3_17_confidential/submission_manuscript_v1.md,46,gold benchmark,"We explicitly do **not** claim a gold benchmark, a human-audited dataset, SOTA on simulation-claim screening, an automatic peer reviewer, a validated general detector, or full CESE-OCN neural archi...",safe_negation,Keep as-is (safe negation).
paper_assets/v3_17_confidential/submission_manuscript_v1.md,46,gold benchmark,"We explicitly do **not** claim a gold benchmark, a human-audited dataset, SOTA on simulation-claim screening, an automatic peer reviewer, a validated general detector, or full CESE-OCN neural archi...",safe_negation,Keep as-is (safe negation).
paper_assets/v3_17_confidential/submission_manuscript_v1.md,46,human-audited,"We explicitly do **not** claim a gold benchmark, a human-audited dataset, SOTA on simulation-claim screening, an automatic peer reviewer, a validated general detector, or full CESE-OCN neural archi...",safe_negation,Keep as-is (safe negation).
paper_assets/v3_17_confidential/submission_manuscript_v1.md,46,SOTA,"We explicitly do **not** claim a gold benchmark, a human-audited dataset, SOTA on simulation-claim screening, an automatic peer reviewer, a validated general detector, or full CESE-OCN neural archi...",safe_negation,Keep as-is (safe negation).
paper_assets/v3_17_confidential/submission_manuscript_v1.md,46,automatic peer reviewer,"We explicitly do **not** claim a gold benchmark, a human-audited dataset, SOTA on simulation-claim screening, an automatic peer reviewer, a validated general detector, or full CESE-OCN neural archi...",safe_negation,Keep as-is (safe negation).
paper_assets/v3_17_confidential/submission_manuscript_v1.md,56,gold benchmark,"Two structural differences apply. First, prior claim-verification benchmarks are gold-labeled and human-audited; our setting is a controlled silver diagnostic set with `human_audited=False` for all...",safe_negation,Keep as-is (safe negation).
paper_assets/v3_17_confidential/submission_manuscript_v1.md,56,human-audited,"Two structural differences apply. First, prior claim-verification benchmarks are gold-labeled and human-audited; our setting is a controlled silver diagnostic set with `human_audited=False` for all...",safe_negation,Keep as-is (safe negation).
paper_assets/v3_17_confidential/submission_manuscript_v1.md,58,SOTA,We therefore do not position the system as a validated general detector and do not claim SOTA against gold benchmarks. The empirical contribution is the identification and bridging of the retrieval...,safe_negation,Keep as-is (safe negation).
paper_assets/v3_17_confidential/submission_manuscript_v1.md,72,standalone detector,"The reviewer then adjudicates the top of the queue. **The system is a second-stage review queue generator, not a standalone detector.** The output is a prioritized queue, not an automated decision.",safe_negation,Keep as-is (safe negation).
paper_assets/v3_17_confidential/submission_manuscript_v1.md,97,gold benchmark,"**This is a controlled silver diagnostic study, not a gold benchmark.** The labels are silver (`candidate_label_guess`), not gold, and not human-audited. Results should not be interpreted as benchm...",safe_negation,Keep as-is (safe negation).
paper_assets/v3_17_confidential/submission_manuscript_v1.md,97,human-audited,"**This is a controlled silver diagnostic study, not a gold benchmark.** The labels are silver (`candidate_label_guess`), not gold, and not human-audited. Results should not be interpreted as benchm...",safe_negation,Keep as-is (safe negation).
paper_assets/v3_17_confidential/submission_manuscript_v1.md,141,standalone detector,We rank candidates by `priority_score = p_strong_mean − p_contra_mean + 0.5 × strong_action_flag` and evaluate 8 ranking variants. The best variant is `G_conservative_precision` (precision-optimize...,safe_negation,Keep as-is (safe negation).
paper_assets/v3_17_confidential/submission_manuscript_v1.md,239,SOTA,"We ran a synthetic PDF extraction stress suite of 12 documents covering stress types (caption-like text, corrupted text, empty page, header/footer noise, hyphenation, long paragraph, page-number no...",safe_negation,Keep as-is (safe negation).
paper_assets/v3_17_confidential/submission_manuscript_v1.md,266,gold benchmark,"**This is a controlled silver diagnostic study, not a gold benchmark.** Silver labels (`candidate_label_guess`) are used as `true_label` for audit metrics only; the audit checks for shortcuts and l...",safe_negation,Keep as-is (safe negation).
paper_assets/v3_17_confidential/submission_manuscript_v1.md,306,human-audited,"A small targeted human audit protocol (2-annotator independent review followed by adjudication) is staged with 6 sampling buckets: top-20 queue, top-50 strong-action, R4 false positives, R4 false n...",safe_negation,Keep as-is (safe negation).
paper_assets/v3_17_confidential/submission_manuscript_v1.md,314,gold benchmark,"1. **Silver labels, not gold.** All 444 candidates have `human_audited=False` and `gold_label` empty. Silver labels (`candidate_label_guess`) are used as `true_label` for metrics only. **This is a ...",safe_negation,Keep as-is (safe negation).
paper_assets/v3_17_confidential/submission_manuscript_v1.md,315,human-audited,"2. **Human audit staged, not executed.** A small targeted human audit protocol and seed queue are prepared; the audit has not been executed. We do not report human-audited benchmark results. Paper ...",safe_negation,Keep as-is (safe negation).
paper_assets/v3_17_confidential/submission_manuscript_v1.md,319,SOTA,6. **No SOTA claim.** We do not claim SOTA on simulation-claim screening. We do not claim a validated general detector. We do not claim an automatic peer reviewer. We do not claim full CESE-OCN neu...,safe_negation,Keep as-is (safe negation).
paper_assets/v3_17_confidential/submission_manuscript_v1.md,319,SOTA,6. **No SOTA claim.** We do not claim SOTA on simulation-claim screening. We do not claim a validated general detector. We do not claim an automatic peer reviewer. We do not claim full CESE-OCN neu...,safe_negation,Keep as-is (safe negation).
paper_assets/v3_17_confidential/submission_manuscript_v1.md,319,automatic peer reviewer,6. **No SOTA claim.** We do not claim SOTA on simulation-claim screening. We do not claim a validated general detector. We do not claim an automatic peer reviewer. We do not claim full CESE-OCN neu...,safe_negation,Keep as-is (safe negation).
paper_assets/v3_17_confidential/submission_manuscript_v1.md,341,gold benchmark,The controlled silver diagnostic set is locked at version v3_17. Any change to the locked CSV requires updating the dataset lock document and associated tests. `final_label` and `gold_label` are no...,safe_negation,Keep as-is (safe negation).
paper_assets/v3_17_confidential/submission_manuscript_v1.md,341,human-audited,The controlled silver diagnostic set is locked at version v3_17. Any change to the locked CSV requires updating the dataset lock document and associated tests. `final_label` and `gold_label` are no...,safe_negation,Keep as-is (safe negation).
paper_assets/v3_17_confidential/submission_manuscript_v1.md,353,gold benchmark,"**This is a controlled silver diagnostic study, not a gold benchmark.** The system is a second-stage review queue generator, not a standalone detector. Confidentiality is a deployment constraint, n...",safe_negation,Keep as-is (safe negation).
paper_assets/v3_17_confidential/submission_manuscript_v1.md,353,standalone detector,"**This is a controlled silver diagnostic study, not a gold benchmark.** The system is a second-stage review queue generator, not a standalone detector. Confidentiality is a deployment constraint, n...",safe_negation,Keep as-is (safe negation).
paper_assets/v3_17_confidential/submission_manuscript_v1.md,355,SOTA,"We do not claim SOTA, a validated general detector, an automatic peer reviewer, or full CESE-OCN neural architecture validation.",safe_negation,Keep as-is (safe negation).
paper_assets/v3_17_confidential/submission_manuscript_v1.md,355,automatic peer reviewer,"We do not claim SOTA, a validated general detector, an automatic peer reviewer, or full CESE-OCN neural architecture validation.",safe_negation,Keep as-is (safe negation).
paper_assets/v3_17_confidential/submission_manuscript_v1.md,393,gold benchmark,"- ""This is a controlled silver diagnostic study, not a gold benchmark.""",safe_negation,Keep as-is (safe negation).
paper_assets/v3_17_confidential/submission_manuscript_v1.md,394,standalone detector,"- ""The system is a second-stage review queue generator, not a standalone detector.""",safe_negation,Keep as-is (safe negation).
paper_assets/v3_17_confidential/submission_manuscript_v1.md,398,SOTA,"- ""We do not claim SOTA, a validated general detector, an automatic peer reviewer, or full CESE-OCN neural architecture validation.""",safe_negation,Keep as-is (safe negation).
paper_assets/v3_17_confidential/submission_manuscript_v1.md,398,automatic peer reviewer,"- ""We do not claim SOTA, a validated general detector, an automatic peer reviewer, or full CESE-OCN neural architecture validation.""",safe_negation,Keep as-is (safe negation).
paper_assets/v3_17_confidential/submission_manuscript_v1.md,405,gold benchmark,"| ""gold benchmark"" | The dataset is a controlled silver diagnostic set, not a gold benchmark. |",safe_negation,Keep as-is (safe negation).
paper_assets/v3_17_confidential/submission_manuscript_v1.md,405,gold benchmark,"| ""gold benchmark"" | The dataset is a controlled silver diagnostic set, not a gold benchmark. |",safe_negation,Keep as-is (safe negation).
paper_assets/v3_17_confidential/submission_manuscript_v1.md,406,human-audited,"| ""human-audited dataset"" | All 444 rows have `human_audited=False`; the audit is staged, not executed. |",safe_negation,Keep as-is (safe negation).
paper_assets/v3_17_confidential/submission_manuscript_v1.md,407,SOTA,"| ""SOTA"" (as a positive claim) | We do not claim SOTA on simulation-claim screening. |",safe_negation,Keep as-is (safe negation).
paper_assets/v3_17_confidential/submission_manuscript_v1.md,407,SOTA,"| ""SOTA"" (as a positive claim) | We do not claim SOTA on simulation-claim screening. |",safe_negation,Keep as-is (safe negation).
paper_assets/v3_17_confidential/submission_manuscript_v1.md,408,automatic peer reviewer,"| ""automatic peer reviewer"" | The system augments human reviewers; it is not an automatic peer reviewer. |",safe_negation,Keep as-is (safe negation).
paper_assets/v3_17_confidential/submission_manuscript_v1.md,408,automatic peer reviewer,"| ""automatic peer reviewer"" | The system augments human reviewers; it is not an automatic peer reviewer. |",safe_negation,Keep as-is (safe negation).
paper_assets/v3_17_confidential/tables/table7_complexity_utility.md,12,human-audited,"*Controlled silver diagnostic, not gold/human-audited.*",safe_negation,Keep as-is (safe negation).
paper_assets/v3_17_confidential/tables/table8_human_audit_if_available.md,5,gold benchmark,"*Small targeted audit, not a gold benchmark. Audit seed is built; auditor labels pending.*",safe_negation,Keep as-is (safe negation).
README.md,9,gold benchmark,"> confidential local PDF review. It is **not** a gold benchmark, SOTA",safe_negation,Keep as-is (safe negation).
README.md,9,SOTA,"> confidential local PDF review. It is **not** a gold benchmark, SOTA",safe_negation,Keep as-is (safe negation).
README.md,10,automatic peer reviewer,"> detector, or automatic peer reviewer.",safe_negation,Keep as-is (safe negation).
README.md,38,gold benchmark,- no gold benchmark claim,safe_negation,Keep as-is (safe negation).
README.md,39,human-audited,- no human-audited dataset claim,safe_negation,Keep as-is (safe negation).
README.md,40,SOTA,- no SOTA claim,safe_negation,Keep as-is (safe negation).
README.md,42,full shared-threshold CESE-OCN,- no full shared-threshold CESE-OCN validation claim,safe_negation,Keep as-is (safe negation).
README.md,43,automatic peer review,- no automatic peer review claim,safe_negation,Keep as-is (safe negation).
README.md,44,standalone detector,- no standalone detector claim,safe_negation,Keep as-is (safe negation).
README.md,78,human-audited,- not human-audited,safe_negation,Keep as-is (safe negation).
README.md,79,SOTA,- not SOTA,safe_negation,Keep as-is (safe negation).
README.md,81,full shared-threshold CESE-OCN,- not full shared-threshold CESE-OCN neural architecture validation,safe_negation,Keep as-is (safe negation).
README.md,82,standalone detector,- not a standalone detector,safe_negation,Keep as-is (safe negation).
README.md,95,full shared-threshold CESE-OCN,"The sections below describe older material: the **V2 evidence-aware hierarchical pilot** (legacy pilot), the **simclaim_human_pilot workflow** (legacy workflow), and the **full shared-threshold CES...",safe_negation,Keep as-is (safe negation).
README.md,99,full shared-threshold CESE-OCN,"- **full shared-threshold CESE-OCN** = future architecture, not current empirical claim",safe_negation,Keep as-is (safe negation).
README.md,218,human-audited,is NOT human-audited and NOT paper-ready. Use it to verify the pipeline,safe_negation,Keep as-is (safe negation).
reports/current_project_status_v3_17.md,10,gold benchmark,- [x] README denies gold benchmark,safe_negation,Keep as-is (safe negation).
reports/current_project_status_v3_17.md,11,human-audited,- [x] README denies human-audited,safe_negation,Keep as-is (safe negation).
reports/current_project_status_v3_17.md,12,SOTA,- [x] README denies SOTA,safe_negation,Keep as-is (safe negation).
reports/current_project_status_v3_17.md,23,full shared-threshold CESE-OCN,"- `README.md`: full shared-threshold CESE-OCN as current — ""full shared-threshold CESE-OCN neural architecture** (future architecture, not c""",legacy_section,Keep in legacy section.
reports/current_project_status_v3_17.md,23,full shared-threshold CESE-OCN,"- `README.md`: full shared-threshold CESE-OCN as current — ""full shared-threshold CESE-OCN neural architecture** (future architecture, not c""",legacy_section,Keep in legacy section.
reports/current_project_status_v3_17.md,24,full shared-threshold CESE-OCN,"- `README.md`: full shared-threshold CESE-OCN as current — ""full shared-threshold CESE-OCN** = future architecture, not current""",safe_negation,Keep as-is (safe negation).
reports/current_project_status_v3_17.md,24,full shared-threshold CESE-OCN,"- `README.md`: full shared-threshold CESE-OCN as current — ""full shared-threshold CESE-OCN** = future architecture, not current""",safe_negation,Keep as-is (safe negation).
reports/current_project_status_v3_17.md,25,gold benchmark,"- `README.md`: gold benchmark — ""gold benchmark""",safe_negation,Keep as-is (safe negation).
reports/current_project_status_v3_17.md,25,gold benchmark,"- `README.md`: gold benchmark — ""gold benchmark""",safe_negation,Keep as-is (safe negation).
reports/current_project_status_v3_17.md,26,human-audited,"- `README.md`: human-audited — ""human-audited""",legacy_section,Keep in legacy section.
reports/current_project_status_v3_17.md,26,human-audited,"- `README.md`: human-audited — ""human-audited""",legacy_section,Keep in legacy section.
reports/current_project_status_v3_17.md,27,human-audited,"- `README.md`: human-audited — ""human-audited""",legacy_section,Keep in legacy section.
reports/current_project_status_v3_17.md,27,human-audited,"- `README.md`: human-audited — ""human-audited""",legacy_section,Keep in legacy section.
reports/current_project_status_v3_17.md,28,human-audited,"- `README.md`: human-audited — ""human-audited""",legacy_section,Keep in legacy section.
reports/current_project_status_v3_17.md,28,human-audited,"- `README.md`: human-audited — ""human-audited""",legacy_section,Keep in legacy section.
reports/current_project_status_v3_17.md,29,SOTA,"- `README.md`: SOTA — ""SOTA""",legacy_section,Keep in legacy section.
reports/current_project_status_v3_17.md,29,SOTA,"- `README.md`: SOTA — ""SOTA""",legacy_section,Keep in legacy section.
reports/current_project_status_v3_17.md,30,SOTA,"- `README.md`: SOTA — ""SOTA""",legacy_section,Keep in legacy section.
reports/current_project_status_v3_17.md,30,SOTA,"- `README.md`: SOTA — ""SOTA""",legacy_section,Keep in legacy section.
reports/current_project_status_v3_17.md,31,automatic peer review,"- `README.md`: automatic peer review — ""automatic peer review""",legacy_section,Keep in legacy section.
reports/current_project_status_v3_17.md,31,automatic peer review,"- `README.md`: automatic peer review — ""automatic peer review""",legacy_section,Keep in legacy section.
reports/current_project_status_v3_17.md,32,full shared-threshold CESE-OCN,"- `CURRENT_MAINLINE.md`: full shared-threshold CESE-OCN as current — ""full shared-threshold CESE-OCN neural architecture** = future architecture, not """,legacy_section,Keep in legacy section.
reports/current_project_status_v3_17.md,32,full shared-threshold CESE-OCN,"- `CURRENT_MAINLINE.md`: full shared-threshold CESE-OCN as current — ""full shared-threshold CESE-OCN neural architecture** = future architecture, not """,legacy_section,Keep in legacy section.
reports/current_project_status_v3_17.md,33,gold benchmark,"- `CURRENT_MAINLINE.md`: gold benchmark — ""gold benchmark""",safe_negation,Keep as-is (safe negation).
reports/current_project_status_v3_17.md,33,gold benchmark,"- `CURRENT_MAINLINE.md`: gold benchmark — ""gold benchmark""",safe_negation,Keep as-is (safe negation).
reports/current_project_status_v3_17.md,34,human-audited,"- `CURRENT_MAINLINE.md`: human-audited — ""human-audited""",legacy_section,Keep in legacy section.
reports/current_project_status_v3_17.md,34,human-audited,"- `CURRENT_MAINLINE.md`: human-audited — ""human-audited""",legacy_section,Keep in legacy section.
reports/current_project_status_v3_17.md,35,SOTA,"- `CURRENT_MAINLINE.md`: SOTA — ""SOTA""",legacy_section,Keep in legacy section.
reports/current_project_status_v3_17.md,35,SOTA,"- `CURRENT_MAINLINE.md`: SOTA — ""SOTA""",legacy_section,Keep in legacy section.
reports/current_project_status_v3_17.md,36,automatic peer review,"- `CURRENT_MAINLINE.md`: automatic peer review — ""automatic peer review""",legacy_section,Keep in legacy section.
reports/current_project_status_v3_17.md,36,automatic peer review,"- `CURRENT_MAINLINE.md`: automatic peer review — ""automatic peer review""",legacy_section,Keep in legacy section.
reports/current_project_status_v3_17.md,37,human-audited,"- `docs\annotation_guidelines_simclaim_eval_v1.md`: human-audited — ""human-audited""",legacy_section,Keep in legacy section.
reports/current_project_status_v3_17.md,37,human-audited,"- `docs\annotation_guidelines_simclaim_eval_v1.md`: human-audited — ""human-audited""",legacy_section,Keep in legacy section.
reports/current_project_status_v3_17.md,38,human-audited,"- `docs\annotation_guidelines_simclaim_eval_v1.md`: human-audited — ""human-audited""",legacy_section,Keep in legacy section.
reports/current_project_status_v3_17.md,38,human-audited,"- `docs\annotation_guidelines_simclaim_eval_v1.md`: human-audited — ""human-audited""",legacy_section,Keep in legacy section.
reports/current_project_status_v3_17.md,39,full shared-threshold CESE-OCN,"- `docs\current_mainline_v3_17.md`: full shared-threshold CESE-OCN as current — ""Full shared-threshold CESE-OCN neural architecture validation."" — The older CESE""",legacy_section,Keep in legacy section.
reports/current_project_status_v3_17.md,39,Full shared-threshold CESE-OCN,"- `docs\current_mainline_v3_17.md`: full shared-threshold CESE-OCN as current — ""Full shared-threshold CESE-OCN neural architecture validation."" — The older CESE""",legacy_section,Keep in legacy section.
reports/current_project_status_v3_17.md,40,full shared-threshold CESE-OCN,"- `docs\current_mainline_v3_17.md`: full shared-threshold CESE-OCN as current — ""full shared-threshold CESE-OCN neural architecture is development history / futu""",legacy_section,Keep in legacy section.
reports/current_project_status_v3_17.md,40,full shared-threshold CESE-OCN,"- `docs\current_mainline_v3_17.md`: full shared-threshold CESE-OCN as current — ""full shared-threshold CESE-OCN neural architecture is development history / futu""",legacy_section,Keep in legacy section.
reports/current_project_status_v3_17.md,41,human-audited,"- `docs\current_mainline_v3_17.md`: human-audited — ""human-audited""",legacy_section,Keep in legacy section.
reports/current_project_status_v3_17.md,41,human-audited,"- `docs\current_mainline_v3_17.md`: human-audited — ""human-audited""",legacy_section,Keep in legacy section.
reports/current_project_status_v3_17.md,42,human-audited,"- `docs\current_mainline_v3_17.md`: human-audited — ""human-audited""",legacy_section,Keep in legacy section.
reports/current_project_status_v3_17.md,42,human-audited,"- `docs\current_mainline_v3_17.md`: human-audited — ""human-audited""",legacy_section,Keep in legacy section.
reports/current_project_status_v3_17.md,206,human-audited,| Frozen R4 review queue has results | `experiments/canonicalized_review_queue_v1/canonicalized_r4_review_scores.csv` | exists | **real** | Frozen R4 screening achieves strong_F1=0.4503 on 436 cand...,safe_negation,Keep as-is (safe negation).
reports/current_project_status_v3_17.md,211,SOTA,| PDF-start extraction stress test has results | `experiments/pdf_extraction_stress_test_v1/` | exists | **toy** | 12 synthetic PDF stress documents processed; 0 failures; 123 sentences extracted. ...,safe_negation,Keep as-is (safe negation).
reports/current_project_status_v3_17.md,213,gold benchmark,| Human audit has results | `experiments/human_audit_v1/audit_agreement_summary.json` | partial | **blocked** | Small targeted human audit protocol and seed queue are in place; audit not yet execut...,safe_negation,Keep as-is (safe negation).
reports/current_project_status_v3_17.md,214,human-audited,"| Paper assets generated | `paper_assets/v3_17_confidential/tables/` | exists | **real** | 8 tables (md+tex), 4 figure data CSVs, paper_results_summary.md (RQ1-8), paper_claims_checklist.md generat...",safe_negation,Keep as-is (safe negation).
reports/current_project_status_v3_17.md,221,SOTA,- **P0** [BLOCKED]: Clean up old narratives in docs (V2/gold/SOTA references),safe_negation,Keep as-is (safe negation).
reports/current_project_status_v3_17.md,222,gold benchmark,- Reason: 79 old narrative references found (majority are denials like 'not a gold benchmark'),safe_negation,Keep as-is (safe negation).
reports/current_project_status_v3_17.md,223,gold benchmark,"- Note: BLOCKED by scanner limitation: simple regex flags both claims AND denials. Manual review confirmed references are predominantly in denial/qualification context (e.g., 'not a gold benchmark'...",safe_negation,Keep as-is (safe negation).
reports/current_project_status_v3_17.md,223,human-audited,"- Note: BLOCKED by scanner limitation: simple regex flags both claims AND denials. Manual review confirmed references are predominantly in denial/qualification context (e.g., 'not a gold benchmark'...",safe_negation,Keep as-is (safe negation).
reports/current_project_status_v3_17.md,223,SOTA,"- Note: BLOCKED by scanner limitation: simple regex flags both claims AND denials. Manual review confirmed references are predominantly in denial/qualification context (e.g., 'not a gold benchmark'...",safe_negation,Keep as-is (safe negation).
reports/current_project_status_v3_17.md,300,human-audited,"> All results are controlled silver diagnostic, not gold/human-audited.",safe_negation,Keep as-is (safe negation).
reports/dataset_provenance_ledger_v3_17.md,13,gold benchmark,- not gold benchmark,safe_negation,Keep as-is (safe negation).
reports/dataset_provenance_ledger_v3_17.md,14,human-audited,- not human-audited benchmark,safe_negation,Keep as-is (safe negation).
reports/dataset_provenance_ledger_v3_17.md,20,human-audited,"> We use a source-traceable controlled silver diagnostic set. The labels are not gold or human-audited, and results should not be interpreted as benchmark-level model validation.",safe_negation,Keep as-is (safe negation).
reports/final_perfect_state_gate_v3_17.md,119,gold benchmark,| 6.5 | Never claims gold benchmark | PASS | P0 | Legacy scan confirms no unsafe current claims (unsafe=0) |,safe_negation,Keep as-is (safe negation).
