sample_id,candidate_id,label_4_silver,domain,parse_status,llm_label,llm_confidence,llm_rationale,llm_evidence_used,llm_uncertain,warnings,model,latency,input_tokens_est,output_tokens_est,cost_estimate,llm_label_idx,silver_idx,r4_label,r4_label_idx,llm_correct,r4_correct,llm_vs_r4
LLM_001,SBV2-ALL92-G043-C01,supported,autonomous_driving,ok,supported,1.0,"The evidence directly states that the authors evaluate three recent end-to-end autonomous driving agents on HABIT's semantically diverse pedestrian behaviors, matching the claim exactly.",True,False,,deepseek-v4-flash,1.44,524,74,0.000162,0,0,strong_action_overclaim,2,1,0,llm_only
LLM_002,SBV2-ALL92-G027-C01,supported,autonomous_driving,ok,supported,1.0,"The evidence directly states that ScenePilot-Bench remains an open-loop benchmark and does not directly measure downstream control effects in a closed-loop driving system, matching the claim exactly.",True,False,,deepseek-v4-flash,1.54,525,78,0.000164,0,0,strong_action_overclaim,2,1,0,llm_only
LLM_003,SBV2-ALL92-G040-C01,supported,autonomous_driving,ok,supported,1.0,"The evidence explicitly states that five classical E2EAD models are implemented as baseline methods, directly matching the claim.",True,False,,deepseek-v4-flash,2.19,532,66,0.000162,0,0,mild_scope_overclaim,1,1,0,llm_only
LLM_004,SBV2-ALL92-G036-C01,supported,autonomous_driving,ok,supported,0.95,"The evidence explicitly states that the lack of an official training set causes comparisons to be at the system level, and Bench2Drive addresses this by providing an official training dataset, directly supporting the claim.",True,False,,deepseek-v4-flash,1.84,549,82,0.000171,0,0,strong_action_overclaim,2,1,0,llm_only
LLM_005,SBV2-ALL92-G030-C01,supported,autonomous_driving,ok,supported,1.0,"The evidence directly states that ensuring safety under open-world conditions remains a significant barrier to large-scale deployment, which matches the claim's wording and meaning.",True,False,,deepseek-v4-flash,1.63,509,72,0.000158,0,0,mild_scope_overclaim,1,1,0,llm_only
LLM_006,SBV2-ALL92-G052-C01,supported,autonomous_driving,ok,supported,1.0,"The evidence directly states the same training setup with 8 NVIDIA A6000 GPUs, 64 CPUs, and 43 hours.",True,False,,deepseek-v4-flash,1.7,526,70,0.000162,0,0,mild_scope_overclaim,1,1,0,llm_only
LLM_007,SBV2-ALL92-G034-C01,supported,autonomous_driving,ok,supported,1.0,"The evidence directly states the same actions and conclusions as the claim, with no material overstatement or conflict.",True,False,,deepseek-v4-flash,1.61,522,64,0.000159,0,0,mild_scope_overclaim,1,1,0,llm_only
LLM_008,SBV2-ALL92-G025-C01,supported,autonomous_driving,ok,supported,1.0,"The evidence directly states that representative commercial, open-source, and driving-specialized VLMs are evaluated on ScenePilot-Bench, matching the claim exactly.",True,False,,deepseek-v4-flash,1.5,530,75,0.000164,0,0,mild_scope_overclaim,1,1,0,llm_only
LLM_009,SBV2-ALL92-G018-C01,supported,autonomous_driving,ok,supported,1.0,"The evidence directly states that overall performance of all ADVLMs remains relatively low, indicating notable limitations, which matches the claim exactly.",True,False,,deepseek-v4-flash,1.71,515,69,0.000158,0,0,strong_action_overclaim,2,1,0,llm_only
LLM_010,SBV2-ALL92-G031-C01,supported,autonomous_driving,ok,supported,1.0,"The evidence directly states that models are trained on the training split and evaluated using scene description and meta-action metrics on the test split, matching the claim exactly.",True,False,,deepseek-v4-flash,2.17,515,74,0.00016,0,0,mild_scope_overclaim,1,1,0,llm_only
LLM_011,SBV2-ALL92-G019-C01,supported,autonomous_driving,ok,supported,1.0,"The evidence directly states that LLaVA-Interleave is used as the base VLM, fine-tuned for two epochs on nuScenes with a learning rate of 2e-4, matching the claim exactly.",True,False,,deepseek-v4-flash,1.86,547,88,0.000172,0,0,mild_scope_overclaim,1,1,0,llm_only
LLM_012,SBV2-ALL92-G062-C01,supported,autonomous_driving,ok,supported,1.0,"The evidence directly states that the adapted HPNet model achieves prediction accuracy on simulated work zone datasets on par with benchmarks from Argoverse and INTERACTION, matching the claim exactly.",True,False,,deepseek-v4-flash,1.79,530,78,0.000165,0,0,mild_scope_overclaim,1,1,0,llm_only
LLM_013,SBV2-ALL92-G002-SUPPORTED,supported,autonomous_driving,ok,supported,1.0,"The evidence directly states that the benchmark is extended with Success Rate and All-Core Pass Rate metrics to assess planner robustness and overall performance balance across multiple dimensions, matching the claim exactly.",True,False,,deepseek-v4-flash,1.85,532,79,0.000166,0,0,strong_action_overclaim,2,1,0,llm_only
LLM_014,SBV2-ALL92-G008-SUPPORTED,supported,autonomous_driving,ok,supported,1.0,"The evidence directly states that saturation does not mean the problem is solved and attributes it to limited scenario diversity, object variety, and breadth of capabilities, matching the claim exactly.",True,False,,deepseek-v4-flash,1.81,528,77,0.000164,0,0,strong_action_overclaim,2,1,0,llm_only
LLM_015,SBV2-ALL92-G032-C01,supported,autonomous_driving,ok,supported,1.0,"The evidence directly states that DriveVLM-Dual incorporates DriveVLM and a traditional autonomous pipeline and achieves improved spatial reasoning and real-time planning capabilities, matching the claim exactly.",True,False,,deepseek-v4-flash,1.68,526,78,0.000164,0,0,mild_scope_overclaim,1,1,0,llm_only
LLM_016,SBV2-ALL92-G047-C01,supported,autonomous_driving,ok,supported,1.0,"The evidence directly states that GPUDrive achieves GPU-acceleration through the Madrona game engine, matching the claim exactly.",True,False,,deepseek-v4-flash,1.65,513,67,0.000157,0,0,strong_action_overclaim,2,1,0,llm_only
LLM_017,SBV2-ALL92-G089-C01,supported,cyber_defense,ok,supported,0.95,"The evidence directly states that a strong expert meta-policy can outperform a joint PPO policy, which matches the claim's comparison in the same context.",True,False,,deepseek-v4-flash,1.65,520,73,0.000161,0,0,mild_scope_overclaim,1,1,0,llm_only
LLM_018,SBV2-ALL92-G069-C01,supported,cyber_defense,ok,supported,1.0,"The evidence directly states the same constraint on systematic evaluation of offensive capabilities due to limited access to open, reproducible, multi-host cyber-range infrastructure.",True,False,,deepseek-v4-flash,1.77,521,71,0.000161,0,0,mild_scope_overclaim,1,1,0,llm_only
LLM_019,SBV2-ALL92-G083-C01,supported,cyber_defense,ok,supported,1.0,The evidence directly states the same numerical improvements in F1-score and mitigation success rate as the claim.,True,False,,deepseek-v4-flash,1.72,550,63,0.000166,0,0,mild_scope_overclaim,1,1,0,llm_only
LLM_020,SBV2-ALL92-G067-C01,supported,cyber_defense,ok,supported,1.0,"The evidence directly states evaluation of six frontier AI systems under matched prompts and budgets, matching the claim exactly.",True,False,,deepseek-v4-flash,1.69,501,64,0.000153,0,0,mild_scope_overclaim,1,1,0,llm_only
LLM_021,SBV2-ALL92-G091-C01,supported,cyber_defense,ok,supported,1.0,"The evidence directly states the same action as the claim, with no material difference in scope or action.",True,False,,deepseek-v4-flash,1.74,509,63,0.000155,0,0,mild_scope_overclaim,1,1,0,llm_only
LLM_022,SBV2-ALL92-G086-C01,supported,cyber_defense,ok,supported,1.0,"The evidence directly states that proactive-v2 lasts 15 time steps, beating proactive-v1 at 12 and baseline at 10 against the aggressive red agent, matching the claim exactly.",True,False,,deepseek-v4-flash,1.86,539,80,0.000168,0,0,supported,0,1,1,both_correct
LLM_023,SBV2-ALL92-G082-C01,supported,cyber_defense,ok,supported,1.0,"The evidence directly states evaluation in a realistic enterprise testbed using CALDERA-driven APT scenarios, matching the claim's description.",True,False,,deepseek-v4-flash,1.73,514,69,0.000158,0,0,mild_scope_overclaim,1,1,0,llm_only
LLM_024,SBV2-ALL92-G131-C01,supported,digital_twin,ok,supported,1.0,"The evidence directly states that a digital shadow processes data continuously from the physical system and that automated control cannot be guaranteed, matching the claim exactly.",True,False,,deepseek-v4-flash,1.72,512,71,0.000158,0,0,mild_scope_overclaim,1,1,0,llm_only
LLM_025,SBV2-ALL92-G122-C01,supported,digital_twin,ok,supported,1.0,"The evidence directly states that the model achieves an R2 of 0.3798 and outperforms baseline regressors, matching the claim exactly.",True,False,,deepseek-v4-flash,1.73,533,72,0.000164,0,0,strong_action_overclaim,2,1,0,llm_only
LLM_051,SBV2-ALL92-G028-C02,mild_scope_overclaim,autonomous_driving,ok,supported,1.0,"The evidence directly states the same iterative quality control process to filter noise and correct biases, matching the claim exactly.",True,False,,deepseek-v4-flash,1.85,524,65,0.00016,0,1,supported,0,0,0,both_wrong
LLM_052,SBV2-ALL92-G052-C02,mild_scope_overclaim,autonomous_driving,ok,mild_scope_overclaim,1.0,"The claim states 53 hours of training, but the evidence specifies 43 hours, which is a slight numerical overstatement.",True,False,,deepseek-v4-flash,1.89,526,73,0.000162,1,1,mild_scope_overclaim,1,1,1,both_correct
LLM_053,SBV2-ALL92-G036-C02,mild_scope_overclaim,autonomous_driving,ok,mild_scope_overclaim,0.9,"The evidence states that the lack of an official training set causes comparisons at the system-level instead of algorithm-level, but does not mention route-level comparisons, which the claim adds.",True,False,,deepseek-v4-flash,1.82,552,83,0.000172,1,1,strong_action_overclaim,2,1,0,llm_only
LLM_054,SBV2-ALL92-G027-C02,mild_scope_overclaim,autonomous_driving,ok,supported,1.0,"The evidence directly states that ScenePilot-Bench remains an open-loop benchmark and does not directly measure downstream control effects in a closed-loop system, matching the claim exactly.",True,False,,deepseek-v4-flash,1.85,528,77,0.000164,0,1,strong_action_overclaim,2,0,0,both_wrong
LLM_055,SBV2-ALL92-G030-C02,mild_scope_overclaim,autonomous_driving,ok,supported,1.0,"The evidence directly states that ensuring safety under open-world conditions remains a significant barrier to large-scale deployment, which matches the claim's assertion that it is the main barrier to large-scale adoption.",True,False,,deepseek-v4-flash,1.73,509,80,0.00016,0,1,mild_scope_overclaim,1,0,1,r4_only
LLM_056,SBV2-ALL92-G032-C02,mild_scope_overclaim,autonomous_driving,ok,mild_scope_overclaim,0.9,"The evidence supports improved spatial reasoning and real-time planning but does not mention perception, which the claim adds.",True,False,,deepseek-v4-flash,1.83,527,69,0.000162,1,1,mild_scope_overclaim,1,1,1,both_correct
LLM_057,SBV2-ALL92-G011-MILD,mild_scope_overclaim,autonomous_driving,ok,supported,1.0,"The evidence directly states that deployment-related perturbations substantially degrade closed-loop driving performance and reveal robustness challenges not fully captured by conventional image-level corruption evaluations, matching the claim exactly.",True,False,,deepseek-v4-flash,1.78,523,76,0.000162,0,1,strong_action_overclaim,2,0,0,both_wrong
LLM_058,SBV2-ALL92-G007-MILD,mild_scope_overclaim,autonomous_driving,ok,supported,1.0,"The evidence directly states that conventional end-to-end methods remain strongly limited on HiDrive and that DiffusionDrive achieves only 34.2 Overall DS, matching the claim exactly.",True,False,,deepseek-v4-flash,1.75,530,77,0.000165,0,1,mild_scope_overclaim,1,0,1,r4_only
LLM_059,SBV2-ALL92-G040-C02,mild_scope_overclaim,autonomous_driving,ok,mild_scope_overclaim,0.9,"The claim states seven baseline models, but the evidence explicitly says five models are implemented.",True,False,,deepseek-v4-flash,1.75,532,65,0.000162,1,1,contradiction_candidate,3,1,0,llm_only
LLM_060,SBV2-ALL92-G037-C02,mild_scope_overclaim,autonomous_driving,ok,supported,1.0,"The evidence directly states that due to heavy computational requirements of closed-loop simulation, they evaluate on the navmini split, which matches the claim exactly.",True,False,,deepseek-v4-flash,1.46,509,72,0.000158,0,1,mild_scope_overclaim,1,0,1,r4_only
LLM_061,SBV2-ALL92-G047-C02,mild_scope_overclaim,autonomous_driving,ok,mild_scope_overclaim,0.9,"The evidence only mentions GPU acceleration, but the claim adds CPU acceleration, which is not supported by the evidence.",True,False,,deepseek-v4-flash,1.73,516,70,0.000159,1,1,strong_action_overclaim,2,1,0,llm_only
LLM_062,SBV2-ALL92-G025-C02,mild_scope_overclaim,autonomous_driving,ok,mild_scope_overclaim,0.9,"The evidence mentions 'commercial, open-source, and driving-specialized VLMs' but the claim adds 'vehicle-specialized' and 'proprietary' which are not explicitly stated, slightly broadening the scope.",True,False,,deepseek-v4-flash,1.89,532,93,0.00017,1,1,strong_action_overclaim,2,1,0,llm_only
LLM_063,SBV2-ALL92-G051-C02,mild_scope_overclaim,autonomous_driving,ok,mild_scope_overclaim,0.9,"The evidence states 'city-scale networks' while the claim says 'regional road networks', which is a slight broadening of scope.",True,False,,deepseek-v4-flash,1.42,535,73,0.000165,1,1,contradiction_candidate,3,1,0,llm_only
LLM_064,SBV2-ALL92-G057-C02,mild_scope_overclaim,autonomous_driving,ok,mild_scope_overclaim,0.9,"The evidence states [70, 60, 50] mph as compliant, but the claim substitutes [70, 60, 40] mph, which is a slight numerical deviation not directly supported.",True,False,,deepseek-v4-flash,1.75,560,89,0.000176,1,1,supported,0,1,0,llm_only
LLM_065,SBV2-ALL92-G003-MILD,mild_scope_overclaim,autonomous_driving,ok,supported,1.0,"The evidence directly states that nuPlan-R is a new reactive closed-loop planning benchmark that integrates learning-based reactive multi-agent simulation into the nuPlan framework, matching the claim exactly.",True,False,,deepseek-v4-flash,1.43,523,78,0.000163,0,1,supported,0,0,0,both_wrong
LLM_066,SBV2-ALL92-G021-C02,mild_scope_overclaim,autonomous_driving,ok,supported,1.0,"The evidence directly states that experiments highlight limitations of current VLM-based end-to-end autonomous driving systems and provide a more reliable solution, matching the claim's content.",True,False,,deepseek-v4-flash,2.07,528,75,0.000164,0,1,mild_scope_overclaim,1,0,1,r4_only
LLM_067,SBV2-ALL92-G092-C02,mild_scope_overclaim,cyber_defense,ok,mild_scope_overclaim,0.9,"The evidence mentions 'several interpretable metrics relevant to cybersecurity' but does not explicitly list 'resource costs', which the claim includes.",True,False,,deepseek-v4-flash,1.24,544,74,0.000168,1,1,strong_action_overclaim,2,1,0,llm_only
LLM_068,SBV2-ALL92-G086-C02,mild_scope_overclaim,cyber_defense,ok,mild_scope_overclaim,0.9,"The claim states proactive-v2 lasts 16 time steps, but the evidence says 15 time steps, a slight numerical overstatement.",True,False,,deepseek-v4-flash,1.7,539,75,0.000167,1,1,mild_scope_overclaim,1,1,1,both_correct
LLM_069,SBV2-ALL92-G087-C02,mild_scope_overclaim,cyber_defense,ok,supported,0.95,"The evidence directly states that human designers face substantial cognitive limitations in developing comprehensive reward models that capture nuanced dynamics of cyber operations, which matches the claim.",True,False,,deepseek-v4-flash,1.73,534,72,0.000164,0,1,strong_action_overclaim,2,0,0,both_wrong
LLM_070,SBV2-ALL92-G079-C02,mild_scope_overclaim,cyber_defense,ok,mild_scope_overclaim,0.9,"The evidence mentions only one adaptive attacker, while the claim states there are two adaptive attackers.",True,False,,deepseek-v4-flash,1.76,518,66,0.000158,1,1,strong_action_overclaim,2,1,0,llm_only
LLM_071,SBV2-ALL92-G083-C02,mild_scope_overclaim,cyber_defense,ok,mild_scope_overclaim,0.95,"The claim states the F1-score improves to 0.925, but the evidence reports 0.915, a slight numerical overstatement.",True,False,,deepseek-v4-flash,1.78,550,77,0.00017,1,1,mild_scope_overclaim,1,1,1,both_correct
LLM_072,SBV2-ALL92-G069-C02,mild_scope_overclaim,cyber_defense,ok,supported,1.0,"The evidence directly states that systematic evaluation of offensive capabilities remains constrained by limited access to open, reproducible, multi-host cyber-range infrastructure, which matches the claim almost verbatim.",True,False,,deepseek-v4-flash,1.8,522,77,0.000162,0,1,mild_scope_overclaim,1,0,1,r4_only
LLM_073,SBV2-ALL92-G093-C02,mild_scope_overclaim,cyber_defense,ok,mild_scope_overclaim,0.9,"The claim adds 'attacker coordination' as a future work direction, which is not mentioned in the evidence.",True,False,,deepseek-v4-flash,1.77,522,70,0.000161,1,1,supported,0,1,0,llm_only
LLM_074,SBV2-ALL92-G145-C02,mild_scope_overclaim,digital_twin,ok,supported,1.0,"The evidence directly states that APDT was implemented as a proof of concept on a university campus subnetwork using historical data from three access points, matching the claim exactly.",True,False,,deepseek-v4-flash,1.73,523,76,0.000162,0,1,supported,0,0,0,both_wrong
LLM_075,SBV2-ALL92-G122-C02,mild_scope_overclaim,digital_twin,ok,supported,0.95,"The evidence directly states that the model achieves an R2 of 0.3798 and outperforms baseline regressors, matching the claim exactly.",True,False,,deepseek-v4-flash,1.7,537,72,0.000165,0,1,mild_scope_overclaim,1,0,1,r4_only
LLM_101,SBV2-ALL92-G052-C03,strong_action_overclaim,autonomous_driving,ok,mild_scope_overclaim,0.95,"The claim states 16 GPUs and 100 CPUs, but the evidence specifies 8 GPUs and 64 CPUs, which is a scope overstatement.",True,False,,deepseek-v4-flash,1.66,526,80,0.000164,1,2,mild_scope_overclaim,1,0,0,both_wrong
LLM_102,SBV2-ALL92-G028-C03,strong_action_overclaim,autonomous_driving,ok,supported,1.0,"The evidence directly states the implementation of a rigorous, iterative quality control process to filter noise and correct biases, matching the claim's description.",True,False,,deepseek-v4-flash,1.77,523,70,0.000161,0,2,supported,0,0,0,both_wrong
LLM_103,SBV2-ALL92-G019-C03,strong_action_overclaim,autonomous_driving,ok,mild_scope_overclaim,0.95,"The evidence states fine-tuning for two epochs on nuScenes only, while the claim says four epochs on nuScenes and Waymo.",True,False,,deepseek-v4-flash,1.62,550,76,0.00017,1,2,mild_scope_overclaim,1,0,0,both_wrong
LLM_104,SBV2-ALL92-G013-C03,strong_action_overclaim,autonomous_driving,ok,mild_scope_overclaim,0.9,"The evidence states a closed-loop interactive end-to-end simulation platform based on nuPlan, but the claim adds 'benchmark-scale evaluation pipelines and renderer comparisons' which are not mentioned in the evidence.",True,False,,deepseek-v4-flash,1.83,511,88,0.000163,1,2,strong_action_overclaim,2,0,1,r4_only
LLM_105,SBV2-ALL92-G030-C03,strong_action_overclaim,autonomous_driving,ok,strong_action_overclaim,0.9,"The evidence states that safety under open-world conditions remains a barrier to large-scale deployment, but the claim adds that current benchmark data resolves this barrier, which is not supported by the evidence.",True,False,,deepseek-v4-flash,1.83,511,83,0.000161,2,2,mild_scope_overclaim,1,1,0,llm_only
LLM_106,SBV2-ALL92-G004-STRONG,strong_action_overclaim,autonomous_driving,ok,mild_scope_overclaim,0.9,"The evidence mentions only a desktop PC with the specified CPU, RAM, and GPU, but the claim adds a multi-GPU compute cluster not present in the evidence.",True,False,,deepseek-v4-flash,1.86,567,81,0.000176,1,2,mild_scope_overclaim,1,0,0,both_wrong
LLM_107,SBV2-ALL92-G042-C03,strong_action_overclaim,autonomous_driving,ok,supported,0.95,"The evidence directly states the introduction of a closed-loop evaluation framework integrating real-world driving scenarios into CARLA with infrastructure cooperation, matching the claim's core elements.",True,False,,deepseek-v4-flash,1.91,523,74,0.000162,0,2,strong_action_overclaim,2,0,1,r4_only
LLM_108,SBV2-ALL92-G014-C03,strong_action_overclaim,autonomous_driving,ok,mild_scope_overclaim,0.9,"Evidence only mentions lower FID score, not lower perception and segmentation scores as claimed.",True,False,,deepseek-v4-flash,2.13,550,65,0.000167,1,2,mild_scope_overclaim,1,0,0,both_wrong
LLM_109,SBV2-ALL92-G025-C03,strong_action_overclaim,autonomous_driving,ok,mild_scope_overclaim,0.9,"The evidence mentions commercial, open-source, and driving-specialized VLMs, but the claim adds 'vehicle-specialized, sensor-fusion, and text-centric' categories not present in the evidence.",True,False,,deepseek-v4-flash,1.76,537,89,0.00017,1,2,strong_action_overclaim,2,0,1,r4_only
LLM_110,SBV2-ALL92-G018-C03,strong_action_overclaim,autonomous_driving,ok,supported,1.0,"The evidence directly states that overall performance of all ADVLMs remains relatively low, which matches the claim's assertion about low performance and unreliability for closed-loop evaluation benchmarks.",True,False,,deepseek-v4-flash,1.78,517,78,0.000161,0,2,strong_action_overclaim,2,0,1,r4_only
LLM_111,SBV2-ALL92-G043-C03,strong_action_overclaim,autonomous_driving,ok,mild_scope_overclaim,0.9,"The evidence states evaluation of three agents, while the claim says seven agents, broadening the scope.",True,False,,deepseek-v4-flash,1.85,524,67,0.00016,1,2,contradiction_candidate,3,0,0,both_wrong
LLM_112,SBV2-ALL92-G034-C03,strong_action_overclaim,autonomous_driving,ok,supported,0.95,"The evidence directly states that state-of-the-art E2E-AD models are implemented and evaluated in Bench2Drive, providing insights on current status and future directions, which matches the claim without overstatement.",True,False,,deepseek-v4-flash,1.77,522,84,0.000164,0,2,mild_scope_overclaim,1,0,0,both_wrong
LLM_113,SBV2-ALL92-G027-C03,strong_action_overclaim,autonomous_driving,ok,supported,1.0,"The evidence directly states that ScenePilot-Bench remains an open-loop benchmark and does not directly measure downstream control effects in a closed-loop system, matching the claim exactly.",True,False,,deepseek-v4-flash,1.62,532,77,0.000165,0,2,strong_action_overclaim,2,0,1,r4_only
LLM_114,SBV2-ALL92-G032-C03,strong_action_overclaim,autonomous_driving,ok,mild_scope_overclaim,0.9,"The evidence supports improved spatial reasoning and real-time planning but does not mention trajectory-control accuracy, which the claim adds.",True,False,,deepseek-v4-flash,1.79,528,71,0.000162,1,2,mild_scope_overclaim,1,0,0,both_wrong
LLM_115,SBV2-ALL92-G040-C03,strong_action_overclaim,autonomous_driving,ok,contradiction_candidate,1.0,"The claim states twelve baseline methods are implemented, but the evidence explicitly says five classical models are implemented.",True,False,,deepseek-v4-flash,1.7,532,67,0.000162,3,2,contradiction_candidate,3,0,0,both_wrong
LLM_116,SBV2-ALL92-G038-C03,strong_action_overclaim,autonomous_driving,ok,mild_scope_overclaim,0.9,"The claim states 12% and 98%, while the evidence reports 22% and 95%, so the claim slightly overstates the scores.",True,False,,deepseek-v4-flash,1.89,526,78,0.000164,1,2,strong_action_overclaim,2,0,1,r4_only
LLM_117,SBV2-ALL92-G083-C03,strong_action_overclaim,cyber_defense,ok,contradiction_candidate,1.0,"The claim states that DeepXplain raises the average stage-weighted F1-score to 0.950 and mitigation success to 95.0%, but the evidence reports values of 0.915 and 89.6%, which directly conflict with the claim.",True,False,,deepseek-v4-flash,1.87,550,99,0.000176,3,2,mild_scope_overclaim,1,0,0,both_wrong
LLM_118,SBV2-ALL92-G098-C03,strong_action_overclaim,cyber_defense,ok,mild_scope_overclaim,0.9,"The evidence states the approach 'matches performance' on unseen larger networks, while the claim says 'exceeds performance' on such networks.",True,False,,deepseek-v4-flash,2.0,525,75,0.000163,1,2,mild_scope_overclaim,1,0,0,both_wrong
LLM_119,SBV2-ALL92-G082-C03,strong_action_overclaim,cyber_defense,ok,supported,0.95,"The evidence directly states evaluation in a realistic testbed using CALDERA-driven APT scenarios, matching the claim's description.",True,False,,deepseek-v4-flash,1.91,517,68,0.000159,0,2,strong_action_overclaim,2,0,1,r4_only
LLM_120,SBV2-ALL92-G093-C03,strong_action_overclaim,cyber_defense,ok,contradiction_candidate,1.0,"The claim states that the paper presents H-MARL transferability to evolving adversaries, but the evidence explicitly says this is left as future work.",True,False,,deepseek-v4-flash,1.78,523,76,0.000162,3,2,contradiction_candidate,3,0,0,both_wrong
LLM_121,SBV2-ALL92-G086-C03,strong_action_overclaim,cyber_defense,ok,mild_scope_overclaim,0.9,"The claim states proactive-v2 lasts 20 time steps, but the evidence says 15 time steps, so the claim overstates the duration while the relative ordering is correct.",True,False,,deepseek-v4-flash,2.01,539,83,0.000169,1,2,mild_scope_overclaim,1,0,0,both_wrong
LLM_122,SBV2-ALL92-G069-C03,strong_action_overclaim,cyber_defense,ok,supported,1.0,"The evidence directly states that systematic evaluation of offensive capabilities is constrained by limited access to open, reproducible, multi-host cyber-range infrastructure, which matches the claim's assertion about missing such infrastructure.",True,False,,deepseek-v4-flash,1.82,522,80,0.000163,0,2,mild_scope_overclaim,1,0,0,both_wrong
LLM_123,SBV2-ALL92-G091-C03,strong_action_overclaim,cyber_defense,ok,supported,1.0,"The evidence directly states that methods are evaluated against multiple baselines at different stages of the design process to motivate methodology and design decisions, which matches the claim.",True,False,,deepseek-v4-flash,1.66,509,74,0.000158,0,2,mild_scope_overclaim,1,0,0,both_wrong
LLM_124,SBV2-ALL92-G141-C03,strong_action_overclaim,digital_twin,ok,mild_scope_overclaim,0.8,"The evidence states that meeting low-latency requirements becomes 'more challenging' under the limitation, while the claim asserts they become 'infeasible', which is a stronger conclusion than the evidence supports.",True,False,,deepseek-v4-flash,1.93,515,89,0.000164,1,2,contradiction_candidate,3,0,0,both_wrong
LLM_125,SBV2-ALL92-G144-C03,strong_action_overclaim,digital_twin,ok,supported,0.95,"The evidence directly states that traditional passive safety analysis methods face serious limitations in data-scarce and evolving environments, matching the claim's core assertion.",True,False,,deepseek-v4-flash,2.02,531,72,0.000164,0,2,mild_scope_overclaim,1,0,0,both_wrong
LLM_151,SBV2-ALL92-G018-C04,contradiction_candidate,autonomous_driving,ok,contradiction_candidate,1.0,"The claim states that overall ADVLM performance remains relatively high, while the evidence explicitly states that overall performance remains relatively low.",True,False,,deepseek-v4-flash,1.75,517,71,0.000159,3,3,contradiction_candidate,3,1,1,both_correct
LLM_152,SBV2-ALL92-G040-C04,contradiction_candidate,autonomous_driving,ok,contradiction_candidate,1.0,"The evidence states that five classical E2EAD models are implemented as baselines, directly contradicting the claim that no classical E2EAD models are implemented.",True,False,,deepseek-v4-flash,1.78,532,80,0.000166,3,3,contradiction_candidate,3,1,1,both_correct
LLM_153,SBV2-ALL92-G038-C04,contradiction_candidate,autonomous_driving,ok,contradiction_candidate,1.0,"The claim states the constant-velocity agent scores 95% and the human expert scores 22%, but the evidence directly reverses these scores, stating the constant velocity agent drops to 22% and the human expert achieves 95%.",True,False,,deepseek-v4-flash,1.84,526,94,0.000168,3,3,strong_action_overclaim,2,1,0,llm_only
LLM_154,SBV2-ALL92-G013-C04,contradiction_candidate,autonomous_driving,ok,contradiction_candidate,1.0,"The evidence states the platform is based on nuPlan and is closed-loop interactive, directly contradicting the claim that it is open-loop noninteractive and unrelated to nuPlan.",True,False,,deepseek-v4-flash,1.82,512,82,0.000161,3,3,strong_action_overclaim,2,1,0,llm_only
LLM_155,SBV2-ALL92-G019-C04,contradiction_candidate,autonomous_driving,ok,contradiction_candidate,1.0,"The evidence states the base VLM is LLaVA-Interleave, fine-tuned on nuScenes with learning rate 2e-4, while the claim says GPT-4o, KITTI, and learning rate 1e-4, which directly conflicts.",True,False,,deepseek-v4-flash,2.24,545,104,0.000176,3,3,contradiction_candidate,3,1,1,both_correct
LLM_156,SBV2-ALL92-G020-C04,contradiction_candidate,autonomous_driving,ok,contradiction_candidate,1.0,"The claim states that RoboDriveVLM-TTA records weaker AvgL2-Prompt and AvgCol-Prompt results while maintaining higher MCL2 and MCC values, but the evidence says it achieves the best overall performance in AvgL2-Prompt and AvgCol-Prompt and maintains relatively low MCL2/MCC values, directly contradicting both parts.",True,False,,deepseek-v4-flash,2.02,551,119,0.000182,3,3,contradiction_candidate,3,1,1,both_correct
LLM_157,SBV2-ALL92-G057-C04,contradiction_candidate,autonomous_driving,ok,contradiction_candidate,1.0,"The evidence states that [70, 60, 50] mph complies and [70, 50, 30] mph does not, which directly contradicts the claim that [70, 60, 50] mph exceeds the maximum speed differential and [70, 50, 30] mph is compliant.",True,False,,deepseek-v4-flash,1.99,560,111,0.000182,3,3,supported,0,1,0,llm_only
LLM_158,SBV2-ALL92-G031-C04,contradiction_candidate,autonomous_driving,ok,contradiction_candidate,1.0,"The claim states models are trained on the test split and evaluated on training performance, but the evidence explicitly says training is on the training split and evaluation is on the test split.",True,False,,deepseek-v4-flash,1.59,515,82,0.000162,3,3,mild_scope_overclaim,1,1,0,llm_only
LLM_159,SBV2-ALL92-G032-C04,contradiction_candidate,autonomous_driving,ok,contradiction_candidate,1.0,"The evidence states that DriveVLM-Dual achieves improved spatial reasoning and real-time planning, directly contradicting the claim that it reports weaker capabilities.",True,False,,deepseek-v4-flash,1.73,526,76,0.000163,3,3,contradiction_candidate,3,1,1,both_correct
LLM_160,SBV2-ALL92-G051-C04,contradiction_candidate,autonomous_driving,ok,mild_scope_overclaim,0.9,"The evidence describes a framework for testing RL routing algorithms, while the claim specifies supervised lane detection algorithms, which is a different domain.",True,False,,deepseek-v4-flash,1.79,536,74,0.000165,1,3,strong_action_overclaim,2,0,0,both_wrong
LLM_161,SBV2-ALL92-G043-C04,contradiction_candidate,autonomous_driving,ok,contradiction_candidate,1.0,"The evidence states that the authors evaluate three recent end-to-end autonomous driving agents on HABIT, directly contradicting the claim that HABIT evaluates no recent end-to-end autonomy agents.",True,False,,deepseek-v4-flash,1.75,524,85,0.000165,3,3,contradiction_candidate,3,1,1,both_correct
LLM_162,SBV2-ALL92-G047-C04,contradiction_candidate,autonomous_driving,ok,contradiction_candidate,1.0,"The evidence states that GPUDrive achieves GPU-acceleration through Madrona, directly contradicting the claim that it lacks GPU acceleration.",True,False,,deepseek-v4-flash,1.88,513,73,0.000159,3,3,contradiction_candidate,3,1,1,both_correct
LLM_163,SBV2-ALL92-G065-C04,contradiction_candidate,autonomous_driving,ok,mild_scope_overclaim,0.8,"The evidence mentions design tradeoffs involving power, network, storage, sensor visibility, and ground truth sources, but the claim adds compute benchmarks, camera styling, annotation speed, map formatting, and dashboard layout which are not present in the evidence.",True,False,,deepseek-v4-flash,1.9,530,96,0.00017,1,3,contradiction_candidate,3,0,1,r4_only
LLM_164,SBV2-ALL92-G037-C04,contradiction_candidate,autonomous_driving,ok,contradiction_candidate,1.0,"The claim states that NAVSIM experiments evaluate on the navtest split due to light computational requirements, but the evidence explicitly says they evaluate on the navmini split because of heavy computational requirements.",True,False,,deepseek-v4-flash,1.82,509,84,0.000161,3,3,contradiction_candidate,3,1,1,both_correct
LLM_165,SBV2-ALL92-G034-C04,contradiction_candidate,autonomous_driving,ok,contradiction_candidate,1.0,"The claim states Bench2Drive avoids evaluating state-of-the-art E2E-AD models, but the evidence explicitly says they implement and evaluate such models.",True,False,,deepseek-v4-flash,1.78,524,78,0.000163,3,3,contradiction_candidate,3,1,1,both_correct
LLM_166,SBV2-ALL92-G004-CONTRA,contradiction_candidate,autonomous_driving,ok,contradiction_candidate,1.0,"The claim specifies an AMD Ryzen workstation, 16 GB RAM, and an NVIDIA RTX 2080 GPU, while the evidence states an Intel Core i9-12900KS CPU, 32 GB RAM, and an NVIDIA GeForce RTX 3090 Ti GPU, which are directly conflicting hardware specifications.",True,False,,deepseek-v4-flash,2.0,559,111,0.000182,3,3,contradiction_candidate,3,1,1,both_correct
LLM_167,SBV2-ALL92-G091-C04,contradiction_candidate,cyber_defense,ok,contradiction_candidate,1.0,"The claim states the study evaluates against no baselines, while the evidence explicitly states it evaluates against multiple baselines.",True,False,,deepseek-v4-flash,1.71,509,70,0.000157,3,3,contradiction_candidate,3,1,1,both_correct
LLM_168,SBV2-ALL92-G094-C04,contradiction_candidate,cyber_defense,ok,mild_scope_overclaim,0.8,"The evidence mentions analyzing trade-offs between resilience, costs, and prioritization of operational goals, while the claim specifies interface design, report formatting, and analyst preferences, which are not present in the evidence.",True,False,,deepseek-v4-flash,1.77,530,88,0.000168,1,3,mild_scope_overclaim,1,0,0,both_wrong
LLM_169,SBV2-ALL92-G089-C04,contradiction_candidate,cyber_defense,ok,contradiction_candidate,1.0,"The evidence states that a strong expert meta-policy outperforms a joint PPO policy, while the claim asserts that the expert hierarchical decision rule trails the joint PPO baseline.",True,False,,deepseek-v4-flash,1.76,519,82,0.000163,3,3,contradiction_candidate,3,1,1,both_correct
LLM_170,SBV2-ALL92-G083-C04,contradiction_candidate,cyber_defense,ok,contradiction_candidate,1.0,"The evidence states that DeepXplain improves the F1-score and mitigation success rate, while the claim asserts that it lowers both metrics.",True,False,,deepseek-v4-flash,1.9,550,74,0.000169,3,3,contradiction_candidate,3,1,1,both_correct
LLM_171,SBV2-ALL92-G087-C04,contradiction_candidate,cyber_defense,ok,contradiction_candidate,1.0,"The evidence states that human designers face substantial cognitive limitations, directly contradicting the claim that they face minimal cognitive limitations.",True,False,,deepseek-v4-flash,1.67,531,70,0.000163,3,3,contradiction_candidate,3,1,1,both_correct
LLM_172,SBV2-ALL92-G069-C04,contradiction_candidate,cyber_defense,ok,contradiction_candidate,1.0,"The evidence states that systematic evaluation is constrained by limited access, while the claim asserts that it benefits from broad access.",True,False,,deepseek-v4-flash,1.62,520,70,0.00016,3,3,contradiction_candidate,3,1,1,both_correct
LLM_173,SBV2-ALL92-G099-C04,contradiction_candidate,cyber_defense,ok,mild_scope_overclaim,0.9,"The evidence states the observation and action spaces are decomposed into discrete entities, while the claim says continuous global vectors, which is a slight scope overclaim.",True,False,,deepseek-v4-flash,1.72,530,78,0.000165,1,3,contradiction_candidate,3,0,1,r4_only
LLM_174,SBV2-ALL92-G111-C04,contradiction_candidate,digital_twin,ok,contradiction_candidate,1.0,"The evidence explicitly states that there are challenges due to hardware limitations and software restrictions, directly contradicting the claim that there are no such limitations or restrictions.",True,False,,deepseek-v4-flash,1.81,525,77,0.000163,3,3,contradiction_candidate,3,1,1,both_correct
LLM_175,SBV2-ALL92-G110-C04,contradiction_candidate,digital_twin,ok,contradiction_candidate,1.0,"The claim states 'slow learning convergence and fragile task execution' while the evidence states 'rapid policy convergence and robust task execution', which are direct opposites.",True,False,,deepseek-v4-flash,1.77,510,78,0.00016,3,3,contradiction_candidate,3,1,1,both_correct
LLM_026,SBV2-ALL92-G106-C01,supported,digital_twin,ok,supported,1.0,"The evidence directly states that test error (MAPE) was evaluated by running the estimated optimal policy on the physical system for 2,000 episodes, which matches the claim.",True,False,,deepseek-v4-flash,1.44,529,78,9.8e-05,0,0,mild_scope_overclaim,1,1,0,llm_only
LLM_027,SBV2-ALL92-G108-C01,supported,digital_twin,ok,supported,1.0,"The evidence directly states that the method is 'theoretically justified' and 'does not rely on restrictive assumptions such as linear transitions', which matches the claim exactly.",True,False,,deepseek-v4-flash,1.55,515,76,9.4e-05,0,0,strong_action_overclaim,2,1,0,llm_only
LLM_028,SBV2-ALL92-G116-C01,supported,digital_twin,ok,supported,1.0,"The evidence directly states that GPT-4o-mini reached perfect accuracy on one document and extracted fewer regulations overall, favoring precision over recall, which matches the claim exactly.",True,False,,deepseek-v4-flash,1.57,532,77,9.9e-05,0,0,strong_action_overclaim,2,1,0,llm_only
LLM_029,SBV2-ALL92-G119-C01,supported,digital_twin,ok,supported,1.0,"The evidence directly states that individual CAV evaluation provides detection metrics based on average precision across IoU thresholds and multiclass mean average precision, matching the claim exactly.",True,False,,deepseek-v4-flash,1.53,537,75,9.9e-05,0,0,mild_scope_overclaim,1,1,0,llm_only
LLM_030,SBV2-ALL92-G146-C01,supported,digital_twin,ok,supported,1.0,"The evidence directly states the same accuracy percentage and predictive-model outputs, and explicitly mentions potential for network optimization and management, matching the claim exactly.",True,False,,deepseek-v4-flash,1.53,529,71,9.6e-05,0,0,strong_action_overclaim,2,1,0,llm_only
LLM_031,SBV2-ALL92-G140-C01,supported,digital_twin,ok,supported,1.0,"The evidence directly states a 37% improvement in 95th percentile latency and a 30% reduction in energy consumption compared to existing literature, matching the claim exactly.",True,False,,deepseek-v4-flash,1.54,535,77,9.9e-05,0,0,strong_action_overclaim,2,1,0,llm_only
LLM_032,SBV2-ALL92-G213-C01,supported,marl,ok,supported,1.0,"The evidence directly states that optimization with individual utility functions remains unsolved in the most general setting, which matches the claim.",True,False,,deepseek-v4-flash,1.23,510,67,0.000107,0,0,strong_action_overclaim,2,1,0,llm_only
LLM_033,SBV2-ALL92-G205-C01,supported,marl,ok,supported,1.0,"The evidence directly states that they implement an interface between the simulator and the Python wind farm environment via MPI communication channels, matching the claim exactly.",True,False,,deepseek-v4-flash,1.31,523,71,0.000161,0,0,mild_scope_overclaim,1,1,0,llm_only
LLM_034,SBV2-ALL92-G186-C01,supported,marl,ok,supported,1.0,"The evidence directly states that many academic benchmarks differ markedly from industrial control problems, limiting transferability to real-world applications, which matches the claim's assertion about the paper's argument.",True,False,,deepseek-v4-flash,1.7,507,78,0.000159,0,0,mild_scope_overclaim,1,1,0,llm_only
LLM_035,SBV2-ALL92-G196-C01,supported,marl,ok,supported,1.0,The evidence explicitly states that the algorithm is evaluated in the same three continuous-action benchmark environments as the claim.,True,False,,deepseek-v4-flash,1.8,537,64,0.000163,0,0,strong_action_overclaim,2,1,0,llm_only
LLM_036,SBV2-ALL92-G190-C01,supported,marl,ok,supported,1.0,"The evidence directly states that all four cooperation paradigms are evaluated under a consistent experimental setting enabling systematic comparison of LLM autonomy and collaborative behavior, which matches the claim exactly.",True,False,,deepseek-v4-flash,1.73,521,76,0.000162,0,0,strong_action_overclaim,2,1,0,llm_only
LLM_037,SBV2-ALL92-G187-C01,supported,marl,ok,supported,0.95,"The evidence directly states that evaluating CL methods with MARL algorithms shows conclusions change as sequences lengthen and that retaining cooperative behavior worsens with more agents, harder tasks, and changing partners, matching the claim.",True,False,,deepseek-v4-flash,1.88,544,84,0.00017,0,0,mild_scope_overclaim,1,1,0,llm_only
LLM_038,SBV2-ALL92-G224-C01,supported,policy_simulation,ok,supported,0.95,"The evidence directly states that over 90% of state voting results are predicted correctly under the winner-takes-all rule, matching the claim exactly.",True,False,,deepseek-v4-flash,1.55,532,72,0.000164,0,0,strong_action_overclaim,2,1,0,llm_only
LLM_039,SBV2-ALL92-G214-C01,supported,policy_simulation,ok,supported,1.0,"The evidence directly states the same accuracy figures (24.5% on comprehensive scenarios and 15.04% on targeted sub-tasks) as the claim, with no material overstatement.",True,False,,deepseek-v4-flash,1.9,542,81,0.000169,0,0,mild_scope_overclaim,1,1,0,llm_only
LLM_040,SBV2-ALL92-G233-C01,supported,policy_simulation,ok,supported,1.0,"The evidence explicitly states that SimCity exhibits the same list of macroeconomic phenomena as the claim, with only a minor wording difference ('price elasticity of demand' vs 'demand elasticity').",True,False,,deepseek-v4-flash,2.11,545,80,0.00017,0,0,supported,0,1,1,both_correct
LLM_041,SBV2-ALL92-G261-C01,supported,policy_simulation,ok,supported,1.0,"The evidence directly states that a calibration layer maps aggregated agent responses to observable population level metrics, enabling validation and counterfactual policy analysis, which matches the claim exactly.",True,False,,deepseek-v4-flash,1.9,516,76,0.000161,0,0,mild_scope_overclaim,1,1,0,llm_only
LLM_042,SBV2-ALL92-G255-C01,supported,policy_simulation,ok,supported,1.0,"The evidence directly states that the simulation models individual behaviors and large-scale mobility patterns in Taipei City using real-world data, matching the claim exactly.",True,False,,deepseek-v4-flash,1.77,505,71,0.000156,0,0,mild_scope_overclaim,1,1,0,llm_only
LLM_043,SBV2-ALL92-G266-C01,supported,policy_simulation,ok,supported,1.0,"The evidence directly states that each answer was mapped from a six-point Likert scale to an ordinal score of 1–6 and that responses from both surveys were pooled before averaging, exactly matching the claim.",True,False,,deepseek-v4-flash,2.08,540,84,0.000169,0,0,strong_action_overclaim,2,1,0,llm_only
LLM_044,SBV2-ALL92-G253-C01,supported,policy_simulation,ok,supported,1.0,"The evidence explicitly states that the final location is selected using a modified Huff model that considers distance and attractiveness, where attractiveness is a composite of popularity and credibility, matching the claim exactly.",True,False,,deepseek-v4-flash,2.09,543,79,0.000169,0,0,strong_action_overclaim,2,1,0,llm_only
LLM_045,SBV2-ALL92-G272-C01,supported,policy_simulation,ok,supported,1.0,"The evidence directly states that in a full-wallet account, the balance does not change in the absence of selling or traveling because each new credit causes the oldest credit to expire.",True,False,,deepseek-v4-flash,2.39,538,78,0.000167,0,0,mild_scope_overclaim,1,1,0,llm_only
LLM_046,SBV2-ALL92-G232-C01,supported,policy_simulation,ok,supported,1.0,The evidence directly states the same action and notation as the claim.,True,False,,deepseek-v4-flash,1.88,520,56,0.000156,0,0,mild_scope_overclaim,1,1,0,llm_only
LLM_047,SBV2-ALL92-G161-C01,supported,robotics,ok,supported,1.0,"The evidence directly states that the approach is a step toward low-code applications and acknowledges it does not offer the best fine-tuned performance, matching the claim exactly.",True,False,,deepseek-v4-flash,1.78,522,75,0.000162,0,0,mild_scope_overclaim,1,1,0,llm_only
LLM_048,SBV2-ALL92-G164-C01,supported,robotics,ok,supported,0.95,"The evidence directly states that the context-conditioned policy often significantly outperforms the context-agnostic one, especially when the task is sensitive to changes in environment dynamics, which matches the claim.",True,False,,deepseek-v4-flash,1.49,531,81,0.000166,0,0,supported,0,1,1,both_correct
LLM_049,SBV2-ALL92-G163-C01,supported,robotics,ok,supported,1.0,"The evidence directly states evaluation of context-aware policies in both a canonical control benchmark and a real-world pushing task using a Franka Emika Panda robot, matching the claim exactly.",True,False,,deepseek-v4-flash,1.84,516,78,0.000161,0,0,strong_action_overclaim,2,1,0,llm_only
LLM_050,SBV2-ALL92-G167-C01,supported,robotics,ok,supported,1.0,"The evidence directly states the importance of benchmarking and comparing performances not only in simulation but also on real hardware, which matches the claim's assertion about the paper's argument.",True,False,,deepseek-v4-flash,1.8,530,76,0.000164,0,0,strong_action_overclaim,2,1,0,llm_only
LLM_076,SBV2-ALL92-G124-C02,mild_scope_overclaim,digital_twin,ok,supported,0.95,"The evidence directly states that the design choice process considered surrogate prediction accuracy and selecting states that could be realistically monitored with sensors, which matches the claim's description of treating these as central factors during later state selection.",True,False,,deepseek-v4-flash,2.35,522,84,0.000164,0,1,strong_action_overclaim,2,0,0,both_wrong
LLM_077,SBV2-ALL92-G107-C02,mild_scope_overclaim,digital_twin,ok,mild_scope_overclaim,0.8,"The evidence supports outperformance in biopharmaceutical numerical experiments but does not mention a manufacturing benchmark, so the claim slightly broadens the scope.",True,False,,deepseek-v4-flash,1.82,527,76,0.000164,1,1,strong_action_overclaim,2,1,0,llm_only
LLM_078,SBV2-ALL92-G116-C02,mild_scope_overclaim,digital_twin,ok,mild_scope_overclaim,0.9,"The evidence states perfect accuracy on one document, but the claim says two documents, which is a slight broadening of scope.",True,False,,deepseek-v4-flash,1.63,532,72,0.000164,1,1,strong_action_overclaim,2,1,0,llm_only
LLM_079,SBV2-ALL92-G108-C02,mild_scope_overclaim,digital_twin,ok,mild_scope_overclaim,0.9,"The evidence claims the method is the first theoretically justified MBRL method without restrictive assumptions like linear transitions, but the claim adds 'fixed noise terms' which is not mentioned in the evidence.",True,False,,deepseek-v4-flash,1.56,519,85,0.000164,1,1,strong_action_overclaim,2,1,0,llm_only
LLM_080,SBV2-ALL92-G128-C02,mild_scope_overclaim,digital_twin,ok,supported,1.0,"The evidence directly states that the method achieves the top mean return, lowest standard deviation across seeds, and the best Sharpe-like index, which matches the claim exactly.",True,False,,deepseek-v4-flash,1.74,514,75,0.00016,0,1,mild_scope_overclaim,1,0,1,r4_only
LLM_081,SBV2-ALL92-G135-C02,mild_scope_overclaim,digital_twin,ok,supported,1.0,"The evidence directly states that a common limitation in RL approaches is the simplistic modeling of BESS restricted to electrical behavior, matching the claim.",True,False,,deepseek-v4-flash,1.81,521,70,0.00016,0,1,strong_action_overclaim,2,0,0,both_wrong
LLM_082,SBV2-ALL92-G198-C02,mild_scope_overclaim,marl,ok,mild_scope_overclaim,0.9,"The evidence states 'strongly coupled tasks' while the claim broadens this to 'moderately coupled problems', which is a slight scope change.",True,False,,deepseek-v4-flash,1.69,536,78,0.000167,1,1,strong_action_overclaim,2,1,0,llm_only
LLM_083,SBV2-ALL92-G205-C02,mild_scope_overclaim,marl,ok,supported,1.0,"The evidence directly states implementing an interface between the simulator and Python wind farm environment via MPI communication channels, matching the claim.",True,False,,deepseek-v4-flash,1.91,523,67,0.00016,0,1,mild_scope_overclaim,1,0,1,r4_only
LLM_084,SBV2-ALL92-G175-C02,mild_scope_overclaim,marl,ok,supported,1.0,"The evidence explicitly states that IPPO is independent PPO without centralized value estimation and PQN is an efficient Q-learning algorithm, matching the claim's description.",True,False,,deepseek-v4-flash,1.8,567,74,0.000174,0,1,strong_action_overclaim,2,0,0,both_wrong
LLM_085,SBV2-ALL92-G190-C02,mild_scope_overclaim,marl,ok,mild_scope_overclaim,0.9,"The evidence mentions four cooperation paradigms, while the claim states five, which is a slight numerical overstatement.",True,False,,deepseek-v4-flash,1.66,521,69,0.00016,1,1,contradiction_candidate,3,1,0,llm_only
LLM_086,SBV2-ALL92-G178-C02,mild_scope_overclaim,marl,ok,mild_scope_overclaim,0.9,"The evidence only mentions homogeneous teams, while the claim adds 'mixed teams' without support.",True,False,,deepseek-v4-flash,1.48,514,66,0.000157,1,1,mild_scope_overclaim,1,1,1,both_correct
LLM_087,SBV2-ALL92-G180-C02,mild_scope_overclaim,marl,ok,contradiction_candidate,1.0,"The claim states performance is 'near-saturated', while the evidence explicitly says 'Performance does not saturate', which is a direct contradiction.",True,False,,deepseek-v4-flash,1.58,521,75,0.000162,3,1,contradiction_candidate,3,0,0,both_wrong
LLM_088,SBV2-ALL92-G257-C02,mild_scope_overclaim,policy_simulation,ok,supported,1.0,"The evidence directly states that MobileCity achieves efficiency partly by disabling LLM modules at scale, trading behavioral fidelity for speed, which matches the claim exactly.",True,False,,deepseek-v4-flash,1.22,536,73,0.000165,0,1,strong_action_overclaim,2,0,0,both_wrong
LLM_089,SBV2-ALL92-G256-C02,mild_scope_overclaim,policy_simulation,ok,supported,1.0,"The evidence directly states that the benchmark highlights potential for large speedups relative to online LLM inference, and acknowledges that throughput depends on hardware and implementation details, matching the claim exactly.",True,False,,deepseek-v4-flash,1.76,520,79,0.000163,0,1,strong_action_overclaim,2,0,0,both_wrong
LLM_090,SBV2-ALL92-G266-C02,mild_scope_overclaim,policy_simulation,ok,supported,1.0,"The evidence directly states that each answer was mapped from a six-point Likert-scale response to an ordinal score of 1–6, and responses from both surveys were pooled before averaging, matching the claim exactly.",True,False,,deepseek-v4-flash,2.11,540,85,0.00017,0,1,strong_action_overclaim,2,0,0,both_wrong
LLM_091,SBV2-ALL92-G259-C02,mild_scope_overclaim,policy_simulation,ok,mild_scope_overclaim,0.9,"The claim states 'eight behavioral categories' while the evidence specifies 'six behavioral categories', a slight broadening of scope.",True,False,,deepseek-v4-flash,1.41,527,71,0.000162,1,1,mild_scope_overclaim,1,1,1,both_correct
LLM_092,SBV2-ALL92-G252-C02,mild_scope_overclaim,policy_simulation,ok,mild_scope_overclaim,0.9,"The evidence states that scaling to richer actions is future work, but the claim includes 'richer actions for later work' which aligns with the evidence, though the claim slightly broadens by listing 'several population sizes' while the evidence only mentions scaling to millions as future work.",True,False,,deepseek-v4-flash,1.78,532,103,0.000172,1,1,supported,0,1,0,llm_only
LLM_093,SBV2-ALL92-G254-C02,mild_scope_overclaim,policy_simulation,ok,mild_scope_overclaim,0.9,"The evidence mentions accuracy, reliability, and urban planning applications but does not include transferability, which the claim adds.",True,False,,deepseek-v4-flash,1.69,506,71,0.000157,1,1,strong_action_overclaim,2,1,0,llm_only
LLM_094,SBV2-ALL92-G226-C02,mild_scope_overclaim,policy_simulation,ok,mild_scope_overclaim,0.9,"The evidence supports steeper declines in perceived safety and social connection for highly vulnerable agents, but the claim adds 'comfort' which is not mentioned in the evidence.",True,False,,deepseek-v4-flash,1.94,525,80,0.000164,1,1,mild_scope_overclaim,1,1,1,both_correct
LLM_095,SBV2-ALL92-G215-C02,mild_scope_overclaim,policy_simulation,ok,mild_scope_overclaim,0.9,"The evidence states that interpreting results is a challenge requiring expertise, but the claim says interpretation is resolved, which overstates the evidence.",True,False,,deepseek-v4-flash,1.99,587,74,0.000179,1,1,strong_action_overclaim,2,1,0,llm_only
LLM_096,SBV2-ALL92-G261-C02,mild_scope_overclaim,policy_simulation,ok,supported,1.0,"The evidence directly states that a calibration layer maps aggregated agent responses to observable population level metrics for validation and counterfactual policy analysis, which matches the claim's description.",True,False,,deepseek-v4-flash,1.5,517,76,0.000161,0,1,supported,0,0,0,both_wrong
LLM_097,SBV2-ALL92-G166-C02,mild_scope_overclaim,robotics,ok,supported,0.95,"The evidence directly states that having the highest possible reward at 0 makes Q-function learning more stable and prevents policy degradation after successful swing-ups, which matches the claim.",True,False,,deepseek-v4-flash,1.85,544,76,0.000168,0,1,supported,0,0,0,both_wrong
LLM_098,SBV2-ALL92-G167-C02,mild_scope_overclaim,robotics,ok,mild_scope_overclaim,0.8,"The evidence mentions benchmarking in simulation and on real hardware but does not explicitly mention visual transfer tests, which the claim adds.",True,False,,deepseek-v4-flash,1.41,534,72,0.000164,1,1,strong_action_overclaim,2,1,0,llm_only
LLM_099,SBV2-ALL92-G172-C02,mild_scope_overclaim,robotics,ok,supported,1.0,"The evidence directly lists the same three evaluation methods (simulation testing of PX4 and ArduPilot, agent performance analysis, and feedback from sUAS developers) as the claim.",True,False,,deepseek-v4-flash,1.84,546,82,0.00017,0,1,strong_action_overclaim,2,0,0,both_wrong
LLM_100,SBV2-ALL92-G163-C02,mild_scope_overclaim,robotics,ok,mild_scope_overclaim,0.9,"The evidence mentions a canonical control benchmark and a real-world pushing task, but the claim adds a 'mobile manipulation test' not present in the evidence.",True,False,,deepseek-v4-flash,1.93,516,78,0.000161,1,1,mild_scope_overclaim,1,1,1,both_correct
LLM_126,SBV2-ALL92-G145-C03,strong_action_overclaim,digital_twin,ok,supported,0.95,"The evidence directly states that APDT was implemented as a proof of concept in a university campus setting using historical data and simulating scenarios based on real-time configurations, matching the claim.",True,False,,deepseek-v4-flash,1.61,523,78,0.000163,0,2,strong_action_overclaim,2,0,1,r4_only
LLM_127,SBV2-ALL92-G122-C03,strong_action_overclaim,digital_twin,ok,contradiction_candidate,1.0,"The claim states an R2 above 0.70, but the evidence reports an R2 of 0.3798, which is a direct numerical contradiction.",True,False,,deepseek-v4-flash,1.56,535,80,0.000167,3,2,mild_scope_overclaim,1,0,0,both_wrong
LLM_128,SBV2-ALL92-G111-C03,strong_action_overclaim,digital_twin,ok,supported,1.0,"The evidence directly lists hardware limitations (mechanical system design, computer capabilities) and software restrictions (algorithm efficiency), which the claim expands with sensor calibration and actuator maintenance but these are reasonable elaborations within the same domain.",True,False,,deepseek-v4-flash,2.13,530,86,0.000167,0,2,strong_action_overclaim,2,0,1,r4_only
LLM_129,SBV2-ALL92-G131-C03,strong_action_overclaim,digital_twin,ok,contradiction_candidate,1.0,"The evidence states that a digital shadow is defined by the inability to guarantee automated control, while the claim asserts that it provides assured automated control.",True,False,,deepseek-v4-flash,1.8,509,75,0.000158,3,2,contradiction_candidate,3,0,0,both_wrong
LLM_130,SBV2-ALL92-G116-C03,strong_action_overclaim,digital_twin,ok,mild_scope_overclaim,0.9,"The evidence states perfect accuracy on one document, while the claim extends this to four documents, broadening the scope.",True,False,,deepseek-v4-flash,1.72,532,70,0.000163,1,2,contradiction_candidate,3,0,0,both_wrong
LLM_131,SBV2-ALL92-G140-C03,strong_action_overclaim,digital_twin,ok,mild_scope_overclaim,0.9,"The claim states 60% lower latency and 50% lower energy consumption, but the evidence reports 37% improvement in latency and 30% reduction in energy consumption, which are lower percentages.",True,False,,deepseek-v4-flash,1.85,535,88,0.000169,1,2,strong_action_overclaim,2,0,1,r4_only
LLM_132,SBV2-ALL92-G186-C03,strong_action_overclaim,marl,ok,contradiction_candidate,1.0,"The evidence states that academic benchmarks differ markedly from industrial problems, limiting their transferability, which directly contradicts the claim that they still provide reliable transfer.",True,False,,deepseek-v4-flash,1.91,508,76,0.000158,3,2,contradiction_candidate,3,0,0,both_wrong
LLM_133,SBV2-ALL92-G178-C03,strong_action_overclaim,marl,ok,mild_scope_overclaim,0.9,"The evidence states LLMs are evaluated zero-shot, while the claim says they are 'trained' with MARL agents, which is a slight scope overstatement.",True,False,,deepseek-v4-flash,1.89,512,81,0.000161,1,2,mild_scope_overclaim,1,0,0,both_wrong
LLM_134,SBV2-ALL92-G190-C03,strong_action_overclaim,marl,ok,supported,1.0,"The evidence states that all four cooperation paradigms are evaluated under a consistent experimental setting enabling systematic comparison of LLM autonomy and collaborative behavior, which directly matches the claim.",True,False,,deepseek-v4-flash,1.79,520,75,0.000161,0,2,contradiction_candidate,3,0,0,both_wrong
LLM_135,SBV2-ALL92-G205-C03,strong_action_overclaim,marl,ok,supported,0.95,"The evidence states that an interface between the simulator and the Python wind farm environment is implemented via MPI communication channels, which directly supports the claim that WFCRL implements a Python-based simulator core through MPI channels for wind farm environment computations.",True,False,,deepseek-v4-flash,1.85,524,89,0.000166,0,2,strong_action_overclaim,2,0,1,r4_only
LLM_136,SBV2-ALL92-G193-C03,strong_action_overclaim,marl,ok,supported,1.0,"The evidence explicitly lists mutual agreement, pre-agreed arbitration policy, and escalation to an agreed arbiter as the resolution methods, matching the claim's description of automatic conflict-resolution features.",True,False,,deepseek-v4-flash,1.23,538,79,0.000167,0,2,mild_scope_overclaim,1,0,0,both_wrong
LLM_137,SBV2-ALL92-G175-C03,strong_action_overclaim,marl,ok,mild_scope_overclaim,0.8,"The evidence mentions MAPPO, IPPO, and PQN but does not mention QMIX, and it does not state that each method is treated as a parallel-environment Q-learning algorithm.",True,False,,deepseek-v4-flash,2.77,569,86,0.000178,1,2,strong_action_overclaim,2,0,1,r4_only
LLM_138,SBV2-ALL92-G266-C03,strong_action_overclaim,policy_simulation,ok,supported,1.0,"The evidence directly states that answers were mapped from a six-point Likert scale to ordinal scores 1–6 and that responses from both surveys were pooled before averaging, matching the claim exactly.",True,False,,deepseek-v4-flash,1.56,540,81,0.000168,0,2,strong_action_overclaim,2,0,1,r4_only
LLM_139,SBV2-ALL92-G252-C03,strong_action_overclaim,policy_simulation,ok,mild_scope_overclaim,0.95,"The claim states the evaluation covered million-agent populations, multi-country cases, and richer actions, but the evidence explicitly says these are future work, not covered.",True,False,,deepseek-v4-flash,1.64,533,79,0.000166,1,2,contradiction_candidate,3,0,0,both_wrong
LLM_140,SBV2-ALL92-G234-C03,strong_action_overclaim,policy_simulation,ok,mild_scope_overclaim,0.9,"The evidence mentions only 'comparison' while the claim adds 'replication, and benchmarking', which slightly broadens the scope.",True,False,,deepseek-v4-flash,1.54,526,74,0.000163,1,2,mild_scope_overclaim,1,0,0,both_wrong
LLM_141,SBV2-ALL92-G255-C03,strong_action_overclaim,policy_simulation,ok,mild_scope_overclaim,0.9,"The evidence mentions individual behaviors and large-scale mobility patterns but does not explicitly include household relocation or freight activity, which the claim adds.",True,False,,deepseek-v4-flash,1.5,508,74,0.000158,1,2,mild_scope_overclaim,1,0,0,both_wrong
LLM_142,SBV2-ALL92-G272-C03,strong_action_overclaim,policy_simulation,ok,mild_scope_overclaim,0.9,"The evidence states the balance does not change in the absence of selling or traveling, but the claim says it stays unchanged during sale and travel periods, which directly contradicts the condition in the evidence.",True,False,,deepseek-v4-flash,1.4,534,86,0.000168,1,2,mild_scope_overclaim,1,0,0,both_wrong
LLM_143,SBV2-ALL92-G214-C03,strong_action_overclaim,policy_simulation,ok,contradiction_candidate,1.0,"The claim states accuracy above 60% on broad cases and 45% on targeted sub-tasks, but the evidence reports only 24.5% and 15.04% respectively, which directly conflicts.",True,False,,deepseek-v4-flash,1.31,538,90,0.00017,3,2,contradiction_candidate,3,0,0,both_wrong
LLM_144,SBV2-ALL92-G232-C03,strong_action_overclaim,policy_simulation,ok,supported,1.0,"The evidence directly states that the shock is implemented by altering skill requirements in production midway through the simulation, denoted as '0 to Event' in Figure 7, which matches the claim exactly.",True,False,,deepseek-v4-flash,1.29,523,81,0.000164,0,2,strong_action_overclaim,2,0,1,r4_only
LLM_145,SBV2-ALL92-G261-C03,strong_action_overclaim,policy_simulation,ok,supported,0.95,"The evidence directly states that a calibration layer maps aggregated agent responses to population level metrics for counterfactual policy analysis, matching the claim's description.",True,False,,deepseek-v4-flash,1.9,516,72,0.000159,0,2,supported,0,0,0,both_wrong
LLM_146,SBV2-ALL92-G271-C03,strong_action_overclaim,policy_simulation,ok,contradiction_candidate,1.0,"The claim states inconsistency stabilizes near 0.05 after day 5, but the evidence reports stabilization around 0.15 after day 15, directly conflicting on both the value and the time.",True,False,,deepseek-v4-flash,1.42,531,88,0.000168,3,2,mild_scope_overclaim,1,0,0,both_wrong
LLM_147,SBV2-ALL92-G167-C03,strong_action_overclaim,robotics,ok,strong_action_overclaim,0.9,"The evidence only states the importance of benchmarking in simulation and on real hardware, but does not claim that such comparison proves reliable control.",True,False,,deepseek-v4-flash,1.55,531,72,0.000164,2,2,strong_action_overclaim,2,1,1,both_correct
LLM_148,SBV2-ALL92-G161-C03,strong_action_overclaim,robotics,ok,mild_scope_overclaim,0.9,"The evidence states the approach is 'a step towards, e.g., low-code applications' and does not claim 'strong fine-tuned performance' as a central contribution, but the claim asserts both as central contributions.",True,False,,deepseek-v4-flash,2.19,525,91,0.000167,1,2,strong_action_overclaim,2,0,1,r4_only
LLM_149,SBV2-ALL92-G172-C03,strong_action_overclaim,robotics,ok,supported,1.0,"The evidence lists the same three evaluation methods as the claim: simulation testing of PX4 and ArduPilot, agent performance analysis, and feedback from sUAS developers.",True,False,,deepseek-v4-flash,1.78,547,79,0.00017,0,2,strong_action_overclaim,2,0,1,r4_only
LLM_150,SBV2-ALL92-G168-C03,strong_action_overclaim,robotics,ok,supported,0.95,"The evidence states that SAC is the core algorithm used, which directly supports the claim that the implementation relies on SAC as the central benchmark architecture for continuous action spaces.",True,False,,deepseek-v4-flash,1.79,519,75,0.000161,0,2,strong_action_overclaim,2,0,1,r4_only
LLM_176,SBV2-ALL92-G144-C04,contradiction_candidate,digital_twin,ok,contradiction_candidate,1.0,"The evidence states that traditional passive safety analysis methods face serious limitations in data-scarce and evolving environments, directly contradicting the claim that they remain well suited to such environments.",True,False,,deepseek-v4-flash,1.48,524,82,0.000164,3,3,contradiction_candidate,3,1,1,both_correct
LLM_177,SBV2-ALL92-G146-C04,contradiction_candidate,digital_twin,ok,contradiction_candidate,1.0,"The evidence states APDT achieved impressive simulation accuracy of 85.03% and underscores its potential for robust network optimization, directly contradicting the claim of substantially lower accuracy and weakened potential.",True,False,,deepseek-v4-flash,1.36,524,84,0.000165,3,3,contradiction_candidate,3,1,1,both_correct
LLM_178,SBV2-ALL92-G135-C04,contradiction_candidate,digital_twin,ok,contradiction_candidate,1.0,"The evidence states that prior approaches have a common limitation of simplistic BESS modeling restricted to electrical behavior, directly contradicting the claim that they report detailed modeling of thermal, aging, and electrical behavior.",True,False,,deepseek-v4-flash,1.47,522,86,0.000165,3,3,strong_action_overclaim,2,1,0,llm_only
LLM_179,SBV2-ALL92-G131-C04,contradiction_candidate,digital_twin,ok,contradiction_candidate,1.0,"The evidence states that a digital shadow is defined by not having guaranteed automated control, while the claim asserts that it provides assured automated control.",True,False,,deepseek-v4-flash,1.52,509,74,0.000158,3,3,contradiction_candidate,3,1,1,both_correct
LLM_180,SBV2-ALL92-G106-C04,contradiction_candidate,digital_twin,ok,mild_scope_overclaim,0.9,"The evidence states the test error was evaluated by running the estimated optimal policy, while the claim says a nonoptimized baseline decision rule was used.",True,False,,deepseek-v4-flash,1.69,531,77,0.000165,1,3,contradiction_candidate,3,0,1,r4_only
LLM_181,SBV2-ALL92-G124-C04,contradiction_candidate,digital_twin,ok,contradiction_candidate,1.0,"The evidence states that the design process considered surrogate prediction accuracy and sensor monitoring feasibility, directly contradicting the claim that it disregarded these factors.",True,False,,deepseek-v4-flash,1.8,516,74,0.00016,3,3,contradiction_candidate,3,1,1,both_correct
LLM_182,SBV2-ALL92-G187-C04,contradiction_candidate,marl,ok,supported,0.95,"The evidence directly states that evaluating CL methods with MARL algorithms shows conclusions change as sequences lengthen and that retaining cooperative behavior worsens with more agents, harder tasks, and changing partners, matching the claim.",True,False,,deepseek-v4-flash,1.72,544,84,0.00017,0,3,mild_scope_overclaim,1,0,0,both_wrong
LLM_183,SBV2-ALL92-G198-C04,contradiction_candidate,marl,ok,contradiction_candidate,1.0,"The claim states that traditional MARL credit assignment schemes are described as reliable for individual contribution capture in strongly coupled problems while preserving training stability, but the evidence directly contradicts this by stating they cannot reliably capture individual contributions in such tasks while maintaining training stability.",True,False,,deepseek-v4-flash,2.0,536,96,0.000172,3,3,mild_scope_overclaim,1,1,0,llm_only
LLM_184,SBV2-ALL92-G196-C04,contradiction_candidate,marl,ok,contradiction_candidate,1.0,"The evidence explicitly states evaluation in continuous-action benchmark environments, directly contradicting the claim that the evaluation excludes such environments.",True,False,,deepseek-v4-flash,1.87,524,70,0.000161,3,3,contradiction_candidate,3,1,1,both_correct
LLM_185,SBV2-ALL92-G193-C04,contradiction_candidate,marl,ok,contradiction_candidate,0.9,"The evidence lists three resolution methods (mutual agreement, arbitration policy, escalation to arbiter) but does not mention centralized fiat by a meta-agent, which contradicts the claim's specific resolution feature.",True,False,,deepseek-v4-flash,1.76,533,87,0.000168,3,3,contradiction_candidate,3,1,1,both_correct
LLM_186,SBV2-ALL92-G185-C04,contradiction_candidate,marl,ok,contradiction_candidate,1.0,"The evidence states that RL adoption is limited due to reward design, modularity, and action space management, while the claim asserts it is mainly limited by hardware costs, directly contradicting the evidence.",True,False,,deepseek-v4-flash,1.7,526,86,0.000166,3,3,mild_scope_overclaim,1,1,0,llm_only
LLM_187,SBV2-ALL92-G186-C04,contradiction_candidate,marl,ok,contradiction_candidate,1.0,"The claim states that the paper argues academic benchmarks closely match industrial control problems, but the evidence directly states the opposite: that many academic benchmarks differ markedly from industrial control problems.",True,False,,deepseek-v4-flash,2.31,507,81,0.00016,3,3,contradiction_candidate,3,1,1,both_correct
LLM_188,SBV2-ALL92-G232-C04,contradiction_candidate,policy_simulation,ok,supported,1.0,"The evidence directly states that the shock is implemented by altering skill requirements midway through the simulation, denoted as '0 to Event' in Figure 7, which matches the claim exactly.",True,False,,deepseek-v4-flash,1.84,521,79,0.000163,0,3,contradiction_candidate,3,0,1,r4_only
LLM_189,SBV2-ALL92-G272-C04,contradiction_candidate,policy_simulation,ok,contradiction_candidate,1.0,"The evidence states that the balance does not change during no-sale and no-travel periods, directly contradicting the claim that the balance increases.",True,False,,deepseek-v4-flash,1.48,537,76,0.000166,3,3,contradiction_candidate,3,1,1,both_correct
LLM_190,SBV2-ALL92-G264-C04,contradiction_candidate,policy_simulation,ok,contradiction_candidate,1.0,"The evidence explicitly states that existing platforms cannot effectively integrate with advanced mobility modeling algorithms and lack mechanisms for dynamic behavior adaptation, directly contradicting the claim.",True,False,,deepseek-v4-flash,1.6,535,76,0.000166,3,3,contradiction_candidate,3,1,1,both_correct
LLM_191,SBV2-ALL92-G252-C04,contradiction_candidate,policy_simulation,ok,contradiction_candidate,1.0,"The evidence explicitly states the evaluation is limited to 100 agents and U.S. tax brackets, directly contradicting the claim that it covered million-agent populations and multi-country cases.",True,False,,deepseek-v4-flash,1.74,530,82,0.000166,3,3,supported,0,1,0,llm_only
LLM_192,SBV2-ALL92-G266-C04,contradiction_candidate,policy_simulation,ok,contradiction_candidate,1.0,"The evidence states that answers were mapped to ordinal scores and surveys were pooled before averaging, directly contradicting the claim that answers are kept as categorical letters and surveys are separated.",True,False,,deepseek-v4-flash,1.48,540,81,0.000168,3,3,mild_scope_overclaim,1,1,0,llm_only
LLM_193,SBV2-ALL92-G271-C04,contradiction_candidate,policy_simulation,ok,contradiction_candidate,1.0,"The evidence states inconsistency becomes stable around 0.15 after day 15, implying stationarity and acceptable consistency, while the claim asserts it rises past 0.15 indicating unstable evolution and poor consistency.",True,False,,deepseek-v4-flash,1.93,531,88,0.000168,3,3,contradiction_candidate,3,1,1,both_correct
LLM_194,SBV2-ALL92-G233-C04,contradiction_candidate,policy_simulation,ok,contradiction_candidate,1.0,"The evidence explicitly states that SimCity exhibits these phenomena, directly contradicting the claim that it reports none of them.",True,False,,deepseek-v4-flash,1.76,546,70,0.000167,3,3,contradiction_candidate,3,1,1,both_correct
LLM_195,SBV2-ALL92-G251-C04,contradiction_candidate,policy_simulation,ok,contradiction_candidate,1.0,"The evidence states the Saez-regression schedule outperforms the LLM Economist, directly contradicting the claim that it underperformed.",True,False,,deepseek-v4-flash,1.51,548,75,0.000169,3,3,contradiction_candidate,3,1,1,both_correct
LLM_196,SBV2-ALL92-G257-C04,contradiction_candidate,policy_simulation,ok,contradiction_candidate,1.0,"The evidence states MobileCity achieves efficiency by disabling LLM modules at scale, trading behavioral fidelity for speed, which directly contradicts the claim that it retains LLM modules and behavioral fidelity.",True,False,,deepseek-v4-flash,2.45,532,83,0.000167,3,3,contradiction_candidate,3,1,1,both_correct
LLM_197,SBV2-ALL92-G166-C04,contradiction_candidate,robotics,ok,mild_scope_overclaim,0.9,"The evidence states that setting the highest possible reward value at 0 makes learning more stable and prevents degradation, but the claim says 'sets the highest value above zero', which directly contradicts the evidence's specific value of 0.",True,False,,deepseek-v4-flash,1.97,544,93,0.000173,1,3,mild_scope_overclaim,1,0,0,both_wrong
LLM_198,SBV2-ALL92-G163-C04,contradiction_candidate,robotics,ok,contradiction_candidate,1.0,"The evidence explicitly states evaluation in a real-world pushing task using a Franka Emika Panda robot, directly contradicting the claim that the study does not evaluate in such a setting.",True,False,,deepseek-v4-flash,1.53,517,83,0.000163,3,3,mild_scope_overclaim,1,1,0,llm_only
LLM_199,SBV2-ALL92-G168-C04,contradiction_candidate,robotics,ok,contradiction_candidate,1.0,"The evidence states the core algorithm is Soft Actor-Critic (SAC), directly contradicting the claim that it relies on PPO.",True,False,,deepseek-v4-flash,1.79,519,74,0.000161,3,3,contradiction_candidate,3,1,1,both_correct
LLM_200,SBV2-ALL92-G164-C04,contradiction_candidate,robotics,ok,contradiction_candidate,1.0,"The evidence states that context-conditioned policy often significantly outperforms context-agnostic one, which directly contradicts the claim that context-agnostic agents often outperform context-conditioned agents.",True,False,,deepseek-v4-flash,1.8,531,83,0.000167,3,3,contradiction_candidate,3,1,1,both_correct
