candidate_id,true_label,pred_label,in_top_100,is_strong_action,strong_action_flag,category,p_strong,p_contra,entropy,oracle_hit,selected_n_words
SBV2-ALL92-G002-CONTRA,contradiction_candidate,strong_action_overclaim,True,False,1,false_positive_contradiction,0.8346266459587786,0.2602395237544291,0.18129870295524597,0,17
SBV2-ALL92-G002-MILD,mild_scope_overclaim,strong_action_overclaim,True,False,1,ambiguous_mild_strong,0.8365843840251936,0.2685290989115721,0.19228094816207886,0,17
SBV2-ALL92-G002-STRONG,strong_action_overclaim,strong_action_overclaim,False,True,1,false_negative_low_pstrong,0.5909928660010632,0.3391331482420781,0.6597850322723389,0,60
SBV2-ALL92-G002-SUPPORTED,supported,supported,False,False,0,true_negative_not_in_queue,0.2295589746246177,0.0524572883344019,0.3420493006706238,0,69
SBV2-ALL92-G003-CONTRA,contradiction_candidate,contradiction_candidate,False,False,0,true_negative_not_in_queue,0.2818358467978977,0.9288887448074616,0.03264902904629707,0,29
SBV2-ALL92-G003-MILD,mild_scope_overclaim,mild_scope_overclaim,False,False,0,true_negative_not_in_queue,0.4193236465624852,0.2542476850805769,0.14368446171283722,0,34
SBV2-ALL92-G003-STRONG,strong_action_overclaim,strong_action_overclaim,False,True,1,false_negative_low_pstrong,0.5152049729776469,0.2784160445302716,0.3863176703453064,1,39
SBV2-ALL92-G003-SUPPORTED,supported,strong_action_overclaim,False,False,1,true_negative_not_in_queue,0.5405713466772789,0.2168989179216121,0.5440426468849182,0,34
SBV2-ALL92-G004-CONTRA,contradiction_candidate,contradiction_candidate,False,False,0,true_negative_not_in_queue,0.3622682583095342,0.9315992867001444,0.1102374717593193,0,40
SBV2-ALL92-G004-MILD,mild_scope_overclaim,supported,False,False,0,true_negative_not_in_queue,0.4058238887698769,0.1917375712046589,0.5720406770706177,0,40
SBV2-ALL92-G004-STRONG,strong_action_overclaim,supported,False,True,0,r4_screening_failure,0.5022052199484109,0.2662797812504495,0.2086019515991211,0,40
SBV2-ALL92-G004-SUPPORTED,supported,supported,False,False,0,true_negative_not_in_queue,0.3268515913573557,0.036679675767384,0.4302102029323578,0,40
SBV2-ALL92-G007-CONTRA,contradiction_candidate,contradiction_candidate,False,False,0,true_negative_not_in_queue,0.4198081303832151,0.929622644851141,0.05150935426354408,1,16
SBV2-ALL92-G007-MILD,mild_scope_overclaim,strong_action_overclaim,False,False,1,ambiguous_mild_strong,0.5260019837114202,0.2536356831960691,0.009599022567272186,1,16
SBV2-ALL92-G007-STRONG,strong_action_overclaim,strong_action_overclaim,False,True,1,false_negative_low_pstrong,0.5653187088639782,0.2536405377299479,0.00905146636068821,1,16
SBV2-ALL92-G007-SUPPORTED,supported,strong_action_overclaim,False,False,1,true_negative_not_in_queue,0.503820734914314,0.2536701269735041,0.009352974593639374,1,16
SBV2-ALL92-G008-CONTRA,contradiction_candidate,contradiction_candidate,False,False,0,true_negative_not_in_queue,0.800679171222658,0.5601232807229453,0.7830163836479187,0,33
SBV2-ALL92-G008-MILD,mild_scope_overclaim,strong_action_overclaim,True,False,1,ambiguous_mild_strong,0.8081595604095039,0.2729906359880107,0.10566620528697968,0,16
SBV2-ALL92-G008-STRONG,strong_action_overclaim,strong_action_overclaim,True,True,1,true_positive_in_queue,0.8142870235532927,0.279222331382863,0.08307052403688431,0,16
SBV2-ALL92-G008-SUPPORTED,supported,contradiction_candidate,False,False,0,true_negative_not_in_queue,0.8221606471160614,0.5144214798033855,0.8306712508201599,0,27
SBV2-ALL92-G011-CONTRA,contradiction_candidate,contradiction_candidate,False,False,0,true_negative_not_in_queue,0.7714109320392067,0.8797459872752124,0.4882499873638153,0,17
SBV2-ALL92-G011-MILD,mild_scope_overclaim,contradiction_candidate,False,False,0,true_negative_not_in_queue,0.7534824979834607,0.8919049181400929,0.36459243297576904,0,17
SBV2-ALL92-G011-STRONG,strong_action_overclaim,mild_scope_overclaim,False,True,0,r4_screening_failure,0.8528281171400884,0.4470856509688855,0.40283411741256714,0,15
SBV2-ALL92-G011-SUPPORTED,supported,contradiction_candidate,False,False,0,true_negative_not_in_queue,0.7460631285942566,0.8983349341181035,0.3032212257385254,0,17
SBV2-ALL92-G013-C01,supported,supported,False,False,0,true_negative_not_in_queue,0.541571687324694,0.2593516941385155,0.01328694261610508,0,12
SBV2-ALL92-G013-C02,mild_scope_overclaim,supported,False,False,0,true_negative_not_in_queue,0.5646324527351202,0.2595833455703749,0.01368756778538227,0,12
SBV2-ALL92-G013-C03,strong_action_overclaim,supported,False,True,0,r4_screening_failure,0.7957552336262175,0.3203458862475098,0.2489628791809082,0,15
SBV2-ALL92-G013-C04,contradiction_candidate,contradiction_candidate,False,False,0,true_negative_not_in_queue,0.5491015518718529,0.9206121783290636,0.22397595643997192,0,23
SBV2-ALL92-G014-C01,supported,strong_action_overclaim,False,False,1,true_negative_not_in_queue,0.4842155835641923,0.2828493094955318,0.13353589177131653,0,13
SBV2-ALL92-G014-C02,mild_scope_overclaim,strong_action_overclaim,False,False,1,ambiguous_mild_strong,0.5538447456297133,0.2557153076521382,0.0444641038775444,0,13
SBV2-ALL92-G014-C03,strong_action_overclaim,strong_action_overclaim,False,True,1,false_negative_low_pstrong,0.5600763801145674,0.2547403809083075,0.04058556631207466,0,13
SBV2-ALL92-G014-C04,contradiction_candidate,contradiction_candidate,False,False,0,true_negative_not_in_queue,0.4756918525035523,0.8000871871902806,0.6944969892501831,0,13
SBV2-ALL92-G018-C01,supported,supported,False,False,0,true_negative_not_in_queue,0.5222254010477371,0.296484148746758,0.01350787840783596,1,17
SBV2-ALL92-G018-C02,mild_scope_overclaim,supported,False,False,0,true_negative_not_in_queue,0.5491866713457482,0.3039616137839863,0.08832285553216934,1,17
SBV2-ALL92-G018-C03,strong_action_overclaim,strong_action_overclaim,True,True,1,true_positive_in_queue,0.7012077892327065,0.2991366893349724,0.022730596363544464,1,17
SBV2-ALL92-G018-C04,contradiction_candidate,contradiction_candidate,False,False,0,true_negative_not_in_queue,0.4343228035870561,0.9058233755047512,0.10025814920663834,1,17
SBV2-ALL92-G019-C01,supported,supported,False,False,0,true_negative_not_in_queue,0.2978105854272831,0.008657916795584,0.03686538711190224,0,29
SBV2-ALL92-G019-C02,mild_scope_overclaim,contradiction_candidate,False,False,0,true_negative_not_in_queue,0.1938162017410665,0.9239499942992968,0.07069758325815201,0,29
SBV2-ALL92-G019-C03,strong_action_overclaim,contradiction_candidate,False,True,0,r4_screening_failure,0.3283888224799682,0.9156177682828908,0.40197819471359253,0,29
SBV2-ALL92-G019-C04,contradiction_candidate,contradiction_candidate,False,False,0,true_negative_not_in_queue,0.3491922011940808,0.9242738837781126,0.09160850942134857,0,29
SBV2-ALL92-G020-C01,supported,supported,False,False,0,true_negative_not_in_queue,0.2255389284988569,0.0232030817390439,0.04800022393465042,0,23
SBV2-ALL92-G020-C02,mild_scope_overclaim,supported,False,False,0,true_negative_not_in_queue,0.2291556956171764,0.0238522525200172,0.06507661193609238,0,23
SBV2-ALL92-G020-C03,strong_action_overclaim,supported,False,True,0,r4_screening_failure,0.4185285142495559,0.2563650153652462,0.26529377698898315,0,23
SBV2-ALL92-G020-C04,contradiction_candidate,contradiction_candidate,False,False,0,true_negative_not_in_queue,0.2103218331235746,0.92206605403793,0.1726091206073761,0,23
SBV2-ALL92-G021-C01,supported,strong_action_overclaim,False,False,1,true_negative_not_in_queue,0.5699526140779934,0.2361435883973122,0.01432063803076744,0,18
SBV2-ALL92-G021-C02,mild_scope_overclaim,strong_action_overclaim,False,False,1,ambiguous_mild_strong,0.5745173424595027,0.2367264651127818,0.016194462776184082,0,18
SBV2-ALL92-G021-C03,strong_action_overclaim,strong_action_overclaim,False,True,1,false_negative_low_pstrong,0.5877100277373991,0.2371531739316108,0.016772057861089706,0,18
SBV2-ALL92-G021-C04,contradiction_candidate,contradiction_candidate,False,False,0,true_negative_not_in_queue,0.4167169906153963,0.92303991289687,0.12448211759328842,0,18
SBV2-ALL92-G025-C01,supported,supported,False,False,0,true_negative_not_in_queue,0.2532223095558081,0.0273985976884694,0.08663676679134369,0,39
SBV2-ALL92-G025-C02,mild_scope_overclaim,supported,False,False,0,true_negative_not_in_queue,0.2875059148947775,0.0277556095519117,0.09731511771678925,0,39
SBV2-ALL92-G025-C03,strong_action_overclaim,supported,False,True,0,r4_screening_failure,0.5009663469593385,0.1325914869755663,0.848863959312439,0,39
SBV2-ALL92-G025-C04,contradiction_candidate,contradiction_candidate,False,False,0,true_negative_not_in_queue,0.5070787118200296,0.9065700543342246,0.4735183119773865,0,25
SBV2-ALL92-G027-C01,supported,strong_action_overclaim,False,False,1,true_negative_not_in_queue,0.6443527604590837,0.3024203436886578,0.1709737479686737,1,7
SBV2-ALL92-G027-C02,mild_scope_overclaim,strong_action_overclaim,False,False,1,ambiguous_mild_strong,0.6901081609627128,0.2947860462156415,0.146916463971138,1,7
SBV2-ALL92-G027-C03,strong_action_overclaim,strong_action_overclaim,True,True,1,true_positive_in_queue,0.7160255163410588,0.2753655480559971,0.09983739256858826,1,7
SBV2-ALL92-G027-C04,contradiction_candidate,contradiction_candidate,False,False,0,true_negative_not_in_queue,0.8398602118574151,0.5487680443948031,0.8384507298469543,0,13
SBV2-ALL92-G028-C01,supported,supported,False,False,0,true_negative_not_in_queue,0.4334997936400038,0.2593118160798882,0.03629663959145546,1,27
SBV2-ALL92-G028-C02,mild_scope_overclaim,supported,False,False,0,true_negative_not_in_queue,0.4945924862282347,0.2565701313080952,0.012861320748925209,1,27
SBV2-ALL92-G028-C03,strong_action_overclaim,supported,False,True,0,r4_screening_failure,0.4803731291082944,0.2558745109317242,0.008214566856622696,1,27
SBV2-ALL92-G028-C04,contradiction_candidate,contradiction_candidate,False,False,0,true_negative_not_in_queue,0.4572642504402767,0.9185576003317564,0.07512594759464264,1,27
SBV2-ALL92-G030-C01,supported,strong_action_overclaim,True,False,1,false_positive_supported,0.8530757792496165,0.2725013952675154,0.05211425572633743,0,12
SBV2-ALL92-G030-C02,mild_scope_overclaim,strong_action_overclaim,True,False,1,ambiguous_mild_strong,0.8502323553405473,0.2724918179355512,0.04450005292892456,0,12
SBV2-ALL92-G030-C03,strong_action_overclaim,supported,False,True,0,r4_screening_failure,0.8016241634963113,0.3306488437236993,0.19955256581306458,0,24
SBV2-ALL92-G030-C04,contradiction_candidate,contradiction_candidate,False,False,0,true_negative_not_in_queue,0.6792505021729734,0.7660756298798993,0.7042615413665771,0,16
SBV2-ALL92-G031-C01,supported,strong_action_overclaim,False,False,1,true_negative_not_in_queue,0.8198725803909352,0.3414110776806237,0.2630559802055359,0,12
SBV2-ALL92-G031-C02,mild_scope_overclaim,strong_action_overclaim,True,False,1,ambiguous_mild_strong,0.8211554642259854,0.3029932770020954,0.17753589153289795,0,12
SBV2-ALL92-G031-C03,strong_action_overclaim,contradiction_candidate,False,True,0,r4_screening_failure,0.5991317953206589,0.66418745060984,0.780987024307251,0,22
SBV2-ALL92-G031-C04,contradiction_candidate,contradiction_candidate,False,False,0,true_negative_not_in_queue,0.8357796717606533,0.3802828302284103,0.3743146061897278,0,12
SBV2-ALL92-G032-C01,supported,strong_action_overclaim,False,False,1,true_negative_not_in_queue,0.6460773454224604,0.2580691589470673,0.06968321651220322,0,18
SBV2-ALL92-G032-C02,mild_scope_overclaim,mild_scope_overclaim,False,False,0,true_negative_not_in_queue,0.6763077963255708,0.3500668908264334,0.4732653498649597,0,18
SBV2-ALL92-G032-C03,strong_action_overclaim,strong_action_overclaim,False,True,1,false_negative_high_entropy,0.6063296437871954,0.2787159385777382,0.36950138211250305,0,18
SBV2-ALL92-G032-C04,contradiction_candidate,contradiction_candidate,False,False,0,true_negative_not_in_queue,0.2831037664708629,0.9441599882552014,0.07566720992326736,0,18
SBV2-ALL92-G033-C01,supported,strong_action_overclaim,False,False,1,true_negative_not_in_queue,0.5310006592318149,0.2640031214151409,0.025635145604610443,0,10
SBV2-ALL92-G033-C02,mild_scope_overclaim,strong_action_overclaim,False,False,1,ambiguous_mild_strong,0.5764928673900053,0.2628749895528731,0.0161915086209774,0,10
SBV2-ALL92-G033-C03,strong_action_overclaim,strong_action_overclaim,False,True,1,false_negative_high_entropy,0.618763843905899,0.2844398985915212,0.18424762785434723,0,10
SBV2-ALL92-G033-C04,contradiction_candidate,strong_action_overclaim,False,False,1,true_negative_not_in_queue,0.6283538722829372,0.2708944751005389,0.03837743401527405,0,10
SBV2-ALL92-G034-C01,supported,supported,False,False,0,true_negative_not_in_queue,0.5023865418946979,0.2885287950217953,0.25426486134529114,0,38
SBV2-ALL92-G034-C02,mild_scope_overclaim,supported,False,False,0,true_negative_not_in_queue,0.4870232635687397,0.2951563846454164,0.1565629094839096,0,38
SBV2-ALL92-G034-C03,strong_action_overclaim,strong_action_overclaim,False,True,1,false_negative_low_pstrong,0.5671061643989862,0.295225930347642,0.20849479734897614,0,38
SBV2-ALL92-G034-C04,contradiction_candidate,contradiction_candidate,False,False,0,true_negative_not_in_queue,0.3174718955225905,0.9152636508344892,0.08329617977142334,0,38
SBV2-ALL92-G035-C01,supported,supported,False,False,0,true_negative_not_in_queue,0.4389151816036248,0.0151569525856022,0.048149581998586655,0,24
SBV2-ALL92-G035-C02,mild_scope_overclaim,strong_action_overclaim,False,False,1,ambiguous_mild_strong,0.4937238023002097,0.0195118755768569,0.18637517094612122,0,24
SBV2-ALL92-G035-C03,strong_action_overclaim,strong_action_overclaim,False,True,1,false_negative_low_pstrong,0.5307325480571782,0.273299285210029,0.9885314702987671,0,24
SBV2-ALL92-G035-C04,contradiction_candidate,contradiction_candidate,False,False,0,true_negative_not_in_queue,0.436338925399331,0.9136742472309132,0.3369927406311035,0,24
SBV2-ALL92-G036-C01,supported,contradiction_candidate,False,False,0,true_negative_not_in_queue,0.2228146055579653,0.9140490831687405,0.05337999761104584,0,46
SBV2-ALL92-G036-C02,mild_scope_overclaim,contradiction_candidate,False,False,0,true_negative_not_in_queue,0.560335565200414,0.9160056117833144,0.1365443468093872,0,5
SBV2-ALL92-G036-C03,strong_action_overclaim,contradiction_candidate,False,True,0,r4_screening_failure,0.239620424973723,0.9156905999974004,0.10780365020036697,0,46
SBV2-ALL92-G036-C04,contradiction_candidate,contradiction_candidate,False,False,0,true_negative_not_in_queue,0.7378015532317759,0.6305574849121178,0.7920182943344116,0,27
SBV2-ALL92-G037-C01,supported,strong_action_overclaim,False,False,1,true_negative_not_in_queue,0.7391998281027119,0.3204061470900843,0.20083028078079224,0,35
SBV2-ALL92-G037-C02,mild_scope_overclaim,strong_action_overclaim,True,False,1,ambiguous_mild_strong,0.7474992934351421,0.2963006842783801,0.14308223128318787,0,35
SBV2-ALL92-G037-C03,strong_action_overclaim,strong_action_overclaim,True,True,1,true_positive_in_queue,0.8498385700841802,0.2632776560111211,0.07690100371837616,1,15
SBV2-ALL92-G037-C04,contradiction_candidate,strong_action_overclaim,False,False,1,true_negative_not_in_queue,0.7288812665038276,0.3429052861147915,0.29171234369277954,0,20
SBV2-ALL92-G038-C01,supported,strong_action_overclaim,True,False,1,false_positive_supported,0.7106183059673961,0.2624478046191332,0.05654332414269447,0,18
SBV2-ALL92-G038-C02,mild_scope_overclaim,strong_action_overclaim,True,False,1,ambiguous_mild_strong,0.7200480855891848,0.2670876469601295,0.0710911899805069,0,18
SBV2-ALL92-G038-C03,strong_action_overclaim,strong_action_overclaim,True,True,1,true_positive_in_queue,0.7171062999032795,0.262021444778801,0.05766154080629349,0,18
SBV2-ALL92-G038-C04,contradiction_candidate,strong_action_overclaim,False,False,1,true_negative_not_in_queue,0.7322972308523641,0.2986101897848969,0.16059935092926025,0,18
SBV2-ALL92-G040-C01,supported,strong_action_overclaim,False,False,1,true_negative_not_in_queue,0.6546698260721456,0.2640357368841231,0.19032949209213257,0,24
SBV2-ALL92-G040-C02,mild_scope_overclaim,strong_action_overclaim,True,False,1,ambiguous_mild_strong,0.7182290501984362,0.257358532874774,0.01747264340519905,0,15
SBV2-ALL92-G040-C03,strong_action_overclaim,strong_action_overclaim,True,True,1,true_positive_in_queue,0.7039277405419391,0.2573217008016754,0.016249999403953552,0,15
SBV2-ALL92-G040-C04,contradiction_candidate,contradiction_candidate,False,False,0,true_negative_not_in_queue,0.431906479773765,0.932738369271622,0.1104855015873909,0,15
SBV2-ALL92-G042-C01,supported,strong_action_overclaim,False,False,1,true_negative_not_in_queue,0.6932403729905172,0.2947958962975084,0.1015753448009491,0,29
SBV2-ALL92-G042-C02,mild_scope_overclaim,strong_action_overclaim,False,False,1,ambiguous_mild_strong,0.6722809054319459,0.0428229076132098,0.6885045766830444,0,39
SBV2-ALL92-G042-C03,strong_action_overclaim,strong_action_overclaim,False,True,1,false_negative_high_entropy,0.7547245768898364,0.3145950942091846,0.18230533599853516,0,25
SBV2-ALL92-G042-C04,contradiction_candidate,strong_action_overclaim,False,False,1,true_negative_not_in_queue,0.6735986289251058,0.3049737224894562,0.18485188484191895,0,22
SBV2-ALL92-G043-C01,supported,strong_action_overclaim,True,False,1,false_positive_supported,0.62513327568972,0.2390121279446759,0.02564607933163643,1,22
SBV2-ALL92-G043-C02,mild_scope_overclaim,strong_action_overclaim,True,False,1,ambiguous_mild_strong,0.6218877201524959,0.2385091523663189,0.022283252328634262,1,22
SBV2-ALL92-G043-C03,strong_action_overclaim,strong_action_overclaim,True,True,1,true_positive_in_queue,0.6338924649125964,0.2380743580755338,0.020351702347397804,1,22
SBV2-ALL92-G043-C04,contradiction_candidate,contradiction_candidate,False,False,0,true_negative_not_in_queue,0.4648769317169459,0.9226980209969194,0.37944507598876953,1,22
SBV2-ALL92-G047-C01,supported,strong_action_overclaim,False,False,1,true_negative_not_in_queue,0.5909758683588486,0.2776254011454644,0.06990374624729156,1,12
SBV2-ALL92-G047-C02,mild_scope_overclaim,strong_action_overclaim,False,False,1,ambiguous_mild_strong,0.6121810655607234,0.2765342049304784,0.06058112159371376,1,12
SBV2-ALL92-G047-C03,strong_action_overclaim,strong_action_overclaim,False,True,1,selector_failure,0.6156785457626407,0.2736817902210215,0.04912199825048447,1,12
SBV2-ALL92-G047-C04,contradiction_candidate,contradiction_candidate,False,False,0,true_negative_not_in_queue,0.3483293314739243,0.928929218755967,0.1310838758945465,1,12
SBV2-ALL92-G051-C01,supported,strong_action_overclaim,True,False,1,false_positive_supported,0.7641679348699105,0.2650349911789036,0.07176701724529266,0,7
SBV2-ALL92-G051-C02,mild_scope_overclaim,strong_action_overclaim,True,False,1,ambiguous_mild_strong,0.770180661585989,0.2635018357714405,0.067408487200737,0,7
SBV2-ALL92-G051-C03,strong_action_overclaim,strong_action_overclaim,True,True,1,true_positive_in_queue,0.7727086772938146,0.2645754727190761,0.06950876861810684,0,7
SBV2-ALL92-G051-C04,contradiction_candidate,strong_action_overclaim,True,False,1,false_positive_contradiction,0.777715905402758,0.2553187190573734,0.04604135453701019,0,7
SBV2-ALL92-G052-C01,supported,strong_action_overclaim,True,False,1,false_positive_supported,0.7919525581848265,0.2516636641613217,0.02897576242685318,0,17
SBV2-ALL92-G052-C02,mild_scope_overclaim,strong_action_overclaim,True,False,1,ambiguous_mild_strong,0.7925403817924002,0.2524257872648283,0.03122258186340332,0,17
SBV2-ALL92-G052-C03,strong_action_overclaim,mild_scope_overclaim,False,True,0,r4_screening_failure,0.7609532393290063,0.3677394316089307,0.29314881563186646,0,9
SBV2-ALL92-G052-C04,contradiction_candidate,contradiction_candidate,False,False,0,true_negative_not_in_queue,0.3979407052023989,0.7459945839795848,0.6971312761306763,0,28
SBV2-ALL92-G057-C01,supported,contradiction_candidate,False,False,0,true_negative_not_in_queue,0.4890574354506582,0.8665496351049663,0.7363824248313904,1,36
SBV2-ALL92-G057-C02,mild_scope_overclaim,contradiction_candidate,False,False,0,true_negative_not_in_queue,0.4242708759349953,0.7307747135161583,0.853919267654419,1,36
SBV2-ALL92-G057-C03,strong_action_overclaim,strong_action_overclaim,False,True,1,false_negative_high_entropy,0.7163090991339472,0.3312728422420476,0.36641085147857666,1,36
SBV2-ALL92-G057-C04,contradiction_candidate,contradiction_candidate,False,False,0,true_negative_not_in_queue,0.4104127499037609,0.9144562923143152,0.4394335448741913,1,36
SBV2-ALL92-G060-C01,supported,supported,False,False,0,true_negative_not_in_queue,0.3515378581774857,0.2480205508494558,0.017961423844099045,0,16
SBV2-ALL92-G060-C02,mild_scope_overclaim,contradiction_candidate,False,False,0,true_negative_not_in_queue,0.1809715837246945,0.9269216743736814,0.15377789735794067,0,16
SBV2-ALL92-G060-C03,strong_action_overclaim,supported,False,True,0,r4_screening_failure,0.5378981366333293,0.3103380071424936,0.16789071261882782,0,16
SBV2-ALL92-G060-C04,contradiction_candidate,contradiction_candidate,False,False,0,true_negative_not_in_queue,0.2064179778357445,0.92341044134832,0.019008373841643333,0,16
SBV2-ALL92-G062-C01,supported,contradiction_candidate,False,False,0,true_negative_not_in_queue,0.3901855991317352,0.8957332930856525,0.5399109721183777,0,34
SBV2-ALL92-G062-C02,mild_scope_overclaim,contradiction_candidate,False,False,0,true_negative_not_in_queue,0.4936040168014567,0.6755180899212109,0.7561756372451782,0,34
SBV2-ALL92-G062-C03,strong_action_overclaim,contradiction_candidate,False,True,0,r4_screening_failure,0.4841660704004111,0.5956536244204061,0.7136051654815674,0,34
SBV2-ALL92-G062-C04,contradiction_candidate,strong_action_overclaim,False,False,1,true_negative_not_in_queue,0.5045056553349774,0.2543603970313794,0.0871482789516449,0,34
SBV2-ALL92-G065-C01,supported,strong_action_overclaim,False,False,1,true_negative_not_in_queue,0.8694755718618017,0.3043142970094055,0.27131223678588867,0,19
SBV2-ALL92-G065-C02,mild_scope_overclaim,strong_action_overclaim,False,False,1,ambiguous_mild_strong,0.6858420787943886,0.0625370671523262,0.5399326086044312,1,43
SBV2-ALL92-G065-C03,strong_action_overclaim,strong_action_overclaim,True,True,1,true_positive_in_queue,0.9001733501516946,0.2567677524455616,0.029927492141723633,0,8
SBV2-ALL92-G065-C04,contradiction_candidate,strong_action_overclaim,True,False,1,false_positive_contradiction,0.842098343579372,0.2694161473681137,0.06514590978622437,0,18
SBV2-ALL92-G067-C01,supported,strong_action_overclaim,False,False,1,true_negative_not_in_queue,0.5404829757429497,0.2525688909620942,0.3426291346549988,0,23
SBV2-ALL92-G067-C02,mild_scope_overclaim,strong_action_overclaim,False,False,1,ambiguous_mild_strong,0.5002814856163923,0.2552719633669761,0.09909176826477051,0,23
SBV2-ALL92-G067-C03,strong_action_overclaim,contradiction_candidate,False,True,0,r4_screening_failure,0.2868885525318909,0.9308290378156548,0.11404093354940414,0,23
SBV2-ALL92-G067-C04,contradiction_candidate,contradiction_candidate,False,False,0,true_negative_not_in_queue,0.2807400453572831,0.930776078907906,0.04430834576487541,0,23
SBV2-ALL92-G069-C01,supported,contradiction_candidate,False,False,0,true_negative_not_in_queue,0.4327361467609004,0.9105399834767588,0.46119868755340576,0,25
SBV2-ALL92-G069-C02,mild_scope_overclaim,contradiction_candidate,False,False,0,true_negative_not_in_queue,0.5620225932229017,0.633339206642372,0.6535283923149109,0,25
SBV2-ALL92-G069-C03,strong_action_overclaim,contradiction_candidate,False,True,0,r4_screening_failure,0.3571132341681853,0.9240325918127396,0.14073146879673004,0,25
SBV2-ALL92-G069-C04,contradiction_candidate,supported,False,False,0,true_negative_not_in_queue,0.5511351872037592,0.133885938163001,0.6624552607536316,0,25
SBV2-ALL92-G077-C01,supported,strong_action_overclaim,False,False,1,true_negative_not_in_queue,0.5732827791713863,0.1008686999265739,0.7218484282493591,0,24
SBV2-ALL92-G077-C02,mild_scope_overclaim,strong_action_overclaim,False,False,1,ambiguous_mild_strong,0.6496378797796394,0.1269341987941657,0.8139497637748718,0,24
SBV2-ALL92-G077-C03,strong_action_overclaim,mild_scope_overclaim,False,True,0,r4_screening_failure,0.6994025834802793,0.3752877043821948,0.5730551481246948,0,31
SBV2-ALL92-G077-C04,contradiction_candidate,strong_action_overclaim,False,False,1,true_negative_not_in_queue,0.5355842474747252,0.2211875807955796,0.9884563088417053,0,31
SBV2-ALL92-G079-C01,supported,supported,False,False,0,true_negative_not_in_queue,0.5006836346695721,0.2995088559591879,0.022009804844856262,0,14
SBV2-ALL92-G079-C02,mild_scope_overclaim,supported,False,False,0,true_negative_not_in_queue,0.5130588055320398,0.2993883592712437,0.021341532468795776,0,14
SBV2-ALL92-G079-C03,strong_action_overclaim,strong_action_overclaim,False,True,1,false_negative_low_pstrong,0.555951548299366,0.2978620639998729,0.016921384260058403,0,14
SBV2-ALL92-G079-C04,contradiction_candidate,strong_action_overclaim,False,False,1,true_negative_not_in_queue,0.561470357117055,0.3111525540909884,0.05859566479921341,0,14
SBV2-ALL92-G082-C01,supported,strong_action_overclaim,False,False,1,true_negative_not_in_queue,0.5287443204315383,0.2447879273428556,0.3733178973197937,0,13
SBV2-ALL92-G082-C02,mild_scope_overclaim,strong_action_overclaim,False,False,1,ambiguous_mild_strong,0.5597805831968667,0.2282981634625725,0.4649643898010254,0,13
SBV2-ALL92-G082-C03,strong_action_overclaim,strong_action_overclaim,False,True,1,false_negative_low_pstrong,0.5339790876558397,0.2594841550080356,0.11339373141527176,0,13
SBV2-ALL92-G082-C04,contradiction_candidate,contradiction_candidate,False,False,0,true_negative_not_in_queue,0.3948259693007314,0.9212700999736224,0.020919932052493095,0,13
SBV2-ALL92-G083-C01,supported,supported,False,False,0,true_negative_not_in_queue,0.2920135996868092,0.0280251801430368,0.05402637645602226,1,23
SBV2-ALL92-G083-C02,mild_scope_overclaim,supported,False,False,0,true_negative_not_in_queue,0.3422956561892216,0.0284931374623774,0.06341677904129028,1,23
SBV2-ALL92-G083-C03,strong_action_overclaim,mild_scope_overclaim,False,True,0,r4_screening_failure,0.4953572186587475,0.1256175263174909,0.6338846683502197,1,23
SBV2-ALL92-G083-C04,contradiction_candidate,contradiction_candidate,False,False,0,true_negative_not_in_queue,0.2615017443659676,0.9165969122534364,0.04995518550276756,1,23
SBV2-ALL92-G085-C01,supported,supported,False,False,0,true_negative_not_in_queue,0.5481174047835271,0.27114093727431,0.019876200705766678,0,14
SBV2-ALL92-G085-C02,mild_scope_overclaim,strong_action_overclaim,False,False,1,ambiguous_mild_strong,0.5721924137185503,0.272527118801938,0.02150220423936844,0,14
SBV2-ALL92-G085-C03,strong_action_overclaim,strong_action_overclaim,True,True,1,true_positive_in_queue,0.6183383945537437,0.2718238382719232,0.018226653337478638,0,14
SBV2-ALL92-G085-C04,contradiction_candidate,contradiction_candidate,False,False,0,true_negative_not_in_queue,0.513157009238959,0.88655820658586,0.4294697344303131,0,14
SBV2-ALL92-G086-C01,supported,supported,False,False,0,true_negative_not_in_queue,0.2629421881357437,0.0053629170560128,0.07199078798294067,0,26
SBV2-ALL92-G086-C02,mild_scope_overclaim,strong_action_overclaim,False,False,1,ambiguous_mild_strong,0.4512544408603444,0.2897272411690746,0.9599358439445496,0,26
SBV2-ALL92-G086-C03,strong_action_overclaim,contradiction_candidate,False,True,0,r4_screening_failure,0.2689438811552418,0.9029825108065151,0.5091394186019897,0,26
SBV2-ALL92-G086-C04,contradiction_candidate,contradiction_candidate,False,False,0,true_negative_not_in_queue,0.1863996188870449,0.9277271501072044,0.2566041052341461,0,26
SBV2-ALL92-G087-C01,supported,strong_action_overclaim,False,False,1,true_negative_not_in_queue,0.5782519390202128,0.2569253250283611,0.0467127226293087,0,33
SBV2-ALL92-G087-C02,mild_scope_overclaim,strong_action_overclaim,False,False,1,ambiguous_mild_strong,0.6109775924885548,0.2568067697864098,0.04232671856880188,0,33
SBV2-ALL92-G087-C03,strong_action_overclaim,strong_action_overclaim,True,True,1,true_positive_in_queue,0.7230930163390396,0.2616196904056377,0.05685366690158844,0,29
SBV2-ALL92-G087-C04,contradiction_candidate,strong_action_overclaim,False,False,1,true_negative_not_in_queue,0.6423814571580028,0.3167856978539852,0.2542854845523834,0,33
SBV2-ALL92-G089-C01,supported,strong_action_overclaim,True,False,1,false_positive_supported,0.7423732495652815,0.2954717054145745,0.11247387528419495,0,16
SBV2-ALL92-G089-C02,mild_scope_overclaim,strong_action_overclaim,True,False,1,ambiguous_mild_strong,0.707158792375904,0.2724810400420054,0.04735592007637024,0,29
SBV2-ALL92-G089-C03,strong_action_overclaim,strong_action_overclaim,True,True,1,true_positive_in_queue,0.7803046448879891,0.2994137844931215,0.11449843645095825,0,16
SBV2-ALL92-G089-C04,contradiction_candidate,supported,False,False,0,true_negative_not_in_queue,0.7737827541227701,0.3640476278661778,0.2690236568450928,0,16
SBV2-ALL92-G091-C01,supported,strong_action_overclaim,False,False,1,true_negative_not_in_queue,0.4760642952037754,0.2688823503740976,0.18491381406784058,1,18
SBV2-ALL92-G091-C02,mild_scope_overclaim,strong_action_overclaim,False,False,1,ambiguous_mild_strong,0.5621956522468322,0.2657055497937735,0.08512672036886215,1,18
SBV2-ALL92-G091-C03,strong_action_overclaim,strong_action_overclaim,False,True,1,false_negative_high_entropy,0.7382214949299319,0.2981935646864511,0.2213951200246811,1,18
SBV2-ALL92-G091-C04,contradiction_candidate,contradiction_candidate,False,False,0,true_negative_not_in_queue,0.3415710038875607,0.9243867634416404,0.07406826317310333,1,18
SBV2-ALL92-G092-C01,supported,strong_action_overclaim,False,False,1,true_negative_not_in_queue,0.5957546111465182,0.2376257028233934,0.017611393705010414,1,19
SBV2-ALL92-G092-C02,mild_scope_overclaim,strong_action_overclaim,True,False,1,ambiguous_mild_strong,0.6424643443626432,0.2375483652634852,0.017201222479343414,1,19
SBV2-ALL92-G092-C03,strong_action_overclaim,strong_action_overclaim,True,True,1,true_positive_in_queue,0.6671520694265021,0.2379551971731669,0.019752811640501022,1,19
SBV2-ALL92-G092-C04,contradiction_candidate,contradiction_candidate,False,False,0,true_negative_not_in_queue,0.4477898116306489,0.9229743644029224,0.3672225773334503,1,19
SBV2-ALL92-G093-C01,supported,strong_action_overclaim,False,False,1,true_negative_not_in_queue,0.6721122329411492,0.3042918176737657,0.19001752138137817,0,11
SBV2-ALL92-G093-C02,mild_scope_overclaim,strong_action_overclaim,True,False,1,ambiguous_mild_strong,0.6890118538077094,0.2680295901003124,0.06801767647266388,0,11
SBV2-ALL92-G093-C03,strong_action_overclaim,strong_action_overclaim,True,True,1,true_positive_in_queue,0.696228395735358,0.2568771782292123,0.024541260674595833,0,11
SBV2-ALL92-G093-C04,contradiction_candidate,strong_action_overclaim,False,False,1,true_negative_not_in_queue,0.710893077671597,0.2899753703446152,0.26553818583488464,0,11
SBV2-ALL92-G094-C01,supported,contradiction_candidate,False,False,0,true_negative_not_in_queue,0.6791866704225391,0.4461896340490495,0.6463481187820435,0,33
SBV2-ALL92-G094-C02,mild_scope_overclaim,contradiction_candidate,False,False,0,true_negative_not_in_queue,0.6648220051536115,0.4817227311743518,0.6371992826461792,0,33
SBV2-ALL92-G094-C03,strong_action_overclaim,contradiction_candidate,False,True,0,r4_screening_failure,0.7499149511021008,0.6081510740744056,0.7063398957252502,0,14
SBV2-ALL92-G094-C04,contradiction_candidate,strong_action_overclaim,True,False,1,false_positive_contradiction,0.7479771236434297,0.2417141129269078,0.028017576783895493,0,15
SBV2-ALL92-G098-C01,supported,strong_action_overclaim,False,False,1,true_negative_not_in_queue,0.5368685626479635,0.2448890269605133,0.08112340420484543,0,40
SBV2-ALL92-G098-C02,mild_scope_overclaim,strong_action_overclaim,False,False,1,ambiguous_mild_strong,0.5359590043880904,0.2382213529155068,0.07005971670150757,0,40
SBV2-ALL92-G098-C03,strong_action_overclaim,strong_action_overclaim,True,True,1,true_positive_in_queue,0.76072687950245,0.2388308091398044,0.06600360572338104,0,13
SBV2-ALL92-G098-C04,contradiction_candidate,strong_action_overclaim,False,False,1,true_negative_not_in_queue,0.6135039990255797,0.3690899767626744,0.3432832956314087,0,40
SBV2-ALL92-G099-C01,supported,strong_action_overclaim,False,False,1,true_negative_not_in_queue,0.5693435260477367,0.0165949207396101,0.6595891118049622,0,33
SBV2-ALL92-G099-C02,mild_scope_overclaim,strong_action_overclaim,False,False,1,ambiguous_mild_strong,0.6563054207259201,0.1549589830351528,0.5390711426734924,0,33
SBV2-ALL92-G099-C03,strong_action_overclaim,strong_action_overclaim,False,True,1,selector_failure,0.6301360687008988,0.2607322882617099,0.09738591313362122,0,33
SBV2-ALL92-G099-C04,contradiction_candidate,contradiction_candidate,False,False,0,true_negative_not_in_queue,0.3633845987590909,0.9295107306154354,0.04630691930651665,0,33
SBV2-ALL92-G106-C01,supported,supported,False,False,0,true_negative_not_in_queue,0.310745181603802,0.0197334664768093,0.09896894544363022,1,27
SBV2-ALL92-G106-C02,mild_scope_overclaim,supported,False,False,0,true_negative_not_in_queue,0.4529408857167258,0.2517977288043188,0.013927803374826908,1,27
SBV2-ALL92-G106-C03,strong_action_overclaim,contradiction_candidate,False,True,0,r4_screening_failure,0.2612691230196322,0.9266838514583564,0.12930040061473846,1,27
SBV2-ALL92-G106-C04,contradiction_candidate,contradiction_candidate,False,False,0,true_negative_not_in_queue,0.2395253905209604,0.9256145623688152,0.05175382271409035,1,27
SBV2-ALL92-G107-C01,supported,strong_action_overclaim,False,False,1,true_negative_not_in_queue,0.6615598786788277,0.2398310088871326,0.07404568046331406,0,22
SBV2-ALL92-G107-C02,mild_scope_overclaim,strong_action_overclaim,False,False,1,ambiguous_mild_strong,0.640864695956737,0.2393707864896158,0.051248010247945786,0,22
SBV2-ALL92-G107-C03,strong_action_overclaim,strong_action_overclaim,True,True,1,true_positive_in_queue,0.7153726220189167,0.2402774886622187,0.021580690518021584,0,22
SBV2-ALL92-G107-C04,contradiction_candidate,contradiction_candidate,False,False,0,true_negative_not_in_queue,0.5972202066637242,0.5943382134863542,0.806557834148407,0,22
SBV2-ALL92-G110-C01,supported,strong_action_overclaim,False,False,1,true_negative_not_in_queue,0.5236197162891852,0.2836579837874337,0.11469174176454544,0,22
SBV2-ALL92-G110-C02,mild_scope_overclaim,strong_action_overclaim,False,False,1,ambiguous_mild_strong,0.5785884587261877,0.2943169719018121,0.14170441031455994,0,22
SBV2-ALL92-G110-C03,strong_action_overclaim,strong_action_overclaim,False,True,1,false_negative_low_pstrong,0.6059397419715086,0.3120734740145902,0.183469757437706,0,22
SBV2-ALL92-G110-C04,contradiction_candidate,contradiction_candidate,False,False,0,true_negative_not_in_queue,0.3072887055347006,0.9173170119783794,0.021586237475275993,0,22
SBV2-ALL92-G111-C01,supported,contradiction_candidate,False,False,0,true_negative_not_in_queue,0.6552767955262816,0.8787057533407845,0.6016545295715332,0,24
SBV2-ALL92-G111-C02,mild_scope_overclaim,contradiction_candidate,False,False,0,true_negative_not_in_queue,0.6844725218100243,0.8770211340286285,0.6101303100585938,0,24
SBV2-ALL92-G111-C03,strong_action_overclaim,strong_action_overclaim,True,True,1,true_positive_in_queue,0.7827614578484883,0.2633157080119629,0.12569715082645416,0,28
SBV2-ALL92-G111-C04,contradiction_candidate,contradiction_candidate,False,False,0,true_negative_not_in_queue,0.5032653201645587,0.935012326400355,0.20084089040756226,0,24
SBV2-ALL92-G116-C01,supported,contradiction_candidate,False,False,0,true_negative_not_in_queue,0.6342804343528515,0.9207981765050612,0.10806604474782944,1,16
SBV2-ALL92-G116-C02,mild_scope_overclaim,strong_action_overclaim,True,False,1,ambiguous_mild_strong,0.786742362761738,0.28980392892009,0.09410801529884338,1,14
SBV2-ALL92-G116-C03,strong_action_overclaim,strong_action_overclaim,True,True,1,true_positive_in_queue,0.7668028947660619,0.2647816393213495,0.0273605827242136,1,14
SBV2-ALL92-G116-C04,contradiction_candidate,supported,False,False,0,true_negative_not_in_queue,0.8579622525136361,0.412427589029312,0.35314399003982544,1,16
SBV2-ALL92-G119-C01,supported,supported,False,False,0,true_negative_not_in_queue,0.1099664605282868,0.0206850998382684,0.05661430582404137,0,59
SBV2-ALL92-G119-C02,mild_scope_overclaim,supported,False,False,0,true_negative_not_in_queue,0.0990783650207229,0.0205080308172523,0.05076116323471069,0,59
SBV2-ALL92-G119-C03,strong_action_overclaim,supported,False,True,0,r4_screening_failure,0.2289101347592407,0.2575093185201074,0.039164505898952484,0,59
SBV2-ALL92-G119-C04,contradiction_candidate,contradiction_candidate,False,False,0,true_negative_not_in_queue,0.0801701596434203,0.9252703046997978,0.10645344853401184,0,59
SBV2-ALL92-G122-C01,supported,strong_action_overclaim,False,False,1,true_negative_not_in_queue,0.5109448303005775,0.3141703661435558,0.26021814346313477,0,26
SBV2-ALL92-G122-C02,mild_scope_overclaim,mild_scope_overclaim,False,False,0,true_negative_not_in_queue,0.4357324702078792,0.2448703277043707,0.017554324120283127,0,26
SBV2-ALL92-G122-C03,strong_action_overclaim,strong_action_overclaim,False,True,1,false_negative_low_pstrong,0.5756906715990789,0.2970784048843383,0.18914835155010223,0,26
SBV2-ALL92-G122-C04,contradiction_candidate,contradiction_candidate,False,False,0,true_negative_not_in_queue,0.3307270848399936,0.9036404109685566,0.041079506278038025,0,26
SBV2-ALL92-G124-C01,supported,strong_action_overclaim,False,False,1,true_negative_not_in_queue,0.6402828846593611,0.2550678004317525,0.24048665165901184,1,26
SBV2-ALL92-G124-C02,mild_scope_overclaim,strong_action_overclaim,False,False,1,ambiguous_mild_strong,0.7731514187148399,0.2495755510318453,0.24117892980575562,1,26
SBV2-ALL92-G124-C03,strong_action_overclaim,strong_action_overclaim,False,True,1,false_negative_high_entropy,0.7742095292080993,0.1464159685749216,0.7058876156806946,1,26
SBV2-ALL92-G124-C04,contradiction_candidate,contradiction_candidate,False,False,0,true_negative_not_in_queue,0.4050456253512886,0.9269766458376282,0.015321008861064911,1,26
SBV2-ALL92-G128-C01,supported,strong_action_overclaim,False,False,1,true_negative_not_in_queue,0.6035852265157664,0.2607251310774048,0.12789730727672577,0,21
SBV2-ALL92-G128-C02,mild_scope_overclaim,strong_action_overclaim,False,False,1,ambiguous_mild_strong,0.5877323483602446,0.2549385655232571,0.022064030170440674,0,21
SBV2-ALL92-G128-C03,strong_action_overclaim,strong_action_overclaim,False,True,1,false_negative_high_entropy,0.6460054489870501,0.2609698172939089,0.12012191861867905,0,21
SBV2-ALL92-G128-C04,contradiction_candidate,contradiction_candidate,False,False,0,true_negative_not_in_queue,0.4168775536790097,0.9250167027528234,0.13241474330425262,0,21
SBV2-ALL92-G131-C01,supported,strong_action_overclaim,False,False,1,true_negative_not_in_queue,0.7864513357784206,0.2997794364324582,0.22968409955501556,0,17
SBV2-ALL92-G131-C02,mild_scope_overclaim,contradiction_candidate,False,False,0,true_negative_not_in_queue,0.5709000350637853,0.8531378509983417,0.6541693806648254,0,18
SBV2-ALL92-G131-C03,strong_action_overclaim,strong_action_overclaim,False,True,1,selector_failure,0.6563790678349806,0.2489601646937728,0.05709800869226456,0,18
SBV2-ALL92-G131-C04,contradiction_candidate,strong_action_overclaim,False,False,1,true_negative_not_in_queue,0.68979570821865,0.2721220761047358,0.10593432933092117,0,18
SBV2-ALL92-G135-C01,supported,contradiction_candidate,False,False,0,true_negative_not_in_queue,0.6503481227335404,0.5827904058766825,0.6755887269973755,0,24
SBV2-ALL92-G135-C02,mild_scope_overclaim,mild_scope_overclaim,False,False,0,true_negative_not_in_queue,0.7226452246989608,0.46795107552887,0.5481290817260742,0,24
SBV2-ALL92-G135-C03,strong_action_overclaim,strong_action_overclaim,False,True,1,false_negative_high_entropy,0.8023368571102183,0.3281725823998649,0.27868786454200745,0,10
SBV2-ALL92-G135-C04,contradiction_candidate,strong_action_overclaim,True,False,1,false_positive_contradiction,0.7422437985174636,0.2668689361296321,0.14136803150177002,0,24
SBV2-ALL92-G140-C01,supported,strong_action_overclaim,True,False,1,false_positive_supported,0.8391794833299818,0.2751627774655129,0.0351576991379261,0,17
SBV2-ALL92-G140-C02,mild_scope_overclaim,strong_action_overclaim,True,False,1,ambiguous_mild_strong,0.8394267041583641,0.2738097370715593,0.03109179064631462,0,17
SBV2-ALL92-G140-C03,strong_action_overclaim,strong_action_overclaim,True,True,1,true_positive_in_queue,0.8397475303120645,0.2767586104689712,0.04009021818637848,0,17
SBV2-ALL92-G140-C04,contradiction_candidate,strong_action_overclaim,True,False,1,false_positive_contradiction,0.8487658017056087,0.2798185653548743,0.04973024129867554,0,17
SBV2-ALL92-G141-C01,supported,mild_scope_overclaim,False,False,0,true_negative_not_in_queue,0.5596230956027733,0.3463926281282287,0.3196948766708374,0,44
SBV2-ALL92-G141-C02,mild_scope_overclaim,mild_scope_overclaim,False,False,0,true_negative_not_in_queue,0.4595169813660251,0.3150283891086105,0.22974731028079987,0,44
SBV2-ALL92-G141-C03,strong_action_overclaim,mild_scope_overclaim,False,True,0,r4_screening_failure,0.5968714947570938,0.3838455669592046,0.5455085039138794,0,44
SBV2-ALL92-G141-C04,contradiction_candidate,mild_scope_overclaim,False,False,0,true_negative_not_in_queue,0.6170301458722416,0.4004367906476671,0.7321359515190125,0,44
SBV2-ALL92-G144-C01,supported,strong_action_overclaim,False,False,1,true_negative_not_in_queue,0.624123421543759,0.270503884329117,0.11795669794082642,0,29
SBV2-ALL92-G144-C02,mild_scope_overclaim,strong_action_overclaim,False,False,1,ambiguous_mild_strong,0.6457789951709008,0.2863210595350344,0.21935319900512695,0,29
SBV2-ALL92-G144-C03,strong_action_overclaim,strong_action_overclaim,True,True,1,true_positive_in_queue,0.8192830409632568,0.2694878633038663,0.116542749106884,0,11
SBV2-ALL92-G144-C04,contradiction_candidate,contradiction_candidate,False,False,0,true_negative_not_in_queue,0.5996621232321381,0.8226045972942622,0.6547496318817139,0,29
SBV2-ALL92-G145-C01,supported,supported,False,False,0,true_negative_not_in_queue,0.2068041619303312,0.0283958825026334,0.03127662464976311,1,29
SBV2-ALL92-G145-C02,mild_scope_overclaim,supported,False,False,0,true_negative_not_in_queue,0.2195129881434989,0.030565589060733,0.07565255463123322,1,29
SBV2-ALL92-G145-C03,strong_action_overclaim,strong_action_overclaim,False,True,1,false_negative_low_pstrong,0.5040356946969182,0.2569325234779013,0.3416294753551483,1,29
SBV2-ALL92-G145-C04,contradiction_candidate,contradiction_candidate,False,False,0,true_negative_not_in_queue,0.2841882341091306,0.9141342386130394,0.05871997028589249,1,29
SBV2-ALL92-G146-C01,supported,strong_action_overclaim,True,False,1,false_positive_supported,0.7592624351159736,0.2522051629302251,0.011080553755164146,0,20
SBV2-ALL92-G146-C02,mild_scope_overclaim,strong_action_overclaim,True,False,1,ambiguous_mild_strong,0.8438112998913749,0.2553313651721565,0.019769294187426567,1,18
SBV2-ALL92-G146-C03,strong_action_overclaim,strong_action_overclaim,True,True,1,true_positive_in_queue,0.8750939006950106,0.2601758033225895,0.0339541956782341,1,18
SBV2-ALL92-G146-C04,contradiction_candidate,contradiction_candidate,False,False,0,true_negative_not_in_queue,0.9022851512129468,0.3989804924785611,0.3679285943508148,1,18
SBV2-ALL92-G158-C01,supported,strong_action_overclaim,False,False,1,true_negative_not_in_queue,0.5931053722107205,0.2269178527807105,0.3300379514694214,1,41
SBV2-ALL92-G158-C02,mild_scope_overclaim,strong_action_overclaim,False,False,1,ambiguous_mild_strong,0.6394802392897821,0.2453820604776644,0.22797039151191711,1,41
SBV2-ALL92-G158-C03,strong_action_overclaim,strong_action_overclaim,False,True,1,false_negative_high_entropy,0.6075008708931905,0.2678656003800732,0.14598044753074646,1,41
SBV2-ALL92-G158-C04,contradiction_candidate,contradiction_candidate,False,False,0,true_negative_not_in_queue,0.2185884594853021,0.9390305249288432,0.1123451292514801,1,41
SBV2-ALL92-G161-C01,supported,mild_scope_overclaim,False,False,0,true_negative_not_in_queue,0.5046807179951167,0.2330176159280413,0.034218378365039825,1,21
SBV2-ALL92-G161-C02,mild_scope_overclaim,strong_action_overclaim,False,False,1,ambiguous_mild_strong,0.5848777815328479,0.2339257585583706,0.032829198986291885,1,21
SBV2-ALL92-G161-C03,strong_action_overclaim,supported,False,True,0,r4_screening_failure,0.6708824029360749,0.3757534648203749,0.35596156120300293,1,21
SBV2-ALL92-G161-C04,contradiction_candidate,contradiction_candidate,False,False,0,true_negative_not_in_queue,0.4633362120912947,0.9207894875640866,0.19131988286972046,1,21
SBV2-ALL92-G163-C01,supported,supported,False,False,0,true_negative_not_in_queue,0.3348701698547389,0.026921536583573,0.06492167711257935,0,23
SBV2-ALL92-G163-C02,mild_scope_overclaim,strong_action_overclaim,False,False,1,ambiguous_mild_strong,0.6058144641464372,0.2570464264235888,0.09479665011167526,0,23
SBV2-ALL92-G163-C03,strong_action_overclaim,strong_action_overclaim,False,True,1,false_negative_high_entropy,0.7002321517936494,0.0786257971315649,0.7213484644889832,0,23
SBV2-ALL92-G163-C04,contradiction_candidate,supported,False,False,0,true_negative_not_in_queue,0.6138918829485301,0.367140341804399,0.3850383460521698,0,23
SBV2-ALL92-G164-C01,supported,strong_action_overclaim,False,False,1,true_negative_not_in_queue,0.5630861386935502,0.2516594493682682,0.037195637822151184,0,21
SBV2-ALL92-G164-C02,mild_scope_overclaim,strong_action_overclaim,False,False,1,ambiguous_mild_strong,0.5732173583564945,0.2475470657800301,0.019443292170763016,0,21
SBV2-ALL92-G164-C03,strong_action_overclaim,strong_action_overclaim,False,True,1,false_negative_high_entropy,0.6780195997572346,0.271943497761068,0.14491897821426392,0,21
SBV2-ALL92-G164-C04,contradiction_candidate,strong_action_overclaim,False,False,1,true_negative_not_in_queue,0.6090458025362961,0.309192319565673,0.18904626369476318,0,21
SBV2-ALL92-G166-C01,supported,strong_action_overclaim,False,False,1,true_negative_not_in_queue,0.5689905495851522,0.2481574856839012,0.20339760184288025,1,31
SBV2-ALL92-G166-C02,mild_scope_overclaim,strong_action_overclaim,False,False,1,ambiguous_mild_strong,0.5175319785670744,0.2461544362024714,0.047608718276023865,1,31
SBV2-ALL92-G166-C03,strong_action_overclaim,strong_action_overclaim,False,True,1,false_negative_low_pstrong,0.560417801287204,0.1366751389482562,0.6828948259353638,1,31
SBV2-ALL92-G166-C04,contradiction_candidate,mild_scope_overclaim,False,False,0,true_negative_not_in_queue,0.582907219538407,0.5461787971599349,0.6826322078704834,1,31
SBV2-ALL92-G167-C01,supported,strong_action_overclaim,True,False,1,false_positive_supported,0.7943668818612941,0.2402924933867938,0.027531936764717102,0,27
SBV2-ALL92-G167-C02,mild_scope_overclaim,strong_action_overclaim,True,False,1,ambiguous_mild_strong,0.7547330476186812,0.2473111270220212,0.15226764976978302,0,23
SBV2-ALL92-G167-C03,strong_action_overclaim,strong_action_overclaim,True,True,1,true_positive_in_queue,0.6906165471111585,0.2396962347523905,0.04592040926218033,0,29
SBV2-ALL92-G167-C04,contradiction_candidate,strong_action_overclaim,True,False,1,false_positive_contradiction,0.8244770282435293,0.26492300537433,0.16945037245750427,0,27
SBV2-ALL92-G168-C01,supported,strong_action_overclaim,False,False,1,true_negative_not_in_queue,0.6040993748805381,0.3551206636439575,0.42648857831954956,0,11
SBV2-ALL92-G168-C02,mild_scope_overclaim,strong_action_overclaim,False,False,1,ambiguous_mild_strong,0.5957237194567245,0.2952844229861215,0.24616941809654236,0,11
SBV2-ALL92-G168-C03,strong_action_overclaim,strong_action_overclaim,False,True,1,selector_failure,0.6583570644075947,0.273272658000059,0.10463348031044006,0,11
SBV2-ALL92-G168-C04,contradiction_candidate,contradiction_candidate,False,False,0,true_negative_not_in_queue,0.2518516247200874,0.934172775722266,0.06747502088546753,0,11
SBV2-ALL92-G170-C01,supported,supported,False,False,0,true_negative_not_in_queue,0.4519233833953207,0.2356511840578687,0.03699558228254318,0,20
SBV2-ALL92-G170-C02,mild_scope_overclaim,supported,False,False,0,true_negative_not_in_queue,0.4829404221824683,0.2317599114350561,0.021392319351434708,0,20
SBV2-ALL92-G170-C03,strong_action_overclaim,strong_action_overclaim,False,True,1,false_negative_low_pstrong,0.544672814951358,0.251752132152126,0.10997677594423294,0,20
SBV2-ALL92-G170-C04,contradiction_candidate,supported,False,False,0,true_negative_not_in_queue,0.4543301886773433,0.2379618763855483,0.04215334355831146,0,20
SBV2-ALL92-G172-C01,supported,strong_action_overclaim,False,False,1,true_negative_not_in_queue,0.6219760099405719,0.2782436467332688,0.09487081319093704,0,14
SBV2-ALL92-G172-C02,mild_scope_overclaim,strong_action_overclaim,False,False,1,ambiguous_mild_strong,0.6628504511077158,0.2761550966963672,0.08501376956701279,0,14
SBV2-ALL92-G172-C03,strong_action_overclaim,strong_action_overclaim,False,True,1,selector_failure,0.6415333704250259,0.2726569818320511,0.07935179769992828,0,14
SBV2-ALL92-G172-C04,contradiction_candidate,contradiction_candidate,False,False,0,true_negative_not_in_queue,0.5649057817485573,0.9012677353677307,0.4341915249824524,0,13
SBV2-ALL92-G175-C01,supported,strong_action_overclaim,False,False,1,true_negative_not_in_queue,0.7127179091195788,0.2749204901408692,0.14367491006851196,0,18
SBV2-ALL92-G175-C02,mild_scope_overclaim,strong_action_overclaim,False,False,1,ambiguous_mild_strong,0.7068341315543812,0.2696546112198901,0.12571175396442413,0,18
SBV2-ALL92-G175-C03,strong_action_overclaim,strong_action_overclaim,True,True,1,true_positive_in_queue,0.7240509248888976,0.2668871002306158,0.10529620200395584,0,18
SBV2-ALL92-G175-C04,contradiction_candidate,contradiction_candidate,False,False,0,true_negative_not_in_queue,0.2440526449017714,0.9247137243605084,0.32917946577072144,0,59
SBV2-ALL92-G178-C01,supported,strong_action_overclaim,False,False,1,true_negative_not_in_queue,0.7077671650064608,0.3199994735676735,0.3299456536769867,0,33
SBV2-ALL92-G178-C02,mild_scope_overclaim,strong_action_overclaim,False,False,1,ambiguous_mild_strong,0.726946839310247,0.3369472474616307,0.4245571792125702,0,33
SBV2-ALL92-G178-C03,strong_action_overclaim,mild_scope_overclaim,False,True,0,r4_screening_failure,0.7479585846947796,0.407707950329419,0.38298410177230835,0,33
SBV2-ALL92-G178-C04,contradiction_candidate,supported,False,False,0,true_negative_not_in_queue,0.7044349196975674,0.3638558008998628,0.35373300313949585,0,33
SBV2-ALL92-G180-C01,supported,mild_scope_overclaim,False,False,0,true_negative_not_in_queue,0.561808183411383,0.3904923199057979,0.6355315446853638,1,73
SBV2-ALL92-G180-C02,mild_scope_overclaim,contradiction_candidate,False,False,0,true_negative_not_in_queue,0.6504131964542381,0.4595575538444908,0.6327388286590576,0,30
SBV2-ALL92-G180-C03,strong_action_overclaim,contradiction_candidate,False,True,0,r4_screening_failure,0.433361302235437,0.8981673310019447,0.544649600982666,0,30
SBV2-ALL92-G180-C04,contradiction_candidate,contradiction_candidate,False,False,0,true_negative_not_in_queue,0.2013206047514807,0.931922261105672,0.16858911514282227,1,73
SBV2-ALL92-G185-C01,supported,strong_action_overclaim,True,False,1,false_positive_supported,0.7482529925962331,0.2519683381635028,0.030360855162143707,1,10
SBV2-ALL92-G185-C02,mild_scope_overclaim,contradiction_candidate,False,False,0,true_negative_not_in_queue,0.2968833510856218,0.9363757612155332,0.20312142372131348,0,42
SBV2-ALL92-G185-C03,strong_action_overclaim,strong_action_overclaim,True,True,1,true_positive_in_queue,0.8896942725875263,0.2744088844309599,0.12021370232105255,0,15
SBV2-ALL92-G185-C04,contradiction_candidate,strong_action_overclaim,True,False,1,false_positive_contradiction,0.7852484753389609,0.2494565453669729,0.022174814715981483,1,10
SBV2-ALL92-G186-C01,supported,contradiction_candidate,False,False,0,true_negative_not_in_queue,0.5474284706888957,0.9236993279924232,0.21610744297504425,0,26
SBV2-ALL92-G186-C02,mild_scope_overclaim,contradiction_candidate,False,False,0,true_negative_not_in_queue,0.4317993028961442,0.9248847275580496,0.17796500027179718,0,26
SBV2-ALL92-G186-C03,strong_action_overclaim,strong_action_overclaim,False,True,1,false_negative_high_entropy,0.7345135015919436,0.3099863582590623,0.14504992961883545,0,26
SBV2-ALL92-G186-C04,contradiction_candidate,strong_action_overclaim,True,False,1,false_positive_contradiction,0.819507533479869,0.3101308578922134,0.17101594805717468,0,26
SBV2-ALL92-G187-C01,supported,strong_action_overclaim,True,False,1,false_positive_supported,0.8237122567920883,0.2849938117385653,0.1439550668001175,0,15
SBV2-ALL92-G187-C02,mild_scope_overclaim,strong_action_overclaim,True,False,1,ambiguous_mild_strong,0.8081209053600736,0.2612968810082215,0.07426410913467407,0,15
SBV2-ALL92-G187-C03,strong_action_overclaim,strong_action_overclaim,True,True,1,true_positive_in_queue,0.8204177222056057,0.2780962827537521,0.13232503831386566,0,15
SBV2-ALL92-G187-C04,contradiction_candidate,strong_action_overclaim,True,False,1,false_positive_contradiction,0.8227873113608309,0.2810755033935178,0.13341720402240753,0,15
SBV2-ALL92-G190-C01,supported,strong_action_overclaim,True,False,1,false_positive_supported,0.6881150523830265,0.251339545469278,0.034042906016111374,0,21
SBV2-ALL92-G190-C02,mild_scope_overclaim,strong_action_overclaim,True,False,1,ambiguous_mild_strong,0.7545810435097724,0.2636766258617687,0.07321877032518387,0,17
SBV2-ALL92-G190-C03,strong_action_overclaim,strong_action_overclaim,True,True,1,true_positive_in_queue,0.7152695695250925,0.2543492470375679,0.05238083004951477,0,21
SBV2-ALL92-G190-C04,contradiction_candidate,contradiction_candidate,False,False,0,true_negative_not_in_queue,0.5353219677617049,0.7475392867247734,0.7565464973449707,0,32
SBV2-ALL92-G193-C01,supported,contradiction_candidate,False,False,0,true_negative_not_in_queue,0.710957869564068,0.6729360015600316,0.9761980175971985,0,20
SBV2-ALL92-G193-C02,mild_scope_overclaim,supported,False,False,0,true_negative_not_in_queue,0.8001168219328555,0.37577701777905,0.29753902554512024,0,16
SBV2-ALL92-G193-C03,strong_action_overclaim,strong_action_overclaim,True,True,1,true_positive_in_queue,0.7910879499502751,0.2771790237827798,0.06868387758731842,0,16
SBV2-ALL92-G193-C04,contradiction_candidate,contradiction_candidate,False,False,0,true_negative_not_in_queue,0.3734699281905735,0.92361518376074,0.12234918773174286,1,26
SBV2-ALL92-G196-C01,supported,supported,False,False,0,true_negative_not_in_queue,0.4967569137145081,0.2925502182450171,0.10471850633621216,1,20
SBV2-ALL92-G196-C02,mild_scope_overclaim,strong_action_overclaim,True,False,1,ambiguous_mild_strong,0.8103893151060548,0.2960911268098771,0.17735761404037476,0,12
SBV2-ALL92-G196-C03,strong_action_overclaim,strong_action_overclaim,False,True,1,false_negative_high_entropy,0.7830680525436755,0.3692259321710187,0.3014875650405884,1,20
SBV2-ALL92-G196-C04,contradiction_candidate,contradiction_candidate,False,False,0,true_negative_not_in_queue,0.6703843344256728,0.918430533575168,0.15298999845981598,0,15
SBV2-ALL92-G197-C01,supported,strong_action_overclaim,True,False,1,false_positive_supported,0.7186111511395028,0.2232786494391775,0.009036168456077576,1,11
SBV2-ALL92-G197-C02,mild_scope_overclaim,strong_action_overclaim,True,False,1,ambiguous_mild_strong,0.7410035596196013,0.2260081459606277,0.019839247688651085,0,19
SBV2-ALL92-G197-C03,strong_action_overclaim,strong_action_overclaim,True,True,1,true_positive_in_queue,0.7149471687358091,0.2231519276647487,0.010149350389838219,1,11
SBV2-ALL92-G197-C04,contradiction_candidate,contradiction_candidate,False,False,0,true_negative_not_in_queue,0.5549184043621052,0.9091399113463704,0.060978494584560394,1,11
SBV2-ALL92-G198-C01,supported,strong_action_overclaim,True,False,1,false_positive_supported,0.6371927811388349,0.2521216703829342,0.00837889313697815,1,10
SBV2-ALL92-G198-C02,mild_scope_overclaim,strong_action_overclaim,True,False,1,ambiguous_mild_strong,0.6517783977578788,0.2521440023451152,0.008966438472270966,1,10
SBV2-ALL92-G198-C03,strong_action_overclaim,strong_action_overclaim,False,True,1,selector_failure,0.6073038184831847,0.2521318283508198,0.009098748676478863,1,10
SBV2-ALL92-G198-C04,contradiction_candidate,contradiction_candidate,False,False,0,true_negative_not_in_queue,0.4786711692402249,0.775354277281892,0.6833702325820923,1,10
SBV2-ALL92-G205-C01,supported,strong_action_overclaim,False,False,1,true_negative_not_in_queue,0.5683019904587218,0.2667447065712937,0.10484839975833893,1,27
SBV2-ALL92-G205-C02,mild_scope_overclaim,strong_action_overclaim,False,False,1,ambiguous_mild_strong,0.5703868038791726,0.2667534227104868,0.10363571345806122,1,27
SBV2-ALL92-G205-C03,strong_action_overclaim,contradiction_candidate,False,True,0,r4_screening_failure,0.6237327051084338,0.7983643673988896,0.656870424747467,0,12
SBV2-ALL92-G205-C04,contradiction_candidate,contradiction_candidate,False,False,0,true_negative_not_in_queue,0.3230140656648581,0.9164626704981048,0.12900471687316895,0,16
SBV2-ALL92-G213-C01,supported,contradiction_candidate,False,False,0,true_negative_not_in_queue,0.7570633832970062,0.6292009550494937,0.7193188667297363,1,13
SBV2-ALL92-G213-C02,mild_scope_overclaim,mild_scope_overclaim,False,False,0,true_negative_not_in_queue,0.7831069327913942,0.429797535776336,0.40550312399864197,1,13
SBV2-ALL92-G213-C03,strong_action_overclaim,strong_action_overclaim,False,True,1,false_negative_high_entropy,0.7509184270814449,0.3587750287934432,0.2603053152561188,0,22
SBV2-ALL92-G213-C04,contradiction_candidate,strong_action_overclaim,False,False,1,true_negative_not_in_queue,0.6384223896395675,0.311130767626802,0.15728504955768585,0,22
SBV2-ALL92-G214-C01,supported,strong_action_overclaim,False,False,1,true_negative_not_in_queue,0.4741306413893813,0.0440491235183765,0.6402443647384644,0,32
SBV2-ALL92-G214-C02,mild_scope_overclaim,contradiction_candidate,False,False,0,true_negative_not_in_queue,0.3848625468155831,0.8751542846589079,0.5823861360549927,0,32
SBV2-ALL92-G214-C03,strong_action_overclaim,strong_action_overclaim,False,True,1,false_negative_low_pstrong,0.5551818270573347,0.2475677555920051,0.04994376748800278,0,46
SBV2-ALL92-G214-C04,contradiction_candidate,contradiction_candidate,False,False,0,true_negative_not_in_queue,0.6624540478635833,0.8930432059941061,0.5606203079223633,0,16
SBV2-ALL92-G215-C01,supported,strong_action_overclaim,False,False,1,true_negative_not_in_queue,0.6285746050125458,0.2611050358830596,0.04211380332708359,0,23
SBV2-ALL92-G215-C02,mild_scope_overclaim,strong_action_overclaim,False,False,1,ambiguous_mild_strong,0.6451823693246477,0.2634176342442491,0.0483877956867218,0,23
SBV2-ALL92-G215-C03,strong_action_overclaim,strong_action_overclaim,True,True,1,true_positive_in_queue,0.731480329869695,0.2528140356308705,0.01566213369369507,0,30
SBV2-ALL92-G215-C04,contradiction_candidate,strong_action_overclaim,False,False,1,true_negative_not_in_queue,0.6379752341839359,0.2668448513825637,0.059975579380989075,0,23
SBV2-ALL92-G224-C01,supported,supported,False,False,0,true_negative_not_in_queue,0.3707572369180024,0.0168191574152537,0.17565028369426727,1,28
SBV2-ALL92-G224-C02,mild_scope_overclaim,supported,False,False,0,true_negative_not_in_queue,0.4505192688982961,0.0190912464479417,0.26908189058303833,1,28
SBV2-ALL92-G224-C03,strong_action_overclaim,strong_action_overclaim,False,True,1,false_negative_low_pstrong,0.4509760602522754,0.345995162136892,0.9841923117637634,1,28
SBV2-ALL92-G224-C04,contradiction_candidate,contradiction_candidate,False,False,0,true_negative_not_in_queue,0.4907294012324062,0.8590793954889301,0.7555601596832275,1,28
SBV2-ALL92-G226-C01,supported,strong_action_overclaim,True,False,1,false_positive_supported,0.7713891611059424,0.2640871422336041,0.02414267137646675,0,10
SBV2-ALL92-G226-C02,mild_scope_overclaim,strong_action_overclaim,True,False,1,ambiguous_mild_strong,0.7924370855793632,0.2642234942725877,0.027506370097398758,0,10
SBV2-ALL92-G226-C03,strong_action_overclaim,strong_action_overclaim,True,True,1,true_positive_in_queue,0.802324781115154,0.2631838727198281,0.016207095235586166,0,10
SBV2-ALL92-G226-C04,contradiction_candidate,strong_action_overclaim,True,False,1,false_positive_contradiction,0.7743050476321933,0.2664713150869709,0.03342818841338158,0,10
SBV2-ALL92-G232-C01,supported,strong_action_overclaim,True,False,1,false_positive_supported,0.8424892248418628,0.2604215902448351,0.02231662906706333,1,9
SBV2-ALL92-G232-C02,mild_scope_overclaim,strong_action_overclaim,True,False,1,ambiguous_mild_strong,0.8506619844470373,0.2587056660006721,0.015815701335668564,1,9
SBV2-ALL92-G232-C03,strong_action_overclaim,strong_action_overclaim,False,True,1,false_negative_high_entropy,0.7384299152531768,0.2878689205049911,0.14103463292121887,0,35
SBV2-ALL92-G232-C04,contradiction_candidate,contradiction_candidate,False,False,0,true_negative_not_in_queue,0.6370201238437198,0.9270931319910934,0.034220706671476364,1,9
SBV2-ALL92-G233-C01,supported,supported,False,False,0,true_negative_not_in_queue,0.4407009332626516,0.3080445244039486,0.6136249303817749,0,36
SBV2-ALL92-G233-C02,mild_scope_overclaim,supported,False,False,0,true_negative_not_in_queue,0.4003149356862782,0.3065035756931996,0.15215522050857544,0,36
SBV2-ALL92-G233-C03,strong_action_overclaim,supported,False,True,0,r4_screening_failure,0.3689121896758177,0.2911467984429502,0.048100896179676056,0,36
SBV2-ALL92-G233-C04,contradiction_candidate,contradiction_candidate,False,False,0,true_negative_not_in_queue,0.1494814042241935,0.9091547405833276,0.01634882017970085,0,36
SBV2-ALL92-G234-C01,supported,contradiction_candidate,False,False,0,true_negative_not_in_queue,0.3086950626072344,0.9232050138137272,0.2388206571340561,0,21
SBV2-ALL92-G234-C02,mild_scope_overclaim,contradiction_candidate,False,False,0,true_negative_not_in_queue,0.5765318204443532,0.6517369214485165,0.6797302961349487,0,21
SBV2-ALL92-G234-C03,strong_action_overclaim,supported,False,True,0,r4_screening_failure,0.6375901352054224,0.3005594515399128,0.12481782585382462,0,21
SBV2-ALL92-G234-C04,contradiction_candidate,contradiction_candidate,False,False,0,true_negative_not_in_queue,0.6249017401871366,0.9221085434925174,0.02949644811451435,0,21
SBV2-ALL92-G248-C01,supported,supported,False,False,0,true_negative_not_in_queue,0.4686757584046146,0.2732143583624693,0.20593461394309998,0,15
SBV2-ALL92-G248-C02,mild_scope_overclaim,supported,False,False,0,true_negative_not_in_queue,0.46965980479849,0.2624849685875976,0.11326529085636139,0,15
SBV2-ALL92-G248-C03,strong_action_overclaim,strong_action_overclaim,True,True,1,true_positive_in_queue,0.6858701906667156,0.2379724560363075,0.012959272600710392,0,14
SBV2-ALL92-G248-C04,contradiction_candidate,contradiction_candidate,False,False,0,true_negative_not_in_queue,0.2383329592695071,0.9119970453507696,0.07067479193210602,0,15
SBV2-ALL92-G251-C01,supported,mild_scope_overclaim,False,False,0,true_negative_not_in_queue,0.3428508482183375,0.2566531642596349,0.07051252573728561,0,39
SBV2-ALL92-G251-C02,mild_scope_overclaim,mild_scope_overclaim,False,False,0,true_negative_not_in_queue,0.3765564447939972,0.257666418163427,0.1384822279214859,0,39
SBV2-ALL92-G251-C03,strong_action_overclaim,mild_scope_overclaim,False,True,0,r4_screening_failure,0.3886592413215859,0.2571511670302557,0.04492836073040962,0,39
SBV2-ALL92-G251-C04,contradiction_candidate,contradiction_candidate,False,False,0,true_negative_not_in_queue,0.1601889798938987,0.9301636827482526,0.07345983386039734,0,39
SBV2-ALL92-G252-C01,supported,strong_action_overclaim,False,False,1,true_negative_not_in_queue,0.7320560341484594,0.0522581858469518,0.8759005069732666,0,27
SBV2-ALL92-G252-C02,mild_scope_overclaim,strong_action_overclaim,False,False,1,ambiguous_mild_strong,0.6873181308428382,0.0363974643778922,0.7311049103736877,0,27
SBV2-ALL92-G252-C03,strong_action_overclaim,strong_action_overclaim,False,True,1,false_negative_high_entropy,0.6920850948298843,0.142852954194741,1.0642075538635254,0,27
SBV2-ALL92-G252-C04,contradiction_candidate,contradiction_candidate,False,False,0,true_negative_not_in_queue,0.4851821166304623,0.9196390076437452,0.46835416555404663,0,27
SBV2-ALL92-G253-C01,supported,strong_action_overclaim,True,False,1,false_positive_supported,0.8235275471251884,0.3003486084060495,0.02768072858452797,1,10
SBV2-ALL92-G253-C02,mild_scope_overclaim,strong_action_overclaim,True,False,1,ambiguous_mild_strong,0.8379348996026595,0.3005546167933733,0.034641068428754807,1,10
SBV2-ALL92-G253-C03,strong_action_overclaim,strong_action_overclaim,True,True,1,true_positive_in_queue,0.8383159439714322,0.2994241207249237,0.025836562737822533,1,10
SBV2-ALL92-G253-C04,contradiction_candidate,contradiction_candidate,False,False,0,true_negative_not_in_queue,0.6806608772314089,0.9057977198417312,0.10977648943662643,1,10
SBV2-ALL92-G254-C01,supported,contradiction_candidate,False,False,0,true_negative_not_in_queue,0.6697855138934504,0.6072161204871346,0.6691799163818359,0,24
SBV2-ALL92-G254-C02,mild_scope_overclaim,strong_action_overclaim,True,False,1,ambiguous_mild_strong,0.695414897815669,0.2634808213877537,0.061403095722198486,0,24
SBV2-ALL92-G254-C03,strong_action_overclaim,strong_action_overclaim,True,True,1,true_positive_in_queue,0.8132271703949124,0.2502190233812938,0.025157613679766655,0,9
SBV2-ALL92-G254-C04,contradiction_candidate,contradiction_candidate,False,False,0,true_negative_not_in_queue,0.5981027927433543,0.9194932790599732,0.15971699357032776,0,16
SBV2-ALL92-G255-C01,supported,strong_action_overclaim,False,False,1,true_negative_not_in_queue,0.5711620303013619,0.2523092379319953,0.025185083970427513,0,26
SBV2-ALL92-G255-C02,mild_scope_overclaim,strong_action_overclaim,True,False,1,ambiguous_mild_strong,0.626974384174423,0.253440288760915,0.02721194177865982,0,26
SBV2-ALL92-G255-C03,strong_action_overclaim,strong_action_overclaim,True,True,1,true_positive_in_queue,0.7297087974238909,0.2514397228720653,0.021946866065263748,0,18
SBV2-ALL92-G255-C04,contradiction_candidate,strong_action_overclaim,True,False,1,false_positive_contradiction,0.664294484250285,0.2586474939775053,0.040892742574214935,0,26
SBV2-ALL92-G256-C01,supported,strong_action_overclaim,True,False,1,false_positive_supported,0.7485999342319717,0.2603775827597286,0.058060161769390106,0,17
SBV2-ALL92-G256-C02,mild_scope_overclaim,mild_scope_overclaim,False,False,0,true_negative_not_in_queue,0.7115060308729082,0.3835064858379687,0.34189918637275696,0,39
SBV2-ALL92-G256-C03,strong_action_overclaim,strong_action_overclaim,True,True,1,true_positive_in_queue,0.8291208017734387,0.2497279219790843,0.02502295933663845,0,17
SBV2-ALL92-G256-C04,contradiction_candidate,contradiction_candidate,False,False,0,true_negative_not_in_queue,0.6451115070284398,0.8448381114393596,0.6411945819854736,0,17
SBV2-ALL92-G257-C01,supported,strong_action_overclaim,True,False,1,false_positive_supported,0.701758558526978,0.2718126803338053,0.02522294409573078,0,4
SBV2-ALL92-G257-C02,mild_scope_overclaim,strong_action_overclaim,True,False,1,ambiguous_mild_strong,0.7457203607748377,0.273718527791899,0.03285656124353409,0,4
SBV2-ALL92-G257-C03,strong_action_overclaim,strong_action_overclaim,True,True,1,true_positive_in_queue,0.6603484581052534,0.2736524145457491,0.03289814665913582,0,4
SBV2-ALL92-G257-C04,contradiction_candidate,contradiction_candidate,False,False,0,true_negative_not_in_queue,0.651649495837291,0.7800696210874412,0.684857964515686,1,30
SBV2-ALL92-G259-C01,supported,mild_scope_overclaim,False,False,0,true_negative_not_in_queue,0.4804135909380014,0.4854158083748668,0.7211480736732483,0,27
SBV2-ALL92-G259-C02,mild_scope_overclaim,contradiction_candidate,False,False,0,true_negative_not_in_queue,0.2316772868085115,0.9094866910651368,0.40536749362945557,0,27
SBV2-ALL92-G259-C03,strong_action_overclaim,supported,False,True,0,r4_screening_failure,0.4976963473816597,0.391538612482554,0.404754102230072,0,27
SBV2-ALL92-G259-C04,contradiction_candidate,contradiction_candidate,False,False,0,true_negative_not_in_queue,0.171484216851249,0.9240545076478588,0.060177795588970184,0,27
SBV2-ALL92-G261-C01,supported,strong_action_overclaim,True,False,1,false_positive_supported,0.7462914330905926,0.2479446688563827,0.02704760804772377,0,23
SBV2-ALL92-G261-C02,mild_scope_overclaim,strong_action_overclaim,True,False,1,ambiguous_mild_strong,0.7620608866219877,0.2487454106622354,0.02906954288482666,0,23
SBV2-ALL92-G261-C03,strong_action_overclaim,strong_action_overclaim,False,True,1,false_negative_high_entropy,0.698310900092932,0.2675323045748989,0.13309162855148315,0,38
SBV2-ALL92-G261-C04,contradiction_candidate,supported,False,False,0,true_negative_not_in_queue,0.7715001743500632,0.35181549913295,0.2646431624889374,0,23
SBV2-ALL92-G264-C01,supported,strong_action_overclaim,True,False,1,false_positive_supported,0.6851101396528281,0.2641773728956866,0.045801639556884766,1,19
SBV2-ALL92-G264-C02,mild_scope_overclaim,strong_action_overclaim,True,False,1,ambiguous_mild_strong,0.6683528818355214,0.2664072096988137,0.04642532765865326,0,12
SBV2-ALL92-G264-C03,strong_action_overclaim,strong_action_overclaim,False,True,1,selector_failure,0.6365429543279811,0.2700658047941329,0.0604088231921196,0,12
SBV2-ALL92-G264-C04,contradiction_candidate,strong_action_overclaim,True,False,1,false_positive_contradiction,0.730394560384802,0.2592121072624721,0.024955444037914276,0,12
SBV2-ALL92-G266-C01,supported,supported,False,False,0,true_negative_not_in_queue,0.4006898760058693,0.0207857894850795,0.052846670150756836,1,36
SBV2-ALL92-G266-C02,mild_scope_overclaim,strong_action_overclaim,False,False,1,ambiguous_mild_strong,0.592606020740412,0.251231854835629,0.017585132271051407,1,36
SBV2-ALL92-G266-C03,strong_action_overclaim,strong_action_overclaim,False,True,1,false_negative_high_entropy,0.6255042913764547,0.2791370530432022,0.1632823646068573,1,36
SBV2-ALL92-G266-C04,contradiction_candidate,contradiction_candidate,False,False,0,true_negative_not_in_queue,0.4425779981319625,0.9078927276880554,0.33025482296943665,1,36
SBV2-ALL92-G271-C01,supported,supported,False,False,0,true_negative_not_in_queue,0.4187712514210037,0.240706254407636,0.16553692519664764,1,27
SBV2-ALL92-G271-C02,mild_scope_overclaim,mild_scope_overclaim,False,False,0,true_negative_not_in_queue,0.4802005967084048,0.3067095420816048,0.2850498855113983,1,27
SBV2-ALL92-G271-C03,strong_action_overclaim,contradiction_candidate,False,True,0,r4_screening_failure,0.5589612753318554,0.3654822293211948,0.468113511800766,1,27
SBV2-ALL92-G271-C04,contradiction_candidate,contradiction_candidate,False,False,0,true_negative_not_in_queue,0.1938036680917566,0.9230066887922872,0.059923648834228516,1,27
SBV2-ALL92-G272-C01,supported,supported,False,False,0,true_negative_not_in_queue,0.3839309445874231,0.0358308927461502,0.06370693445205688,0,37
SBV2-ALL92-G272-C02,mild_scope_overclaim,contradiction_candidate,False,False,0,true_negative_not_in_queue,0.4513324061264607,0.9203020318094464,0.2543336749076843,1,21
SBV2-ALL92-G272-C03,strong_action_overclaim,supported,False,True,0,r4_screening_failure,0.3833231864570183,0.0365978600757735,0.07774326205253601,0,37
SBV2-ALL92-G272-C04,contradiction_candidate,strong_action_overclaim,False,False,1,true_negative_not_in_queue,0.6735190271724512,0.2928153301446119,0.1590522825717926,0,23
