audit_item_id,domain,claim_text_hash,evidence_text_hash,model_pred,silver_label,queue_rank,queue_source,selection_reason,audit_status
AUDIT-V1-0001,marl,cc8d44a23ab803df632ec6769c0e38d5e60a1ce47d274807f00defec61e75585,65a7a51906e93e8ca51e770edf0378e1f814a6d7482d0c5bd840ed431c38d3ec,strong_action_overclaim,strong_action_overclaim,20,top20,Top-20 review queue head (rank 1-20),pending
AUDIT-V1-0002,policy_simulation,ee03a830fd7f43b379dd57029970e353b2458e9958795c00a75f1441c9996bc4,c0a123676c27cdb012cadc09cfc73ec190893e809d9dacc35fec7ed5436e8c5f,strong_action_overclaim,strong_action_overclaim,6,top20,Top-20 review queue head (rank 1-20),pending
AUDIT-V1-0003,policy_simulation,3a2c7d317966d9a2be1e0cabbc0bc0ae1b14b0a50782ce8747e7348deced436b,c0a123676c27cdb012cadc09cfc73ec190893e809d9dacc35fec7ed5436e8c5f,strong_action_overclaim,supported,15,top20,Top-20 review queue head (rank 1-20),pending
AUDIT-V1-0004,policy_simulation,fe6d531201ec9051b3d5c70b915ec622f4e0cd1c578cf83dff1b29f0ceb87302,d2a1a4f9866c8e758a966915febe4b157a52f69366fef8c2a86558eeb4439461,strong_action_overclaim,supported,5,top20,Top-20 review queue head (rank 1-20),pending
AUDIT-V1-0005,digital_twin,3f1849b09161a3e17f08dbf26853b465a2aab65040004b3c6a7bd24e8fef03e0,e194c9eb561873f26d98d0af25e54dd2f4d7595ecc31010d5e6fbd2d0040399c,strong_action_overclaim,supported,10,top20,Top-20 review queue head (rank 1-20),pending
AUDIT-V1-0006,digital_twin,a2b6c6686dadaea244276da36169bfcb2658ee4793d3b5a95b633568b20bd043,e194c9eb561873f26d98d0af25e54dd2f4d7595ecc31010d5e6fbd2d0040399c,strong_action_overclaim,contradiction_candidate,14,top20,Top-20 review queue head (rank 1-20),pending
AUDIT-V1-0007,policy_simulation,20493758f89091895800fedb393af15e656822fb871c245918d22c6785d7d4f3,edf92dc7f282ad502e05dbd104d66c61750ec65fb4753e875a9e132415cf1258,strong_action_overclaim,strong_action_overclaim,16,top20,Top-20 review queue head (rank 1-20),pending
AUDIT-V1-0008,autonomous_driving,924eeb5801d415af523ade1eb2b0ae5df1cc19e0830acdb6b03f225aae8c64cc,ccd42e0f7d7ae867bd8e6a5bd66830af86c6f746443a1165334d93b997d37e85,strong_action_overclaim,strong_action_overclaim,19,top20,Top-20 review queue head (rank 1-20),pending
AUDIT-V1-0009,autonomous_driving,931523d4798821ab9bb27414da0ce7f14cc09a9dc133cc7fbee59feaf3b770e9,69fa6759d05f63c48d3157d454a0be7fb3b532166003717765c6f2621b6b86f3,strong_action_overclaim,contradiction_candidate,18,top20,Top-20 review queue head (rank 1-20),pending
AUDIT-V1-0010,digital_twin,65008267314a87e2e19a4fff8b82cb19a7a43fdfe3489431727d5bdebbe47b32,4865cef7a70b49e45acf29d1974732f53dc6319fbe58c71b33a4963d91457155,strong_action_overclaim,strong_action_overclaim,2,top20,Top-20 review queue head (rank 1-20),pending
AUDIT-V1-0011,autonomous_driving,8ab52f14227e8c230ed1eae2f24aa9658c85411b4679266e4ff8ab928875c73d,eab41e3ab7ea7b6fc7f589ae329e02580c173475e67f781b2804b409cb0cdd23,strong_action_overclaim,supported,12,top20,Top-20 review queue head (rank 1-20),pending
AUDIT-V1-0012,policy_simulation,243c6d982072a98e7c7cfe2ad607e4332957d4c53ed9d6a06ed86bc83eadc7fd,d2a1a4f9866c8e758a966915febe4b157a52f69366fef8c2a86558eeb4439461,strong_action_overclaim,mild_scope_overclaim,3,top20,Top-20 review queue head (rank 1-20),pending
AUDIT-V1-0013,policy_simulation,68c55b28380b94efefa3a119b8a7aabcdf768d73c8949b7baafbe10f4602fa6f,f49185d8ef6e25bbd844f91d12eb796fa3407bbb2a063f8a2fbd604622b0e88c,strong_action_overclaim,strong_action_overclaim,17,top20,Top-20 review queue head (rank 1-20),pending
AUDIT-V1-0014,autonomous_driving,98f539bf78fea4ccd8d887f3bfa4267e1af5d7137d96837114bd4b13e8eaa814,eab41e3ab7ea7b6fc7f589ae329e02580c173475e67f781b2804b409cb0cdd23,strong_action_overclaim,mild_scope_overclaim,8,top20,Top-20 review queue head (rank 1-20),pending
AUDIT-V1-0015,policy_simulation,af4d9078894fdfac3aefde19810d52d5458386e2d6fef68db7a246b674ed3e5f,02692370896833905ea5235a991c454c9693dea2252cd8e39f21501ccbe9c3e3,strong_action_overclaim,strong_action_overclaim,9,top20,Top-20 review queue head (rank 1-20),pending
AUDIT-V1-0016,autonomous_driving,5d1f2a962a402fc1aed03e2f7862827ce4d826ae6c54deac0c50033c5ce2c7ab,69fa6759d05f63c48d3157d454a0be7fb3b532166003717765c6f2621b6b86f3,strong_action_overclaim,strong_action_overclaim,1,top20,Top-20 review queue head (rank 1-20),pending
AUDIT-V1-0017,digital_twin,7b34eebf6687f4eaae109db6dcd3554585c1371fbbf82d707ed9d9589bf2e51f,4865cef7a70b49e45acf29d1974732f53dc6319fbe58c71b33a4963d91457155,strong_action_overclaim,mild_scope_overclaim,4,top20,Top-20 review queue head (rank 1-20),pending
AUDIT-V1-0018,autonomous_driving,fdb7bdf2fa98cdddf367ddbf0b5687f40257fe710d52567bc4fce7461527d9d0,c043baa4d27cad2db9da9e2bf022af0f6c3f03dd6d02b67ed3de4d7c6499b91c,strong_action_overclaim,strong_action_overclaim,33,top50_strong_action,Top-50 queue with strong_action_overclaim prediction,pending
AUDIT-V1-0019,autonomous_driving,309a642c0871bffe17251a6c0ad42c135edc0f1cdb88537577a53ab00bf36877,6cf9b7ee693d8ab6538934520def322aa582ff241126f17a6742a88036fc0046,strong_action_overclaim,mild_scope_overclaim,46,top50_strong_action,Top-50 queue with strong_action_overclaim prediction,pending
AUDIT-V1-0020,digital_twin,551fb4f63eed44a0a3e01425607ebb6f430780cc937bddcb6105fafd1d7dafb9,1bfc02570ffe7c547ea6acc10a2d06c482e025ac0569d567f6cbb896d9b71c28,strong_action_overclaim,strong_action_overclaim,47,top50_strong_action,Top-50 queue with strong_action_overclaim prediction,pending
AUDIT-V1-0021,autonomous_driving,cf434c9d61145e4da562d9caea9bc450faaf1bb76695095d94ab2b701e0b86ef,6cf9b7ee693d8ab6538934520def322aa582ff241126f17a6742a88036fc0046,strong_action_overclaim,contradiction_candidate,32,top50_strong_action,Top-50 queue with strong_action_overclaim prediction,pending
AUDIT-V1-0022,policy_simulation,c312b9346f13020085d229a728df5b619d81bdc76929464a69f7033a153e4fab,46b186166e58fc91678a34170478a902e4917ec372a7064322b9996168acbb3d,strong_action_overclaim,strong_action_overclaim,42,top50_strong_action,Top-50 queue with strong_action_overclaim prediction,pending
AUDIT-V1-0023,policy_simulation,2034477c2445b6323c8d21f7298d0545a793de324332045d005af144cafe4951,5f67346c881895567ddb29e0571e9404a224507e878354584768494d31c1250c,strong_action_overclaim,mild_scope_overclaim,40,top50_strong_action,Top-50 queue with strong_action_overclaim prediction,pending
AUDIT-V1-0024,policy_simulation,27262e6ccab5118583553d8d82ee43247cc05fc8a4761e4d5c215d4414c94b69,f49d16ae1de110b32ad1970f322ed0fc26e46f7d35aff152897ae3dde3263680,strong_action_overclaim,supported,37,top50_strong_action,Top-50 queue with strong_action_overclaim prediction,pending
AUDIT-V1-0025,marl,65a78b714ec2c012d995520000a7f4cc8c7d845223902dde0452105f7fc54e31,6dc02aeda5ad07c0bf9afeea7cc142838df02d219a9a6b3d7304d3fc7d2c7e78,strong_action_overclaim,mild_scope_overclaim,30,top50_strong_action,Top-50 queue with strong_action_overclaim prediction,pending
AUDIT-V1-0026,autonomous_driving,ade49c27855dc4854ee889407ef4ee033b101228cd7834e2ac772eb48769a395,28f42a808c89c2b3744ef58a0fc617ee2615e0f65abd36d40d5e761b85adcf95,strong_action_overclaim,mild_scope_overclaim,49,top50_strong_action,Top-50 queue with strong_action_overclaim prediction,pending
AUDIT-V1-0027,cyber_defense,ec3c8a08f541b011f14c1fca5b1a216bbd643240174c175651b2119aafd09f61,d81310395f33555e0438a7e97a2ce8d23163b2d1ac807db6335e59d00aca6d64,strong_action_overclaim,contradiction_candidate,36,top50_strong_action,Top-50 queue with strong_action_overclaim prediction,pending
AUDIT-V1-0028,policy_simulation,3c4f9d0eaaf4b497103fdcdd28a0db1e587d177c6a8e2b3e7d74d5e7a2ccb88a,f49185d8ef6e25bbd844f91d12eb796fa3407bbb2a063f8a2fbd604622b0e88c,strong_action_overclaim,mild_scope_overclaim,22,top50_strong_action,Top-50 queue with strong_action_overclaim prediction,pending
AUDIT-V1-0029,autonomous_driving,11cfbf2e5009c0d31a0653e9905c3ba45b2465561435e0c70da21d2702f740d4,2c4ef4dcf62ad01160c367f3651e5693403b44465a59744ea4bd449fd9f1f6a3,strong_action_overclaim,supported,24,top50_strong_action,Top-50 queue with strong_action_overclaim prediction,pending
AUDIT-V1-0030,marl,9a62a5d3254d3b0b9776af43a4cb3629b7fc305e339f4cca4f18f16d4ec76d92,65a7a51906e93e8ca51e770edf0378e1f814a6d7482d0c5bd840ed431c38d3ec,strong_action_overclaim,contradiction_candidate,23,top50_strong_action,Top-50 queue with strong_action_overclaim prediction,pending
AUDIT-V1-0031,autonomous_driving,1d6e2bc4320535b40012439b4ec3bcc59bf9174737e00349029e668d0f52dd6c,2c4ef4dcf62ad01160c367f3651e5693403b44465a59744ea4bd449fd9f1f6a3,strong_action_overclaim,mild_scope_overclaim,25,top50_strong_action,Top-50 queue with strong_action_overclaim prediction,pending
AUDIT-V1-0032,policy_simulation,db68e4191cb2a6cd6ae3079fccf21c19e730febb312e22082fc9300d21e5d68b,f49d16ae1de110b32ad1970f322ed0fc26e46f7d35aff152897ae3dde3263680,strong_action_overclaim,mild_scope_overclaim,31,top50_strong_action,Top-50 queue with strong_action_overclaim prediction,pending
AUDIT-V1-0033,marl,8e76ebcbcc916280913052a64eb3a6fd1eee62385249163930fd892e5a4a6a9f,c537633b2d3a24179b11bd56cfa617e75398ba4174a7ed8d9d4819936a88844c,strong_action_overclaim,strong_action_overclaim,44,top50_strong_action,Top-50 queue with strong_action_overclaim prediction,pending
AUDIT-V1-0034,robotics,dfe62b3d770f87f48a22d9cb275592ae325dcf03a226b0fd2151f452ee81dab9,5127ca15512d3e5769930a7f7def6ce1eff5b73652ea48094d3cbe885e947b23,strong_action_overclaim,supported,21,top50_strong_action,Top-50 queue with strong_action_overclaim prediction,pending
AUDIT-V1-0035,digital_twin,3ea80ce3ca7dae0299012152d1345a3a8d0b3b4c1df8eeb09167607e4a013bb1,8e8bc2ea8ecbfe77eea7a4530ea29af363888dfe1a1200af7fe07bc88dcf89b2,strong_action_overclaim,strong_action_overclaim,29,top50_strong_action,Top-50 queue with strong_action_overclaim prediction,pending
AUDIT-V1-0036,policy_simulation,7b4c549e40e2393dd0397b67e7b3d0f5433119b941fc3586ab11f2be220dd5c8,a67e03dd0f837f491008ac1b8620caf623e185c13e64cbcade45fa82bfac1455,strong_action_overclaim,strong_action_overclaim,39,top50_strong_action,Top-50 queue with strong_action_overclaim prediction,pending
AUDIT-V1-0037,marl,94095d579e00a80c27206fa3cc93033d542f0b698f804bf8406ce3851d45823a,c537633b2d3a24179b11bd56cfa617e75398ba4174a7ed8d9d4819936a88844c,strong_action_overclaim,mild_scope_overclaim,35,top50_strong_action,Top-50 queue with strong_action_overclaim prediction,pending
AUDIT-V1-0038,marl,8bf4cfb333cf4496fa023e69942ae9a16641a94218fc6c9f7a5afa524a7d6ca4,3d6c850c1a3b634480104d49cfe2890e66674338e5afc661cfdf9f9bd47987b4,strong_action_overclaim,strong_action_overclaim,34,top50_strong_action,Top-50 queue with strong_action_overclaim prediction,pending
AUDIT-V1-0039,cyber_defense,60a73fe85921a718cd35d49ca24bd0e3b1eb0797367ec5db39800a54873f338a,a18b7b7384170e5b61d9f81869145c3fbcd727653c4079873c7eba5a64d68d15,strong_action_overclaim,strong_action_overclaim,50,top50_strong_action,Top-50 queue with strong_action_overclaim prediction,pending
AUDIT-V1-0040,autonomous_driving,31508a7ffa9a0d0dc7032e7d652eafa5dd77e10625f85083f651249582dfd627,c043baa4d27cad2db9da9e2bf022af0f6c3f03dd6d02b67ed3de4d7c6499b91c,strong_action_overclaim,mild_scope_overclaim,48,top50_strong_action,Top-50 queue with strong_action_overclaim prediction,pending
AUDIT-V1-0041,policy_simulation,0a23918940f2e6a5b5da52c75ece4a22a88c182742b6341410f07ae894f1c6d5,f096fcec9bbb097fedd7e01867d576489c9a1112f683bde5278cedec38946cd2,strong_action_overclaim,contradiction_candidate,43,top50_strong_action,Top-50 queue with strong_action_overclaim prediction,pending
AUDIT-V1-0042,robotics,72b2998932ea20f44d551d96c732960057311796e39e72ccd97da293c1eef285,934a063d63ad27ed490180335ba29db177e40c20d7ce11716a5b152dc8144c45,strong_action_overclaim,mild_scope_overclaim,0,r4_fp,"R4 false positive (silver not strong, R4 predicts strong)",pending
AUDIT-V1-0043,digital_twin,74f8729ef5156f8ad888d14636a4afcc0e7df47899ad408a742a49a3360aeef4,02d83748a9476b7af5e14c633c1d194356a9ec735edd217d7ca3d8d64e4c2a15,strong_action_overclaim,contradiction_candidate,0,r4_fp,"R4 false positive (silver not strong, R4 predicts strong)",pending
AUDIT-V1-0044,autonomous_driving,45ded36a1aa79abf07eaae35e325034f24d8654e5d213a6a42322f205c8eb98e,ccd42e0f7d7ae867bd8e6a5bd66830af86c6f746443a1165334d93b997d37e85,strong_action_overclaim,mild_scope_overclaim,94,r4_fp,"R4 false positive (silver not strong, R4 predicts strong)",pending
AUDIT-V1-0045,digital_twin,d796e57167c2557e1c1bd51ad9726daf2fc91440673e98a78c950a8b89c2abe5,cdeb403ee38a94a4b3a67290c9f208c4daa2b4da958c1ed328c8544b30737fef,strong_action_overclaim,supported,0,r4_fp,"R4 false positive (silver not strong, R4 predicts strong)",pending
AUDIT-V1-0046,digital_twin,0a487c5f94dc6e62cfceec5dc5ebe8baffab72061882a4c22fb8687225ca2877,41761a25caf2fa64e73fbee316a278e589ab9f4a981dee4820b433e3c9ed185a,strong_action_overclaim,supported,0,r4_fp,"R4 false positive (silver not strong, R4 predicts strong)",pending
AUDIT-V1-0047,autonomous_driving,c0e95de03557596cffa3cc706a975c07ba262a240094fa57ac674963d7686b4c,13c3bfea715243eb5138ccf33e81cdfe7057f84807f16ea787f76060e9979814,strong_action_overclaim,mild_scope_overclaim,0,r4_fp,"R4 false positive (silver not strong, R4 predicts strong)",pending
AUDIT-V1-0048,cyber_defense,2d4e3d7f5e7b06f5cd2b61aaab7a6d647cc830b9b70fd14b1dc36633bc797d8a,70d262e576679b7fea13e2a037573bbd1421b4a92279511ed6a2e1ef754c2ce1,strong_action_overclaim,supported,0,r4_fp,"R4 false positive (silver not strong, R4 predicts strong)",pending
AUDIT-V1-0049,digital_twin,4bc308281ac358317b8571b14961296a26195f1c4b929dff73b5fb9adad724ae,41761a25caf2fa64e73fbee316a278e589ab9f4a981dee4820b433e3c9ed185a,strong_action_overclaim,mild_scope_overclaim,0,r4_fp,"R4 false positive (silver not strong, R4 predicts strong)",pending
AUDIT-V1-0050,autonomous_driving,d00a108f30fd2b1cafa5b3154c119919e7bdbd585fd8a4d91d59412737743d12,4436a4b7e7d88823269ee496be7704b5f18551ae7b94438c66ea381dbd2ba97d,strong_action_overclaim,mild_scope_overclaim,0,r4_fp,"R4 false positive (silver not strong, R4 predicts strong)",pending
AUDIT-V1-0051,cyber_defense,2d2a70f635c2b55015e6240eb1c3162e66c29dd1952fdfb2fee4e85a8c7db79e,4bdf3c7597a3aa48c5a9a09f6cf1cf1e08737e0bada02014d6d0e6329dc730db,strong_action_overclaim,supported,0,r4_fp,"R4 false positive (silver not strong, R4 predicts strong)",pending
AUDIT-V1-0052,marl,2bd5101cbf663a6ef8611f6c0dfb8ac90a1249055869602177994e6330811f4e,0b853e11a541b021d8ee3ca3ebe2cf82adce48afaf3c1edaf1d1b3eccbf6962e,strong_action_overclaim,supported,0,r4_fp,"R4 false positive (silver not strong, R4 predicts strong)",pending
AUDIT-V1-0053,autonomous_driving,b5db307e5fb0e8c1e403363f454cada7355c020ba969c073cf6972529797ac3b,8499f5cbba9e06db16afe60187ddebb9fd51d04f4f603fa912cec82c896368d5,strong_action_overclaim,supported,71,r4_fp,"R4 false positive (silver not strong, R4 predicts strong)",pending
AUDIT-V1-0054,marl,6f0db929703c729f69b04a2410e1e2945a110adf7a30a5cd305035be673ce472,0b853e11a541b021d8ee3ca3ebe2cf82adce48afaf3c1edaf1d1b3eccbf6962e,strong_action_overclaim,mild_scope_overclaim,0,r4_fp,"R4 false positive (silver not strong, R4 predicts strong)",pending
AUDIT-V1-0055,autonomous_driving,833046a7cd120233bd9158d8d17407e95c862170c194fb906841dca435a2216d,e598be9bb01d57fbd096bfadf3026982fd4197d1ba94ec5333914e578d9c094e,strong_action_overclaim,mild_scope_overclaim,79,r4_fp,"R4 false positive (silver not strong, R4 predicts strong)",pending
AUDIT-V1-0056,cyber_defense,3f65fc9aae9ecbf11000a9929554d97c8687d64f01bd72bea3785b3dd2bbf567,8f54ac78eeb9eaf3cd91802b09d7827febd6fecbde0350deeb4f76d93382b383,strong_action_overclaim,supported,0,r4_fp,"R4 false positive (silver not strong, R4 predicts strong)",pending
AUDIT-V1-0057,autonomous_driving,034b481191ca12fbdd246b0bcd3e61ecb2c9cf45c6067db1ce30902082eeb255,8499f5cbba9e06db16afe60187ddebb9fd51d04f4f603fa912cec82c896368d5,strong_action_overclaim,contradiction_candidate,0,r4_fp,"R4 false positive (silver not strong, R4 predicts strong)",pending
AUDIT-V1-0058,autonomous_driving,e27bff5a2678ec21ff419f1efdc826dd9b7784dd387f3ff29339a914d0bab5cf,05a04b9bee82765e650aa1c1299b5adb17695b2febaae24b15324148593d85c6,strong_action_overclaim,supported,0,r4_fp,"R4 false positive (silver not strong, R4 predicts strong)",pending
AUDIT-V1-0059,cyber_defense,32fc2afc4c284f19acacb967456126048d6d1602457a2d81f41e4fe95cea83d7,4bdf3c7597a3aa48c5a9a09f6cf1cf1e08737e0bada02014d6d0e6329dc730db,strong_action_overclaim,mild_scope_overclaim,0,r4_fp,"R4 false positive (silver not strong, R4 predicts strong)",pending
AUDIT-V1-0060,autonomous_driving,e51825a9ab441e82eb275ea931536d81b52bbffa610416bbc5c261ae94d966b8,74847b17e1e7552830bd19ec5aaa63d091891e003ba3396ca79b570521e98597,strong_action_overclaim,mild_scope_overclaim,0,r4_fp,"R4 false positive (silver not strong, R4 predicts strong)",pending
AUDIT-V1-0061,cyber_defense,5ad3ca707d15413ae3bf385a294d2b653c4a6375f775b24bed210127f6c89fc0,12e03db8fe01fbaef18d1b4bf4070792dc4bbed84b1441c737ad04542136663f,strong_action_overclaim,supported,0,r4_fp,"R4 false positive (silver not strong, R4 predicts strong)",pending
AUDIT-V1-0062,cyber_defense,2808449e3ad69808325b2c504a832140fa3a0e3870266d4469cef7ad84603df2,b723218b57233e2295021b7d057dd7d82f14c3adeb9b09ac6b8193fc9364ee26,mild_scope_overclaim,strong_action_overclaim,0,r4_fn,"R4 false negative (silver strong, R4 does not predict strong)",pending
AUDIT-V1-0063,cyber_defense,d23a687d4f0e6ae6f3a28cd4e98dc42b478a46d0761e20c137d82a3a22675ae1,f1058437ee3d6761b7f79987e752151cb111280f8f209dd6616823f8ec2b5c0f,contradiction_candidate,strong_action_overclaim,0,r4_fn,"R4 false negative (silver strong, R4 does not predict strong)",pending
AUDIT-V1-0064,digital_twin,5a7e19e576801a092672b076e22d62419a17aede12d4180203b2fa48499bd8aa,36000ebcbec0164f455a51e3eb0b7ad16a4cbcc8e6d02fbee67cc6223aec58e1,supported,strong_action_overclaim,0,r4_fn,"R4 false negative (silver strong, R4 does not predict strong)",pending
AUDIT-V1-0065,autonomous_driving,95a29cfb1d162c70b1d6c65acb46c1a962af6ac1757a5bad4aeaf67ac60ecabb,3051a40b51265b4f68b6f159cb78248b42d15f40401beb7495e5f429ab213e82,supported,strong_action_overclaim,0,r4_fn,"R4 false negative (silver strong, R4 does not predict strong)",pending
AUDIT-V1-0066,autonomous_driving,b7db14b97cbbd7e0942c02b02491ed868aba4fcdd016c789901639d94c122103,40c28bd40d398e3eccc966577a613cbd49bc559c542dbb1b25d254c69b0c5219,supported,strong_action_overclaim,0,r4_fn,"R4 false negative (silver strong, R4 does not predict strong)",pending
AUDIT-V1-0067,autonomous_driving,2b6649d2c9a33affdfa89701f22f25ae6fea639ee148dd14a9cc181bbde43650,c6d6298baecee5a3ac046fdb5e685dad7835f34d5e9513f960c50aa700ba6a01,contradiction_candidate,strong_action_overclaim,0,r4_fn,"R4 false negative (silver strong, R4 does not predict strong)",pending
AUDIT-V1-0068,autonomous_driving,3f0e57798f48614dedec01b81e9968e7bf9995ae36d2744ae5c2e293ada0ace1,8ecdb274207549aeebabcdc8b6471d8d3fa0cdb0538b92d474fa30bd187ec383,contradiction_candidate,strong_action_overclaim,0,r4_fn,"R4 false negative (silver strong, R4 does not predict strong)",pending
AUDIT-V1-0069,policy_simulation,2c5b8b5bf3cddfd72e6789b4e3b5b323c6e20af93f3fd8086657bad0df915b55,b64e01bee5a220d5302ee0587bc8f4e8131300e3004be391a56756e217e4df89,supported,strong_action_overclaim,0,r4_fn,"R4 false negative (silver strong, R4 does not predict strong)",pending
AUDIT-V1-0070,marl,568ab6cb88f7ddd17e1a736383e66943ca7107eeb2f1e4fc895bcae477ff47dd,62c4d34280e7d33fd22a8fb2b96d9ee25bd9548b02569b777dc9dafb746ebd5c,contradiction_candidate,strong_action_overclaim,0,r4_fn,"R4 false negative (silver strong, R4 does not predict strong)",pending
AUDIT-V1-0071,autonomous_driving,52fb03ad41b6b2c2cdda5631842d0390de90f63ccdac1a6d118c8c9dafeb6d99,15291939306b1ae7d86fc783d0370b291bc69c433c2b36f19f5682ebf12f7345,supported,strong_action_overclaim,0,r4_fn,"R4 false negative (silver strong, R4 does not predict strong)",pending
AUDIT-V1-0072,autonomous_driving,a162854a61cd7bdd5530edde5d8e246d2ae9425bc2e6f6fa21a9d38f59dfeb09,d6e6dfa236313d7fa26da23cf16507d18528c5c6cf952679340daf0af5cf698f,contradiction_candidate,strong_action_overclaim,0,r4_fn,"R4 false negative (silver strong, R4 does not predict strong)",pending
AUDIT-V1-0073,autonomous_driving,3f954d6ff7542aab93e7d8079fea0dc14660353cb0a4a0e0fa7643f4bf7873a0,e598be9bb01d57fbd096bfadf3026982fd4197d1ba94ec5333914e578d9c094e,contradiction_candidate,strong_action_overclaim,0,r4_fn,"R4 false negative (silver strong, R4 does not predict strong)",pending
AUDIT-V1-0074,cyber_defense,f9473e49c74742f60a7f5933fbbae652d696bc86899141fde54addd712803b74,12e03db8fe01fbaef18d1b4bf4070792dc4bbed84b1441c737ad04542136663f,mild_scope_overclaim,strong_action_overclaim,0,r4_fn,"R4 false negative (silver strong, R4 does not predict strong)",pending
AUDIT-V1-0075,autonomous_driving,1fd633423f062d0b28773ff2c4abbdf6c8314b90519b0b88922c6cb69d33fa8c,f20bc1d56eda4fc50d6d0e237529dbe2277097771238ea9436a4d2e2f98b65b7,supported,strong_action_overclaim,0,r4_fn,"R4 false negative (silver strong, R4 does not predict strong)",pending
AUDIT-V1-0076,cyber_defense,96a80ba3e836f5a93a48810dddca702234a9a67668730dae6bcac827a73111ee,8f54ac78eeb9eaf3cd91802b09d7827febd6fecbde0350deeb4f76d93382b383,contradiction_candidate,strong_action_overclaim,0,r4_fn,"R4 false negative (silver strong, R4 does not predict strong)",pending
AUDIT-V1-0077,marl,215024eb12da060a0e624a79db6438d570680250f578cf8fa5e6801ecec5e560,2719cd03144eac5beb2b9ae6a1487e9eeb2829d6790e51fc8e092955ad171286,strong_action_overclaim,mild_scope_overclaim,83,mild_vs_strong_boundary,Mild vs strong boundary case (error taxonomy tag),pending
AUDIT-V1-0078,policy_simulation,ca32abfbf33b14336b358c843a9a59934d304b1f77a0cdaf5b127d8a45752b6c,46b186166e58fc91678a34170478a902e4917ec372a7064322b9996168acbb3d,strong_action_overclaim,mild_scope_overclaim,98,mild_vs_strong_boundary,Mild vs strong boundary case (error taxonomy tag),pending
AUDIT-V1-0079,robotics,dcd32c5d8483ed8d79c785d5f2bbf8817597dd7c4ece38428241758e808333c8,c3b529dbc1f6702ee13c1325f9aaf2654ac133b058236321959fe22263ca2882,strong_action_overclaim,mild_scope_overclaim,0,mild_vs_strong_boundary,Mild vs strong boundary case (error taxonomy tag),pending
AUDIT-V1-0080,cyber_defense,384247dc8716dcd0157411a49de779a820b1f3e6ed0a78f62a83e340bfd24927,b00a30ef67cc587eaca5733214e7bf62788faf81bd46b44c16c56d0327b754ec,strong_action_overclaim,mild_scope_overclaim,90,mild_vs_strong_boundary,Mild vs strong boundary case (error taxonomy tag),pending
AUDIT-V1-0081,policy_simulation,74ec27c85fc9c56a3357995de8ffaa4db3836398d175250a263cb8d3e65c4a8f,f096fcec9bbb097fedd7e01867d576489c9a1112f683bde5278cedec38946cd2,strong_action_overclaim,mild_scope_overclaim,89,mild_vs_strong_boundary,Mild vs strong boundary case (error taxonomy tag),pending
AUDIT-V1-0082,policy_simulation,50d627f4cfda7d1ef3f6ecf01b1e1b65d34ba5877195352bbba363201d6965a2,edf92dc7f282ad502e05dbd104d66c61750ec65fb4753e875a9e132415cf1258,strong_action_overclaim,mild_scope_overclaim,82,mild_vs_strong_boundary,Mild vs strong boundary case (error taxonomy tag),pending
AUDIT-V1-0083,digital_twin,8e6ac7ef77c7eb49d9f1f5362850505bda5c48dd36b679fbe630850483198c8b,8e8bc2ea8ecbfe77eea7a4530ea29af363888dfe1a1200af7fe07bc88dcf89b2,strong_action_overclaim,mild_scope_overclaim,52,mild_vs_strong_boundary,Mild vs strong boundary case (error taxonomy tag),pending
AUDIT-V1-0084,marl,67d895486adb91303b81677ffeed25bdd1f9f21bfa5fe1f9b78bb5777fc5ddfe,53381a2ae041900f71055edbbed954fbeebb75bafa66afaa18496da3d75aff95,strong_action_overclaim,mild_scope_overclaim,0,mild_vs_strong_boundary,Mild vs strong boundary case (error taxonomy tag),pending
AUDIT-V1-0085,autonomous_driving,1f7361bf51c844525975039cc7cc8841799cf6762d2f44afbd17447864e9a695,9bc4ddaf8b4c7d37d7ce32a4f6949226b8895b55a3f49cde1da30907b72194e8,strong_action_overclaim,mild_scope_overclaim,0,mild_vs_strong_boundary,Mild vs strong boundary case (error taxonomy tag),pending
AUDIT-V1-0086,robotics,efbc3f4c1f0c651409b2a24f878d40accd9891faca8eb7872ff4c98c339f56b1,f7465bc2a8a37c8880477c1a3313641440eed326e30a6a137b421f2a3db287e9,strong_action_overclaim,mild_scope_overclaim,0,mild_vs_strong_boundary,Mild vs strong boundary case (error taxonomy tag),pending
AUDIT-V1-0087,digital_twin,ffddcbcb91215338e801d9fd6cdbe6bfdfc40c6c876c3bd5fa271c44b1f6d8f6,291e0f9d3089c314fe134f667952f4f4fda940af07115ce0962e39001d662b9a,strong_action_overclaim,mild_scope_overclaim,0,mild_vs_strong_boundary,Mild vs strong boundary case (error taxonomy tag),pending
AUDIT-V1-0088,cyber_defense,4673b1cfd3bd4e7778cee45016e52cac3317dc177276d92ad4352d07902a6c47,bfd5f4089cbd21962ddf5605826ec6ea0142aad4a021cefafb2e76686ee4d033,strong_action_overclaim,mild_scope_overclaim,87,mild_vs_strong_boundary,Mild vs strong boundary case (error taxonomy tag),pending
AUDIT-V1-0089,digital_twin,4535983d8bfbc5a7193a866541c0db2c6c495866b3230c28cddf23a67666b96a,a0cbabaccbb7e89eb79cadaf4274d7343127819bfaa9fbc919a8372113dea476,strong_action_overclaim,mild_scope_overclaim,0,mild_vs_strong_boundary,Mild vs strong boundary case (error taxonomy tag),pending
AUDIT-V1-0090,robotics,f1ecbdca1f18bef4e6b97aeeace4283a6db76691ca4416ee0382f04bd81ad83b,009c369e16e62a82d234718c20125e0fc22866acb9dae40951db78db11f71f5b,strong_action_overclaim,mild_scope_overclaim,0,mild_vs_strong_boundary,Mild vs strong boundary case (error taxonomy tag),pending
AUDIT-V1-0091,marl,9a3d168c90c375bc0054d4c07e24f964ecd5dc11fccdad70f2a3f3171d4211a2,7f862b633fa8c562724909d6bf3cc68828af36b4fd600573c20243d78c61712b,strong_action_overclaim,mild_scope_overclaim,58,mild_vs_strong_boundary,Mild vs strong boundary case (error taxonomy tag),pending
AUDIT-V1-0092,cyber_defense,0f117d78b3916e70c22b6e33a108fabcba1b935d79ab533212293808c771c3d7,a18b7b7384170e5b61d9f81869145c3fbcd727653c4079873c7eba5a64d68d15,strong_action_overclaim,mild_scope_overclaim,0,mild_vs_strong_boundary,Mild vs strong boundary case (error taxonomy tag),pending
AUDIT-V1-0093,cyber_defense,5f468e8fd799021e617ddf2de5a01ab8c0053e0dec18d6649d17ff327a583938,68ab2c633e7cad42741e2d014380799257e2ad7969418907c0efe70e2697f746,strong_action_overclaim,mild_scope_overclaim,0,mild_vs_strong_boundary,Mild vs strong boundary case (error taxonomy tag),pending
AUDIT-V1-0094,autonomous_driving,be91888a2acb8317ce93defa08f643445cb7899127529f32bcdc0183cc874159,ae3ced88d74b1b526f193c1547f5869eab61219d3256eaf13c5853d57d18c4cf,strong_action_overclaim,mild_scope_overclaim,0,mild_vs_strong_boundary,Mild vs strong boundary case (error taxonomy tag),pending
AUDIT-V1-0095,digital_twin,0bb33cc2e31c85e8dd7bffd6e5a846b8209125d148c712b157a543d46bd23f39,1bfc02570ffe7c547ea6acc10a2d06c482e025ac0569d567f6cbb896d9b71c28,strong_action_overclaim,mild_scope_overclaim,0,mild_vs_strong_boundary,Mild vs strong boundary case (error taxonomy tag),pending
AUDIT-V1-0096,autonomous_driving,adfb94d160cdff4ea669403bb30619c6ec0999888c35265e62096a02f7ce4cbb,6efee5891286599ea7c4589138b121e13c2de8d52a469d98584f169c44340d04,strong_action_overclaim,mild_scope_overclaim,0,mild_vs_strong_boundary,Mild vs strong boundary case (error taxonomy tag),pending
AUDIT-V1-0097,robotics,e3f85547775a029477304038b1e2d77f057ded5d4b4bb1c5b72af08c8cfde750,009c369e16e62a82d234718c20125e0fc22866acb9dae40951db78db11f71f5b,strong_action_overclaim,supported,0,contradiction_confusion,Contradiction confusion case (error taxonomy tag),pending
AUDIT-V1-0098,marl,4ec075f88f1138f74590b48add0b34507be4d17ab97053a6327b87eb8069a321,2719cd03144eac5beb2b9ae6a1487e9eeb2829d6790e51fc8e092955ad171286,strong_action_overclaim,strong_action_overclaim,0,contradiction_confusion,Contradiction confusion case (error taxonomy tag),pending
AUDIT-V1-0099,autonomous_driving,1b3bda402360ac94eb94af1a9077bd1f12471f533261c9a74eb6abb36e28163c,c6d6298baecee5a3ac046fdb5e685dad7835f34d5e9513f960c50aa700ba6a01,contradiction_candidate,supported,0,contradiction_confusion,Contradiction confusion case (error taxonomy tag),pending
AUDIT-V1-0100,policy_simulation,d445c38ab20f90d4ff4c06752424f5152d98f441f7b2bc2a80686dde96fa41c3,843b17c7a558735dd7a474df6c921f2513e69f15e45cc8f4b30296f30f5050df,supported,mild_scope_overclaim,0,contradiction_confusion,Contradiction confusion case (error taxonomy tag),pending
AUDIT-V1-0101,autonomous_driving,dd0fa55acab3977cb5544fb5e64a6781190998f2eb6ccbf336bf9062d52c4a36,2e468defa01a774da820450135224a9f0b56eb244b26ae8f532346ed88af992f,contradiction_candidate,mild_scope_overclaim,0,contradiction_confusion,Contradiction confusion case (error taxonomy tag),pending
AUDIT-V1-0102,policy_simulation,8bcfa08f11787c76f38c113cce81de5a6d979fa820e2e378f0abdd2e1ed95b5e,6b213c6592515a7c5c00834f1e58935d8b6dafd9c1e7eae38b33c744298011fe,contradiction_candidate,mild_scope_overclaim,0,contradiction_confusion,Contradiction confusion case (error taxonomy tag),pending
AUDIT-V1-0103,autonomous_driving,ffa1aa18f408fda494ddd6210b6fefbe2f0383920478b76db69867fe522117c7,3051a40b51265b4f68b6f159cb78248b42d15f40401beb7495e5f429ab213e82,contradiction_candidate,mild_scope_overclaim,0,contradiction_confusion,Contradiction confusion case (error taxonomy tag),pending
AUDIT-V1-0104,marl,b2a200714847d2402f30890e28035f492475056eef6f5e4fa47f28166b27e29b,62c4d34280e7d33fd22a8fb2b96d9ee25bd9548b02569b777dc9dafb746ebd5c,contradiction_candidate,mild_scope_overclaim,0,contradiction_confusion,Contradiction confusion case (error taxonomy tag),pending
AUDIT-V1-0105,digital_twin,3a0f408bf0b453f00295a96c78c7aa4acaa6e5a7c3060dbd9b3587e4e20542bc,fa1564642d763009ffc667bf34d0c413a46a9650c20ab426e929922ef78727b0,mild_scope_overclaim,strong_action_overclaim,0,contradiction_confusion,Contradiction confusion case (error taxonomy tag),pending
AUDIT-V1-0106,policy_simulation,e19602a2ab46f0674459ff499da335a9797a3e39239dd287317ac488f439f914,8068ed882eea1fd05799cfefdc913dd1dd53b6b85ee36fb1f3a1af1ab142eccf,contradiction_candidate,strong_action_overclaim,0,contradiction_confusion,Contradiction confusion case (error taxonomy tag),pending
AUDIT-V1-0107,autonomous_driving,0965adbbe9793ed8bee3a613bd9c67d944f4ed9b17130165aa41ad12eca25b0a,3292ee7ee5985e9b89ef6df942854ac4f0ffb9ab403b4fcb6514d995fe90d757,mild_scope_overclaim,mild_scope_overclaim,0,contradiction_confusion,Contradiction confusion case (error taxonomy tag),pending
AUDIT-V1-0108,digital_twin,2e9df211670085988d02e72fc3e6babd46e2ea82ea9e4d162062238abc03759f,bf98cd978b8e4e84d907c5117106b23459fdcd076b6f7625af2ce9fbd394d4cf,contradiction_candidate,strong_action_overclaim,0,contradiction_confusion,Contradiction confusion case (error taxonomy tag),pending
AUDIT-V1-0109,digital_twin,45a1078ee20244674092942cabe25f4465c9c7d2ab34d4ae2c5078cd1e42d5f5,fd6edf57bcdfe87cac6a2da3ed03fbf3d5c186660f09a2272c7f1cb7e7d898a1,contradiction_candidate,supported,0,contradiction_confusion,Contradiction confusion case (error taxonomy tag),pending
AUDIT-V1-0110,policy_simulation,2a42bd5d4ed8e7b8eb51e076ba31517bb17b15a264788bd758f4cd43a1bbbf56,b64e01bee5a220d5302ee0587bc8f4e8131300e3004be391a56756e217e4df89,contradiction_candidate,mild_scope_overclaim,0,contradiction_confusion,Contradiction confusion case (error taxonomy tag),pending
AUDIT-V1-0111,autonomous_driving,81e028a5a1cb0356a804662dc64456fd30edee233e73276f5da6ffdc0b3eba46,421a0ba2a3cb6cd23c611d6e26614c3a1620b86117ec3cb9e8d8a9583d23e379,strong_action_overclaim,strong_action_overclaim,0,contradiction_confusion,Contradiction confusion case (error taxonomy tag),pending
