candidate_id,target_candidate_group_id,source_id,domain,evidence_type,label,leakage_category,claim_only_correct,claim_evidence_correct,recommendation
SBV2-ALL92-G002-SUPPORTED,SBV2-ALL92-G002,AD-001,autonomous_driving,metric_result,supported,C_both_wrong,False,False,review
SBV2-ALL92-G002-MILD,SBV2-ALL92-G002,AD-001,autonomous_driving,metric_result,mild_scope_overclaim,C_both_wrong,False,False,review
SBV2-ALL92-G002-STRONG,SBV2-ALL92-G002,AD-001,autonomous_driving,metric_result,strong_action_overclaim,C_both_wrong,False,False,review
SBV2-ALL92-G002-CONTRA,SBV2-ALL92-G002,AD-001,autonomous_driving,metric_result,contradiction_candidate,C_both_wrong,False,False,review
SBV2-ALL92-G003-SUPPORTED,SBV2-ALL92-G003,AD-001,autonomous_driving,limitation,supported,C_both_wrong,False,False,review
SBV2-ALL92-G003-MILD,SBV2-ALL92-G003,AD-001,autonomous_driving,limitation,mild_scope_overclaim,A_claim_only_correct,True,True,review_flag_leakage
SBV2-ALL92-G003-STRONG,SBV2-ALL92-G003,AD-001,autonomous_driving,limitation,strong_action_overclaim,A_claim_only_correct,True,True,review_flag_leakage
SBV2-ALL92-G003-CONTRA,SBV2-ALL92-G003,AD-001,autonomous_driving,limitation,contradiction_candidate,A_claim_only_correct,True,True,review_flag_leakage
SBV2-ALL92-G004-SUPPORTED,SBV2-ALL92-G004,AD-002,autonomous_driving,experiment_setup,supported,B_evidence_gain,False,True,include
SBV2-ALL92-G004-MILD,SBV2-ALL92-G004,AD-002,autonomous_driving,experiment_setup,mild_scope_overclaim,A_claim_only_correct,True,True,review_flag_leakage
SBV2-ALL92-G004-STRONG,SBV2-ALL92-G004,AD-002,autonomous_driving,experiment_setup,strong_action_overclaim,C_both_wrong,False,False,review
SBV2-ALL92-G004-CONTRA,SBV2-ALL92-G004,AD-002,autonomous_driving,experiment_setup,contradiction_candidate,A_claim_only_correct,True,True,review_flag_leakage
SBV2-ALL92-G005-SUPPORTED,SBV2-ALL92-G005,AD-002,autonomous_driving,metric_result,supported,B_evidence_gain,False,True,include
SBV2-ALL92-G005-MILD,SBV2-ALL92-G005,AD-002,autonomous_driving,metric_result,mild_scope_overclaim,C_both_wrong,False,False,review
SBV2-ALL92-G005-STRONG,SBV2-ALL92-G005,AD-002,autonomous_driving,metric_result,strong_action_overclaim,C_both_wrong,False,False,review
SBV2-ALL92-G005-CONTRA,SBV2-ALL92-G005,AD-002,autonomous_driving,metric_result,contradiction_candidate,D_claim_only_better,True,False,exclude_flag_leakage
SBV2-ALL92-G007-SUPPORTED,SBV2-ALL92-G007,AD-003,autonomous_driving,metric_result,supported,A_claim_only_correct,True,True,review_flag_leakage
SBV2-ALL92-G007-MILD,SBV2-ALL92-G007,AD-003,autonomous_driving,metric_result,mild_scope_overclaim,C_both_wrong,False,False,review
SBV2-ALL92-G007-STRONG,SBV2-ALL92-G007,AD-003,autonomous_driving,metric_result,strong_action_overclaim,C_both_wrong,False,False,review
SBV2-ALL92-G007-CONTRA,SBV2-ALL92-G007,AD-003,autonomous_driving,metric_result,contradiction_candidate,C_both_wrong,False,False,review
SBV2-ALL92-G008-SUPPORTED,SBV2-ALL92-G008,AD-003,autonomous_driving,limitation,supported,C_both_wrong,False,False,review
SBV2-ALL92-G008-MILD,SBV2-ALL92-G008,AD-003,autonomous_driving,limitation,mild_scope_overclaim,C_both_wrong,False,False,review
SBV2-ALL92-G008-STRONG,SBV2-ALL92-G008,AD-003,autonomous_driving,limitation,strong_action_overclaim,B_evidence_gain,False,True,include
SBV2-ALL92-G008-CONTRA,SBV2-ALL92-G008,AD-003,autonomous_driving,limitation,contradiction_candidate,C_both_wrong,False,False,review
SBV2-ALL92-G009-SUPPORTED,SBV2-ALL92-G009,AD-003,autonomous_driving,deployment_boundary,supported,C_both_wrong,False,False,review
SBV2-ALL92-G009-MILD,SBV2-ALL92-G009,AD-003,autonomous_driving,deployment_boundary,mild_scope_overclaim,D_claim_only_better,True,False,exclude_flag_leakage
SBV2-ALL92-G009-STRONG,SBV2-ALL92-G009,AD-003,autonomous_driving,deployment_boundary,strong_action_overclaim,A_claim_only_correct,True,True,review_flag_leakage
SBV2-ALL92-G009-CONTRA,SBV2-ALL92-G009,AD-003,autonomous_driving,deployment_boundary,contradiction_candidate,A_claim_only_correct,True,True,review_flag_leakage
SBV2-ALL92-G011-SUPPORTED,SBV2-ALL92-G011,AD-004,autonomous_driving,metric_result,supported,C_both_wrong,False,False,review
SBV2-ALL92-G011-MILD,SBV2-ALL92-G011,AD-004,autonomous_driving,metric_result,mild_scope_overclaim,C_both_wrong,False,False,review
SBV2-ALL92-G011-STRONG,SBV2-ALL92-G011,AD-004,autonomous_driving,metric_result,strong_action_overclaim,A_claim_only_correct,True,True,review_flag_leakage
SBV2-ALL92-G011-CONTRA,SBV2-ALL92-G011,AD-004,autonomous_driving,metric_result,contradiction_candidate,C_both_wrong,False,False,review
SBV2-ALL92-G013-C01,SBV2-ALL92-G013,AD-005,autonomous_driving,experiment_setup,supported,C_both_wrong,False,False,review
SBV2-ALL92-G013-C02,SBV2-ALL92-G013,AD-005,autonomous_driving,experiment_setup,mild_scope_overclaim,C_both_wrong,False,False,review
SBV2-ALL92-G013-C03,SBV2-ALL92-G013,AD-005,autonomous_driving,experiment_setup,strong_action_overclaim,C_both_wrong,False,False,review
SBV2-ALL92-G013-C04,SBV2-ALL92-G013,AD-005,autonomous_driving,experiment_setup,contradiction_candidate,A_claim_only_correct,True,True,review_flag_leakage
SBV2-ALL92-G014-C01,SBV2-ALL92-G014,AD-005,autonomous_driving,metric_result,supported,C_both_wrong,False,False,review
SBV2-ALL92-G014-C02,SBV2-ALL92-G014,AD-005,autonomous_driving,metric_result,mild_scope_overclaim,C_both_wrong,False,False,review
SBV2-ALL92-G014-C03,SBV2-ALL92-G014,AD-005,autonomous_driving,metric_result,strong_action_overclaim,C_both_wrong,False,False,review
SBV2-ALL92-G014-C04,SBV2-ALL92-G014,AD-005,autonomous_driving,metric_result,contradiction_candidate,C_both_wrong,False,False,review
SBV2-ALL92-G017-C01,SBV2-ALL92-G017,AD-006,autonomous_driving,metric_result,supported,C_both_wrong,False,False,review
SBV2-ALL92-G017-C02,SBV2-ALL92-G017,AD-006,autonomous_driving,metric_result,mild_scope_overclaim,C_both_wrong,False,False,review
SBV2-ALL92-G017-C03,SBV2-ALL92-G017,AD-006,autonomous_driving,metric_result,strong_action_overclaim,A_claim_only_correct,True,True,review_flag_leakage
SBV2-ALL92-G017-C04,SBV2-ALL92-G017,AD-006,autonomous_driving,metric_result,contradiction_candidate,D_claim_only_better,True,False,exclude_flag_leakage
SBV2-ALL92-G018-C01,SBV2-ALL92-G018,AD-006,autonomous_driving,limitation,supported,A_claim_only_correct,True,True,review_flag_leakage
SBV2-ALL92-G018-C02,SBV2-ALL92-G018,AD-006,autonomous_driving,limitation,mild_scope_overclaim,C_both_wrong,False,False,review
SBV2-ALL92-G018-C03,SBV2-ALL92-G018,AD-006,autonomous_driving,limitation,strong_action_overclaim,C_both_wrong,False,False,review
SBV2-ALL92-G018-C04,SBV2-ALL92-G018,AD-006,autonomous_driving,limitation,contradiction_candidate,C_both_wrong,False,False,review
SBV2-ALL92-G019-C01,SBV2-ALL92-G019,AD-007,autonomous_driving,experiment_setup,supported,A_claim_only_correct,True,True,review_flag_leakage
SBV2-ALL92-G019-C02,SBV2-ALL92-G019,AD-007,autonomous_driving,experiment_setup,mild_scope_overclaim,C_both_wrong,False,False,review
SBV2-ALL92-G019-C03,SBV2-ALL92-G019,AD-007,autonomous_driving,experiment_setup,strong_action_overclaim,C_both_wrong,False,False,review
SBV2-ALL92-G019-C04,SBV2-ALL92-G019,AD-007,autonomous_driving,experiment_setup,contradiction_candidate,C_both_wrong,False,False,review
SBV2-ALL92-G020-C01,SBV2-ALL92-G020,AD-007,autonomous_driving,metric_result,supported,B_evidence_gain,False,True,include
SBV2-ALL92-G020-C02,SBV2-ALL92-G020,AD-007,autonomous_driving,metric_result,mild_scope_overclaim,C_both_wrong,False,False,review
SBV2-ALL92-G020-C03,SBV2-ALL92-G020,AD-007,autonomous_driving,metric_result,strong_action_overclaim,C_both_wrong,False,False,review
SBV2-ALL92-G020-C04,SBV2-ALL92-G020,AD-007,autonomous_driving,metric_result,contradiction_candidate,A_claim_only_correct,True,True,review_flag_leakage
SBV2-ALL92-G021-C01,SBV2-ALL92-G021,AD-007,autonomous_driving,limitation,supported,C_both_wrong,False,False,review
SBV2-ALL92-G021-C02,SBV2-ALL92-G021,AD-007,autonomous_driving,limitation,mild_scope_overclaim,C_both_wrong,False,False,review
SBV2-ALL92-G021-C03,SBV2-ALL92-G021,AD-007,autonomous_driving,limitation,strong_action_overclaim,A_claim_only_correct,True,True,review_flag_leakage
SBV2-ALL92-G021-C04,SBV2-ALL92-G021,AD-007,autonomous_driving,limitation,contradiction_candidate,A_claim_only_correct,True,True,review_flag_leakage
SBV2-ALL92-G025-C01,SBV2-ALL92-G025,AD-009,autonomous_driving,experiment_setup,supported,C_both_wrong,False,False,review
SBV2-ALL92-G025-C02,SBV2-ALL92-G025,AD-009,autonomous_driving,experiment_setup,mild_scope_overclaim,C_both_wrong,False,False,review
SBV2-ALL92-G025-C03,SBV2-ALL92-G025,AD-009,autonomous_driving,experiment_setup,strong_action_overclaim,C_both_wrong,False,False,review
SBV2-ALL92-G025-C04,SBV2-ALL92-G025,AD-009,autonomous_driving,experiment_setup,contradiction_candidate,A_claim_only_correct,True,True,review_flag_leakage
SBV2-ALL92-G027-C01,SBV2-ALL92-G027,AD-009,autonomous_driving,limitation,supported,C_both_wrong,False,False,review
SBV2-ALL92-G027-C02,SBV2-ALL92-G027,AD-009,autonomous_driving,limitation,mild_scope_overclaim,C_both_wrong,False,False,review
SBV2-ALL92-G027-C03,SBV2-ALL92-G027,AD-009,autonomous_driving,limitation,strong_action_overclaim,A_claim_only_correct,True,True,review_flag_leakage
SBV2-ALL92-G027-C04,SBV2-ALL92-G027,AD-009,autonomous_driving,limitation,contradiction_candidate,C_both_wrong,False,False,review
SBV2-ALL92-G028-C01,SBV2-ALL92-G028,AD-010,autonomous_driving,experiment_setup,supported,C_both_wrong,False,False,review
SBV2-ALL92-G028-C02,SBV2-ALL92-G028,AD-010,autonomous_driving,experiment_setup,mild_scope_overclaim,A_claim_only_correct,True,True,review_flag_leakage
SBV2-ALL92-G028-C03,SBV2-ALL92-G028,AD-010,autonomous_driving,experiment_setup,strong_action_overclaim,C_both_wrong,False,False,review
SBV2-ALL92-G028-C04,SBV2-ALL92-G028,AD-010,autonomous_driving,experiment_setup,contradiction_candidate,C_both_wrong,False,False,review
SBV2-ALL92-G029-C01,SBV2-ALL92-G029,AD-010,autonomous_driving,metric_result,supported,C_both_wrong,False,False,review
SBV2-ALL92-G029-C02,SBV2-ALL92-G029,AD-010,autonomous_driving,metric_result,mild_scope_overclaim,C_both_wrong,False,False,review
SBV2-ALL92-G029-C03,SBV2-ALL92-G029,AD-010,autonomous_driving,metric_result,strong_action_overclaim,C_both_wrong,False,False,review
SBV2-ALL92-G029-C04,SBV2-ALL92-G029,AD-010,autonomous_driving,metric_result,contradiction_candidate,D_claim_only_better,True,False,exclude_flag_leakage
SBV2-ALL92-G030-C01,SBV2-ALL92-G030,AD-010,autonomous_driving,limitation,supported,A_claim_only_correct,True,True,review_flag_leakage
SBV2-ALL92-G030-C02,SBV2-ALL92-G030,AD-010,autonomous_driving,limitation,mild_scope_overclaim,C_both_wrong,False,False,review
SBV2-ALL92-G030-C03,SBV2-ALL92-G030,AD-010,autonomous_driving,limitation,strong_action_overclaim,A_claim_only_correct,True,True,review_flag_leakage
SBV2-ALL92-G030-C04,SBV2-ALL92-G030,AD-010,autonomous_driving,limitation,contradiction_candidate,A_claim_only_correct,True,True,review_flag_leakage
SBV2-ALL92-G031-C01,SBV2-ALL92-G031,AD-011,autonomous_driving,experiment_setup,supported,C_both_wrong,False,False,review
SBV2-ALL92-G031-C02,SBV2-ALL92-G031,AD-011,autonomous_driving,experiment_setup,mild_scope_overclaim,C_both_wrong,False,False,review
SBV2-ALL92-G031-C03,SBV2-ALL92-G031,AD-011,autonomous_driving,experiment_setup,strong_action_overclaim,C_both_wrong,False,False,review
SBV2-ALL92-G031-C04,SBV2-ALL92-G031,AD-011,autonomous_driving,experiment_setup,contradiction_candidate,A_claim_only_correct,True,True,review_flag_leakage
SBV2-ALL92-G032-C01,SBV2-ALL92-G032,AD-011,autonomous_driving,metric_result,supported,C_both_wrong,False,False,review
SBV2-ALL92-G032-C02,SBV2-ALL92-G032,AD-011,autonomous_driving,metric_result,mild_scope_overclaim,C_both_wrong,False,False,review
SBV2-ALL92-G032-C03,SBV2-ALL92-G032,AD-011,autonomous_driving,metric_result,strong_action_overclaim,A_claim_only_correct,True,True,review_flag_leakage
SBV2-ALL92-G032-C04,SBV2-ALL92-G032,AD-011,autonomous_driving,metric_result,contradiction_candidate,A_claim_only_correct,True,True,review_flag_leakage
SBV2-ALL92-G033-C01,SBV2-ALL92-G033,AD-011,autonomous_driving,limitation,supported,A_claim_only_correct,True,True,review_flag_leakage
SBV2-ALL92-G033-C02,SBV2-ALL92-G033,AD-011,autonomous_driving,limitation,mild_scope_overclaim,C_both_wrong,False,False,review
SBV2-ALL92-G033-C03,SBV2-ALL92-G033,AD-011,autonomous_driving,limitation,strong_action_overclaim,C_both_wrong,False,False,review
SBV2-ALL92-G033-C04,SBV2-ALL92-G033,AD-011,autonomous_driving,limitation,contradiction_candidate,A_claim_only_correct,True,True,review_flag_leakage
SBV2-ALL92-G034-C01,SBV2-ALL92-G034,AD-012,autonomous_driving,experiment_setup,supported,C_both_wrong,False,False,review
SBV2-ALL92-G034-C02,SBV2-ALL92-G034,AD-012,autonomous_driving,experiment_setup,mild_scope_overclaim,C_both_wrong,False,False,review
SBV2-ALL92-G034-C03,SBV2-ALL92-G034,AD-012,autonomous_driving,experiment_setup,strong_action_overclaim,A_claim_only_correct,True,True,review_flag_leakage
SBV2-ALL92-G034-C04,SBV2-ALL92-G034,AD-012,autonomous_driving,experiment_setup,contradiction_candidate,A_claim_only_correct,True,True,review_flag_leakage
SBV2-ALL92-G035-C01,SBV2-ALL92-G035,AD-012,autonomous_driving,metric_result,supported,C_both_wrong,False,False,review
SBV2-ALL92-G035-C02,SBV2-ALL92-G035,AD-012,autonomous_driving,metric_result,mild_scope_overclaim,C_both_wrong,False,False,review
SBV2-ALL92-G035-C03,SBV2-ALL92-G035,AD-012,autonomous_driving,metric_result,strong_action_overclaim,C_both_wrong,False,False,review
SBV2-ALL92-G035-C04,SBV2-ALL92-G035,AD-012,autonomous_driving,metric_result,contradiction_candidate,A_claim_only_correct,True,True,review_flag_leakage
SBV2-ALL92-G036-C01,SBV2-ALL92-G036,AD-012,autonomous_driving,limitation,supported,A_claim_only_correct,True,True,review_flag_leakage
SBV2-ALL92-G036-C02,SBV2-ALL92-G036,AD-012,autonomous_driving,limitation,mild_scope_overclaim,C_both_wrong,False,False,review
SBV2-ALL92-G036-C03,SBV2-ALL92-G036,AD-012,autonomous_driving,limitation,strong_action_overclaim,A_claim_only_correct,True,True,review_flag_leakage
SBV2-ALL92-G036-C04,SBV2-ALL92-G036,AD-012,autonomous_driving,limitation,contradiction_candidate,A_claim_only_correct,True,True,review_flag_leakage
SBV2-ALL92-G037-C01,SBV2-ALL92-G037,AD-014,autonomous_driving,experiment_setup,supported,C_both_wrong,False,False,review
SBV2-ALL92-G037-C02,SBV2-ALL92-G037,AD-014,autonomous_driving,experiment_setup,mild_scope_overclaim,A_claim_only_correct,True,True,review_flag_leakage
SBV2-ALL92-G037-C03,SBV2-ALL92-G037,AD-014,autonomous_driving,experiment_setup,strong_action_overclaim,A_claim_only_correct,True,True,review_flag_leakage
SBV2-ALL92-G037-C04,SBV2-ALL92-G037,AD-014,autonomous_driving,experiment_setup,contradiction_candidate,A_claim_only_correct,True,True,review_flag_leakage
SBV2-ALL92-G038-C01,SBV2-ALL92-G038,AD-014,autonomous_driving,metric_result,supported,C_both_wrong,False,False,review
SBV2-ALL92-G038-C02,SBV2-ALL92-G038,AD-014,autonomous_driving,metric_result,mild_scope_overclaim,C_both_wrong,False,False,review
SBV2-ALL92-G038-C03,SBV2-ALL92-G038,AD-014,autonomous_driving,metric_result,strong_action_overclaim,C_both_wrong,False,False,review
SBV2-ALL92-G038-C04,SBV2-ALL92-G038,AD-014,autonomous_driving,metric_result,contradiction_candidate,B_evidence_gain,False,True,include
SBV2-ALL92-G039-C01,SBV2-ALL92-G039,AD-014,autonomous_driving,limitation,supported,C_both_wrong,False,False,review
SBV2-ALL92-G039-C02,SBV2-ALL92-G039,AD-014,autonomous_driving,limitation,mild_scope_overclaim,C_both_wrong,False,False,review
SBV2-ALL92-G039-C03,SBV2-ALL92-G039,AD-014,autonomous_driving,limitation,strong_action_overclaim,A_claim_only_correct,True,True,review_flag_leakage
SBV2-ALL92-G039-C04,SBV2-ALL92-G039,AD-014,autonomous_driving,limitation,contradiction_candidate,D_claim_only_better,True,False,exclude_flag_leakage
SBV2-ALL92-G040-C01,SBV2-ALL92-G040,AD-015,autonomous_driving,experiment_setup,supported,C_both_wrong,False,False,review
SBV2-ALL92-G040-C02,SBV2-ALL92-G040,AD-015,autonomous_driving,experiment_setup,mild_scope_overclaim,C_both_wrong,False,False,review
SBV2-ALL92-G040-C03,SBV2-ALL92-G040,AD-015,autonomous_driving,experiment_setup,strong_action_overclaim,C_both_wrong,False,False,review
SBV2-ALL92-G040-C04,SBV2-ALL92-G040,AD-015,autonomous_driving,experiment_setup,contradiction_candidate,A_claim_only_correct,True,True,review_flag_leakage
SBV2-ALL92-G042-C01,SBV2-ALL92-G042,AD-015,autonomous_driving,limitation,supported,B_evidence_gain,False,True,include
SBV2-ALL92-G042-C02,SBV2-ALL92-G042,AD-015,autonomous_driving,limitation,mild_scope_overclaim,C_both_wrong,False,False,review
SBV2-ALL92-G042-C03,SBV2-ALL92-G042,AD-015,autonomous_driving,limitation,strong_action_overclaim,C_both_wrong,False,False,review
SBV2-ALL92-G042-C04,SBV2-ALL92-G042,AD-015,autonomous_driving,limitation,contradiction_candidate,A_claim_only_correct,True,True,review_flag_leakage
SBV2-ALL92-G043-C01,SBV2-ALL92-G043,AD-016,autonomous_driving,experiment_setup,supported,A_claim_only_correct,True,True,review_flag_leakage
SBV2-ALL92-G043-C02,SBV2-ALL92-G043,AD-016,autonomous_driving,experiment_setup,mild_scope_overclaim,C_both_wrong,False,False,review
SBV2-ALL92-G043-C03,SBV2-ALL92-G043,AD-016,autonomous_driving,experiment_setup,strong_action_overclaim,C_both_wrong,False,False,review
SBV2-ALL92-G043-C04,SBV2-ALL92-G043,AD-016,autonomous_driving,experiment_setup,contradiction_candidate,C_both_wrong,False,False,review
SBV2-ALL92-G044-C01,SBV2-ALL92-G044,AD-016,autonomous_driving,metric_result,supported,C_both_wrong,False,False,review
SBV2-ALL92-G044-C02,SBV2-ALL92-G044,AD-016,autonomous_driving,metric_result,mild_scope_overclaim,C_both_wrong,False,False,review
SBV2-ALL92-G044-C03,SBV2-ALL92-G044,AD-016,autonomous_driving,metric_result,strong_action_overclaim,A_claim_only_correct,True,True,review_flag_leakage
SBV2-ALL92-G044-C04,SBV2-ALL92-G044,AD-016,autonomous_driving,metric_result,contradiction_candidate,D_claim_only_better,True,False,exclude_flag_leakage
SBV2-ALL92-G045-C01,SBV2-ALL92-G045,AD-016,autonomous_driving,limitation,supported,B_evidence_gain,False,True,include
SBV2-ALL92-G045-C02,SBV2-ALL92-G045,AD-016,autonomous_driving,limitation,mild_scope_overclaim,C_both_wrong,False,False,review
SBV2-ALL92-G045-C03,SBV2-ALL92-G045,AD-016,autonomous_driving,limitation,strong_action_overclaim,A_claim_only_correct,True,True,review_flag_leakage
SBV2-ALL92-G045-C04,SBV2-ALL92-G045,AD-016,autonomous_driving,limitation,contradiction_candidate,D_claim_only_better,True,False,exclude_flag_leakage
SBV2-ALL92-G046-C01,SBV2-ALL92-G046,AD-017,autonomous_driving,experiment_setup,supported,B_evidence_gain,False,True,include
SBV2-ALL92-G046-C02,SBV2-ALL92-G046,AD-017,autonomous_driving,experiment_setup,mild_scope_overclaim,C_both_wrong,False,False,review
SBV2-ALL92-G046-C03,SBV2-ALL92-G046,AD-017,autonomous_driving,experiment_setup,strong_action_overclaim,C_both_wrong,False,False,review
SBV2-ALL92-G046-C04,SBV2-ALL92-G046,AD-017,autonomous_driving,experiment_setup,contradiction_candidate,D_claim_only_better,True,False,exclude_flag_leakage
SBV2-ALL92-G047-C01,SBV2-ALL92-G047,AD-017,autonomous_driving,metric_result,supported,C_both_wrong,False,False,review
SBV2-ALL92-G047-C02,SBV2-ALL92-G047,AD-017,autonomous_driving,metric_result,mild_scope_overclaim,C_both_wrong,False,False,review
SBV2-ALL92-G047-C03,SBV2-ALL92-G047,AD-017,autonomous_driving,metric_result,strong_action_overclaim,C_both_wrong,False,False,review
SBV2-ALL92-G047-C04,SBV2-ALL92-G047,AD-017,autonomous_driving,metric_result,contradiction_candidate,A_claim_only_correct,True,True,review_flag_leakage
SBV2-ALL92-G048-C01,SBV2-ALL92-G048,AD-017,autonomous_driving,limitation,supported,B_evidence_gain,False,True,include
SBV2-ALL92-G048-C02,SBV2-ALL92-G048,AD-017,autonomous_driving,limitation,mild_scope_overclaim,C_both_wrong,False,False,review
SBV2-ALL92-G048-C03,SBV2-ALL92-G048,AD-017,autonomous_driving,limitation,strong_action_overclaim,D_claim_only_better,True,False,exclude_flag_leakage
SBV2-ALL92-G048-C04,SBV2-ALL92-G048,AD-017,autonomous_driving,limitation,contradiction_candidate,A_claim_only_correct,True,True,review_flag_leakage
SBV2-ALL92-G050-C01,SBV2-ALL92-G050,AD-018,autonomous_driving,metric_result,supported,C_both_wrong,False,False,review
SBV2-ALL92-G050-C02,SBV2-ALL92-G050,AD-018,autonomous_driving,metric_result,mild_scope_overclaim,B_evidence_gain,False,True,include
SBV2-ALL92-G050-C03,SBV2-ALL92-G050,AD-018,autonomous_driving,metric_result,strong_action_overclaim,C_both_wrong,False,False,review
SBV2-ALL92-G050-C04,SBV2-ALL92-G050,AD-018,autonomous_driving,metric_result,contradiction_candidate,D_claim_only_better,True,False,exclude_flag_leakage
SBV2-ALL92-G051-C01,SBV2-ALL92-G051,AD-018,autonomous_driving,limitation,supported,C_both_wrong,False,False,review
SBV2-ALL92-G051-C02,SBV2-ALL92-G051,AD-018,autonomous_driving,limitation,mild_scope_overclaim,A_claim_only_correct,True,True,review_flag_leakage
SBV2-ALL92-G051-C03,SBV2-ALL92-G051,AD-018,autonomous_driving,limitation,strong_action_overclaim,C_both_wrong,False,False,review
SBV2-ALL92-G051-C04,SBV2-ALL92-G051,AD-018,autonomous_driving,limitation,contradiction_candidate,C_both_wrong,False,False,review
SBV2-ALL92-G052-C01,SBV2-ALL92-G052,AD-019,autonomous_driving,experiment_setup,supported,C_both_wrong,False,False,review
SBV2-ALL92-G052-C02,SBV2-ALL92-G052,AD-019,autonomous_driving,experiment_setup,mild_scope_overclaim,C_both_wrong,False,False,review
SBV2-ALL92-G052-C03,SBV2-ALL92-G052,AD-019,autonomous_driving,experiment_setup,strong_action_overclaim,C_both_wrong,False,False,review
SBV2-ALL92-G052-C04,SBV2-ALL92-G052,AD-019,autonomous_driving,experiment_setup,contradiction_candidate,A_claim_only_correct,True,True,review_flag_leakage
SBV2-ALL92-G053-C01,SBV2-ALL92-G053,AD-019,autonomous_driving,metric_result,supported,D_claim_only_better,True,False,exclude_flag_leakage
SBV2-ALL92-G053-C02,SBV2-ALL92-G053,AD-019,autonomous_driving,metric_result,mild_scope_overclaim,A_claim_only_correct,True,True,review_flag_leakage
SBV2-ALL92-G053-C03,SBV2-ALL92-G053,AD-019,autonomous_driving,metric_result,strong_action_overclaim,C_both_wrong,False,False,review
SBV2-ALL92-G053-C04,SBV2-ALL92-G053,AD-019,autonomous_driving,metric_result,contradiction_candidate,A_claim_only_correct,True,True,review_flag_leakage
SBV2-ALL92-G054-C01,SBV2-ALL92-G054,AD-019,autonomous_driving,limitation,supported,C_both_wrong,False,False,review
SBV2-ALL92-G054-C02,SBV2-ALL92-G054,AD-019,autonomous_driving,limitation,mild_scope_overclaim,C_both_wrong,False,False,review
SBV2-ALL92-G054-C03,SBV2-ALL92-G054,AD-019,autonomous_driving,limitation,strong_action_overclaim,A_claim_only_correct,True,True,review_flag_leakage
SBV2-ALL92-G054-C04,SBV2-ALL92-G054,AD-019,autonomous_driving,limitation,contradiction_candidate,D_claim_only_better,True,False,exclude_flag_leakage
SBV2-ALL92-G055-C01,SBV2-ALL92-G055,AD-020,autonomous_driving,experiment_setup,supported,C_both_wrong,False,False,review
SBV2-ALL92-G055-C02,SBV2-ALL92-G055,AD-020,autonomous_driving,experiment_setup,mild_scope_overclaim,C_both_wrong,False,False,review
SBV2-ALL92-G055-C03,SBV2-ALL92-G055,AD-020,autonomous_driving,experiment_setup,strong_action_overclaim,A_claim_only_correct,True,True,review_flag_leakage
SBV2-ALL92-G055-C04,SBV2-ALL92-G055,AD-020,autonomous_driving,experiment_setup,contradiction_candidate,C_both_wrong,False,False,review
SBV2-ALL92-G056-C01,SBV2-ALL92-G056,AD-020,autonomous_driving,metric_result,supported,C_both_wrong,False,False,review
SBV2-ALL92-G056-C02,SBV2-ALL92-G056,AD-020,autonomous_driving,metric_result,mild_scope_overclaim,C_both_wrong,False,False,review
SBV2-ALL92-G056-C03,SBV2-ALL92-G056,AD-020,autonomous_driving,metric_result,strong_action_overclaim,C_both_wrong,False,False,review
SBV2-ALL92-G056-C04,SBV2-ALL92-G056,AD-020,autonomous_driving,metric_result,contradiction_candidate,D_claim_only_better,True,False,exclude_flag_leakage
SBV2-ALL92-G057-C01,SBV2-ALL92-G057,AD-020,autonomous_driving,limitation,supported,C_both_wrong,False,False,review
SBV2-ALL92-G057-C02,SBV2-ALL92-G057,AD-020,autonomous_driving,limitation,mild_scope_overclaim,C_both_wrong,False,False,review
SBV2-ALL92-G057-C03,SBV2-ALL92-G057,AD-020,autonomous_driving,limitation,strong_action_overclaim,B_evidence_gain,False,True,include
SBV2-ALL92-G057-C04,SBV2-ALL92-G057,AD-020,autonomous_driving,limitation,contradiction_candidate,C_both_wrong,False,False,review
SBV2-ALL92-G058-C01,SBV2-ALL92-G058,AD-021,autonomous_driving,experiment_setup,supported,C_both_wrong,False,False,review
SBV2-ALL92-G058-C02,SBV2-ALL92-G058,AD-021,autonomous_driving,experiment_setup,mild_scope_overclaim,B_evidence_gain,False,True,include
SBV2-ALL92-G058-C03,SBV2-ALL92-G058,AD-021,autonomous_driving,experiment_setup,strong_action_overclaim,C_both_wrong,False,False,review
SBV2-ALL92-G058-C04,SBV2-ALL92-G058,AD-021,autonomous_driving,experiment_setup,contradiction_candidate,D_claim_only_better,True,False,exclude_flag_leakage
SBV2-ALL92-G059-C01,SBV2-ALL92-G059,AD-021,autonomous_driving,metric_result,supported,C_both_wrong,False,False,review
SBV2-ALL92-G059-C02,SBV2-ALL92-G059,AD-021,autonomous_driving,metric_result,mild_scope_overclaim,C_both_wrong,False,False,review
SBV2-ALL92-G059-C03,SBV2-ALL92-G059,AD-021,autonomous_driving,metric_result,strong_action_overclaim,B_evidence_gain,False,True,include
SBV2-ALL92-G059-C04,SBV2-ALL92-G059,AD-021,autonomous_driving,metric_result,contradiction_candidate,D_claim_only_better,True,False,exclude_flag_leakage
SBV2-ALL92-G060-C01,SBV2-ALL92-G060,AD-021,autonomous_driving,limitation,supported,C_both_wrong,False,False,review
SBV2-ALL92-G060-C02,SBV2-ALL92-G060,AD-021,autonomous_driving,limitation,mild_scope_overclaim,C_both_wrong,False,False,review
SBV2-ALL92-G060-C03,SBV2-ALL92-G060,AD-021,autonomous_driving,limitation,strong_action_overclaim,A_claim_only_correct,True,True,review_flag_leakage
SBV2-ALL92-G060-C04,SBV2-ALL92-G060,AD-021,autonomous_driving,limitation,contradiction_candidate,C_both_wrong,False,False,review
SBV2-ALL92-G062-C01,SBV2-ALL92-G062,AD-023,autonomous_driving,metric_result,supported,C_both_wrong,False,False,review
SBV2-ALL92-G062-C02,SBV2-ALL92-G062,AD-023,autonomous_driving,metric_result,mild_scope_overclaim,C_both_wrong,False,False,review
SBV2-ALL92-G062-C03,SBV2-ALL92-G062,AD-023,autonomous_driving,metric_result,strong_action_overclaim,A_claim_only_correct,True,True,review_flag_leakage
SBV2-ALL92-G062-C04,SBV2-ALL92-G062,AD-023,autonomous_driving,metric_result,contradiction_candidate,C_both_wrong,False,False,review
SBV2-ALL92-G064-C01,SBV2-ALL92-G064,AD-024,autonomous_driving,metric_result,supported,C_both_wrong,False,False,review
SBV2-ALL92-G064-C02,SBV2-ALL92-G064,AD-024,autonomous_driving,metric_result,mild_scope_overclaim,A_claim_only_correct,True,True,review_flag_leakage
SBV2-ALL92-G064-C03,SBV2-ALL92-G064,AD-024,autonomous_driving,metric_result,strong_action_overclaim,D_claim_only_better,True,False,exclude_flag_leakage
SBV2-ALL92-G064-C04,SBV2-ALL92-G064,AD-024,autonomous_driving,metric_result,contradiction_candidate,C_both_wrong,False,False,review
SBV2-ALL92-G065-C01,SBV2-ALL92-G065,AD-024,autonomous_driving,limitation,supported,B_evidence_gain,False,True,include
SBV2-ALL92-G065-C02,SBV2-ALL92-G065,AD-024,autonomous_driving,limitation,mild_scope_overclaim,C_both_wrong,False,False,review
SBV2-ALL92-G065-C03,SBV2-ALL92-G065,AD-024,autonomous_driving,limitation,strong_action_overclaim,C_both_wrong,False,False,review
SBV2-ALL92-G065-C04,SBV2-ALL92-G065,AD-024,autonomous_driving,limitation,contradiction_candidate,C_both_wrong,False,False,review
SBV2-ALL92-G067-C01,SBV2-ALL92-G067,CYB-001,cyber_defense,experiment_setup,supported,C_both_wrong,False,False,review
SBV2-ALL92-G067-C02,SBV2-ALL92-G067,CYB-001,cyber_defense,experiment_setup,mild_scope_overclaim,C_both_wrong,False,False,review
SBV2-ALL92-G067-C03,SBV2-ALL92-G067,CYB-001,cyber_defense,experiment_setup,strong_action_overclaim,B_evidence_gain,False,True,include
SBV2-ALL92-G067-C04,SBV2-ALL92-G067,CYB-001,cyber_defense,experiment_setup,contradiction_candidate,A_claim_only_correct,True,True,review_flag_leakage
SBV2-ALL92-G068-C01,SBV2-ALL92-G068,CYB-001,cyber_defense,metric_result,supported,C_both_wrong,False,False,review
SBV2-ALL92-G068-C02,SBV2-ALL92-G068,CYB-001,cyber_defense,metric_result,mild_scope_overclaim,B_evidence_gain,False,True,include
SBV2-ALL92-G068-C03,SBV2-ALL92-G068,CYB-001,cyber_defense,metric_result,strong_action_overclaim,D_claim_only_better,True,False,exclude_flag_leakage
SBV2-ALL92-G068-C04,SBV2-ALL92-G068,CYB-001,cyber_defense,metric_result,contradiction_candidate,A_claim_only_correct,True,True,review_flag_leakage
SBV2-ALL92-G069-C01,SBV2-ALL92-G069,CYB-001,cyber_defense,limitation,supported,C_both_wrong,False,False,review
SBV2-ALL92-G069-C02,SBV2-ALL92-G069,CYB-001,cyber_defense,limitation,mild_scope_overclaim,A_claim_only_correct,True,True,review_flag_leakage
SBV2-ALL92-G069-C03,SBV2-ALL92-G069,CYB-001,cyber_defense,limitation,strong_action_overclaim,C_both_wrong,False,False,review
SBV2-ALL92-G069-C04,SBV2-ALL92-G069,CYB-001,cyber_defense,limitation,contradiction_candidate,C_both_wrong,False,False,review
SBV2-ALL92-G071-C01,SBV2-ALL92-G071,CYB-002,cyber_defense,metric_result,supported,C_both_wrong,False,False,review
SBV2-ALL92-G071-C02,SBV2-ALL92-G071,CYB-002,cyber_defense,metric_result,mild_scope_overclaim,C_both_wrong,False,False,review
SBV2-ALL92-G071-C03,SBV2-ALL92-G071,CYB-002,cyber_defense,metric_result,strong_action_overclaim,C_both_wrong,False,False,review
SBV2-ALL92-G071-C04,SBV2-ALL92-G071,CYB-002,cyber_defense,metric_result,contradiction_candidate,D_claim_only_better,True,False,exclude_flag_leakage
SBV2-ALL92-G075-C01,SBV2-ALL92-G075,CYB-003,cyber_defense,limitation,supported,A_claim_only_correct,True,True,review_flag_leakage
SBV2-ALL92-G075-C02,SBV2-ALL92-G075,CYB-003,cyber_defense,limitation,mild_scope_overclaim,C_both_wrong,False,False,review
SBV2-ALL92-G075-C03,SBV2-ALL92-G075,CYB-003,cyber_defense,limitation,strong_action_overclaim,C_both_wrong,False,False,review
SBV2-ALL92-G075-C04,SBV2-ALL92-G075,CYB-003,cyber_defense,limitation,contradiction_candidate,D_claim_only_better,True,False,exclude_flag_leakage
SBV2-ALL92-G077-C01,SBV2-ALL92-G077,CYB-004,cyber_defense,metric_result,supported,C_both_wrong,False,False,review
SBV2-ALL92-G077-C02,SBV2-ALL92-G077,CYB-004,cyber_defense,metric_result,mild_scope_overclaim,C_both_wrong,False,False,review
SBV2-ALL92-G077-C03,SBV2-ALL92-G077,CYB-004,cyber_defense,metric_result,strong_action_overclaim,A_claim_only_correct,True,True,review_flag_leakage
SBV2-ALL92-G077-C04,SBV2-ALL92-G077,CYB-004,cyber_defense,metric_result,contradiction_candidate,C_both_wrong,False,False,review
SBV2-ALL92-G079-C01,SBV2-ALL92-G079,CYB-005,cyber_defense,experiment_setup,supported,C_both_wrong,False,False,review
SBV2-ALL92-G079-C02,SBV2-ALL92-G079,CYB-005,cyber_defense,experiment_setup,mild_scope_overclaim,C_both_wrong,False,False,review
SBV2-ALL92-G079-C03,SBV2-ALL92-G079,CYB-005,cyber_defense,experiment_setup,strong_action_overclaim,C_both_wrong,False,False,review
SBV2-ALL92-G079-C04,SBV2-ALL92-G079,CYB-005,cyber_defense,experiment_setup,contradiction_candidate,A_claim_only_correct,True,True,review_flag_leakage
SBV2-ALL92-G080-C01,SBV2-ALL92-G080,CYB-005,cyber_defense,metric_result,supported,C_both_wrong,False,False,review
SBV2-ALL92-G080-C02,SBV2-ALL92-G080,CYB-005,cyber_defense,metric_result,mild_scope_overclaim,A_claim_only_correct,True,True,review_flag_leakage
SBV2-ALL92-G080-C03,SBV2-ALL92-G080,CYB-005,cyber_defense,metric_result,strong_action_overclaim,C_both_wrong,False,False,review
SBV2-ALL92-G080-C04,SBV2-ALL92-G080,CYB-005,cyber_defense,metric_result,contradiction_candidate,D_claim_only_better,True,False,exclude_flag_leakage
SBV2-ALL92-G081-C01,SBV2-ALL92-G081,CYB-005,cyber_defense,limitation,supported,C_both_wrong,False,False,review
SBV2-ALL92-G081-C02,SBV2-ALL92-G081,CYB-005,cyber_defense,limitation,mild_scope_overclaim,D_claim_only_better,True,False,exclude_flag_leakage
SBV2-ALL92-G081-C03,SBV2-ALL92-G081,CYB-005,cyber_defense,limitation,strong_action_overclaim,B_evidence_gain,False,True,include
SBV2-ALL92-G081-C04,SBV2-ALL92-G081,CYB-005,cyber_defense,limitation,contradiction_candidate,A_claim_only_correct,True,True,review_flag_leakage
SBV2-ALL92-G082-C01,SBV2-ALL92-G082,CYB-006,cyber_defense,experiment_setup,supported,C_both_wrong,False,False,review
SBV2-ALL92-G082-C02,SBV2-ALL92-G082,CYB-006,cyber_defense,experiment_setup,mild_scope_overclaim,B_evidence_gain,False,True,include
SBV2-ALL92-G082-C03,SBV2-ALL92-G082,CYB-006,cyber_defense,experiment_setup,strong_action_overclaim,A_claim_only_correct,True,True,review_flag_leakage
SBV2-ALL92-G082-C04,SBV2-ALL92-G082,CYB-006,cyber_defense,experiment_setup,contradiction_candidate,A_claim_only_correct,True,True,review_flag_leakage
SBV2-ALL92-G083-C01,SBV2-ALL92-G083,CYB-006,cyber_defense,metric_result,supported,C_both_wrong,False,False,review
SBV2-ALL92-G083-C02,SBV2-ALL92-G083,CYB-006,cyber_defense,metric_result,mild_scope_overclaim,C_both_wrong,False,False,review
SBV2-ALL92-G083-C03,SBV2-ALL92-G083,CYB-006,cyber_defense,metric_result,strong_action_overclaim,C_both_wrong,False,False,review
SBV2-ALL92-G083-C04,SBV2-ALL92-G083,CYB-006,cyber_defense,metric_result,contradiction_candidate,A_claim_only_correct,True,True,review_flag_leakage
SBV2-ALL92-G084-C01,SBV2-ALL92-G084,CYB-006,cyber_defense,limitation,supported,C_both_wrong,False,False,review
SBV2-ALL92-G084-C02,SBV2-ALL92-G084,CYB-006,cyber_defense,limitation,mild_scope_overclaim,C_both_wrong,False,False,review
SBV2-ALL92-G084-C03,SBV2-ALL92-G084,CYB-006,cyber_defense,limitation,strong_action_overclaim,B_evidence_gain,False,True,include
SBV2-ALL92-G084-C04,SBV2-ALL92-G084,CYB-006,cyber_defense,limitation,contradiction_candidate,D_claim_only_better,True,False,exclude_flag_leakage
SBV2-ALL92-G085-C01,SBV2-ALL92-G085,CYB-007,cyber_defense,experiment_setup,supported,B_evidence_gain,False,True,include
SBV2-ALL92-G085-C02,SBV2-ALL92-G085,CYB-007,cyber_defense,experiment_setup,mild_scope_overclaim,C_both_wrong,False,False,review
SBV2-ALL92-G085-C03,SBV2-ALL92-G085,CYB-007,cyber_defense,experiment_setup,strong_action_overclaim,B_evidence_gain,False,True,include
SBV2-ALL92-G085-C04,SBV2-ALL92-G085,CYB-007,cyber_defense,experiment_setup,contradiction_candidate,A_claim_only_correct,True,True,review_flag_leakage
SBV2-ALL92-G086-C01,SBV2-ALL92-G086,CYB-007,cyber_defense,metric_result,supported,C_both_wrong,False,False,review
SBV2-ALL92-G086-C02,SBV2-ALL92-G086,CYB-007,cyber_defense,metric_result,mild_scope_overclaim,C_both_wrong,False,False,review
SBV2-ALL92-G086-C03,SBV2-ALL92-G086,CYB-007,cyber_defense,metric_result,strong_action_overclaim,C_both_wrong,False,False,review
SBV2-ALL92-G086-C04,SBV2-ALL92-G086,CYB-007,cyber_defense,metric_result,contradiction_candidate,A_claim_only_correct,True,True,review_flag_leakage
SBV2-ALL92-G087-C01,SBV2-ALL92-G087,CYB-007,cyber_defense,limitation,supported,C_both_wrong,False,False,review
SBV2-ALL92-G087-C02,SBV2-ALL92-G087,CYB-007,cyber_defense,limitation,mild_scope_overclaim,A_claim_only_correct,True,True,review_flag_leakage
SBV2-ALL92-G087-C03,SBV2-ALL92-G087,CYB-007,cyber_defense,limitation,strong_action_overclaim,C_both_wrong,False,False,review
SBV2-ALL92-G087-C04,SBV2-ALL92-G087,CYB-007,cyber_defense,limitation,contradiction_candidate,A_claim_only_correct,True,True,review_flag_leakage
SBV2-ALL92-G089-C01,SBV2-ALL92-G089,CYB-008,cyber_defense,metric_result,supported,C_both_wrong,False,False,review
SBV2-ALL92-G089-C02,SBV2-ALL92-G089,CYB-008,cyber_defense,metric_result,mild_scope_overclaim,C_both_wrong,False,False,review
SBV2-ALL92-G089-C03,SBV2-ALL92-G089,CYB-008,cyber_defense,metric_result,strong_action_overclaim,C_both_wrong,False,False,review
SBV2-ALL92-G089-C04,SBV2-ALL92-G089,CYB-008,cyber_defense,metric_result,contradiction_candidate,A_claim_only_correct,True,True,review_flag_leakage
SBV2-ALL92-G091-C01,SBV2-ALL92-G091,CYB-009,cyber_defense,experiment_setup,supported,C_both_wrong,False,False,review
SBV2-ALL92-G091-C02,SBV2-ALL92-G091,CYB-009,cyber_defense,experiment_setup,mild_scope_overclaim,C_both_wrong,False,False,review
SBV2-ALL92-G091-C03,SBV2-ALL92-G091,CYB-009,cyber_defense,experiment_setup,strong_action_overclaim,C_both_wrong,False,False,review
SBV2-ALL92-G091-C04,SBV2-ALL92-G091,CYB-009,cyber_defense,experiment_setup,contradiction_candidate,A_claim_only_correct,True,True,review_flag_leakage
SBV2-ALL92-G092-C01,SBV2-ALL92-G092,CYB-009,cyber_defense,metric_result,supported,C_both_wrong,False,False,review
SBV2-ALL92-G092-C02,SBV2-ALL92-G092,CYB-009,cyber_defense,metric_result,mild_scope_overclaim,A_claim_only_correct,True,True,review_flag_leakage
SBV2-ALL92-G092-C03,SBV2-ALL92-G092,CYB-009,cyber_defense,metric_result,strong_action_overclaim,C_both_wrong,False,False,review
SBV2-ALL92-G092-C04,SBV2-ALL92-G092,CYB-009,cyber_defense,metric_result,contradiction_candidate,C_both_wrong,False,False,review
SBV2-ALL92-G093-C01,SBV2-ALL92-G093,CYB-009,cyber_defense,limitation,supported,A_claim_only_correct,True,True,review_flag_leakage
SBV2-ALL92-G093-C02,SBV2-ALL92-G093,CYB-009,cyber_defense,limitation,mild_scope_overclaim,C_both_wrong,False,False,review
SBV2-ALL92-G093-C03,SBV2-ALL92-G093,CYB-009,cyber_defense,limitation,strong_action_overclaim,A_claim_only_correct,True,True,review_flag_leakage
SBV2-ALL92-G093-C04,SBV2-ALL92-G093,CYB-009,cyber_defense,limitation,contradiction_candidate,C_both_wrong,False,False,review
SBV2-ALL92-G094-C01,SBV2-ALL92-G094,CYB-010,cyber_defense,experiment_setup,supported,C_both_wrong,False,False,review
SBV2-ALL92-G094-C02,SBV2-ALL92-G094,CYB-010,cyber_defense,experiment_setup,mild_scope_overclaim,C_both_wrong,False,False,review
SBV2-ALL92-G094-C03,SBV2-ALL92-G094,CYB-010,cyber_defense,experiment_setup,strong_action_overclaim,C_both_wrong,False,False,review
SBV2-ALL92-G094-C04,SBV2-ALL92-G094,CYB-010,cyber_defense,experiment_setup,contradiction_candidate,A_claim_only_correct,True,True,review_flag_leakage
SBV2-ALL92-G096-C01,SBV2-ALL92-G096,CYB-010,cyber_defense,limitation,supported,A_claim_only_correct,True,True,review_flag_leakage
SBV2-ALL92-G096-C02,SBV2-ALL92-G096,CYB-010,cyber_defense,limitation,mild_scope_overclaim,C_both_wrong,False,False,review
SBV2-ALL92-G096-C03,SBV2-ALL92-G096,CYB-010,cyber_defense,limitation,strong_action_overclaim,A_claim_only_correct,True,True,review_flag_leakage
SBV2-ALL92-G096-C04,SBV2-ALL92-G096,CYB-010,cyber_defense,limitation,contradiction_candidate,C_both_wrong,False,False,review
SBV2-ALL92-G098-C01,SBV2-ALL92-G098,CYB-011,cyber_defense,metric_result,supported,C_both_wrong,False,False,review
SBV2-ALL92-G098-C02,SBV2-ALL92-G098,CYB-011,cyber_defense,metric_result,mild_scope_overclaim,C_both_wrong,False,False,review
SBV2-ALL92-G098-C03,SBV2-ALL92-G098,CYB-011,cyber_defense,metric_result,strong_action_overclaim,C_both_wrong,False,False,review
SBV2-ALL92-G098-C04,SBV2-ALL92-G098,CYB-011,cyber_defense,metric_result,contradiction_candidate,A_claim_only_correct,True,True,review_flag_leakage
SBV2-ALL92-G099-C01,SBV2-ALL92-G099,CYB-011,cyber_defense,limitation,supported,C_both_wrong,False,False,review
SBV2-ALL92-G099-C02,SBV2-ALL92-G099,CYB-011,cyber_defense,limitation,mild_scope_overclaim,C_both_wrong,False,False,review
SBV2-ALL92-G099-C03,SBV2-ALL92-G099,CYB-011,cyber_defense,limitation,strong_action_overclaim,A_claim_only_correct,True,True,review_flag_leakage
SBV2-ALL92-G099-C04,SBV2-ALL92-G099,CYB-011,cyber_defense,limitation,contradiction_candidate,C_both_wrong,False,False,review
SBV2-ALL92-G101-C01,SBV2-ALL92-G101,CYB-012,cyber_defense,metric_result,supported,C_both_wrong,False,False,review
SBV2-ALL92-G101-C02,SBV2-ALL92-G101,CYB-012,cyber_defense,metric_result,mild_scope_overclaim,B_evidence_gain,False,True,include
SBV2-ALL92-G101-C03,SBV2-ALL92-G101,CYB-012,cyber_defense,metric_result,strong_action_overclaim,C_both_wrong,False,False,review
SBV2-ALL92-G101-C04,SBV2-ALL92-G101,CYB-012,cyber_defense,metric_result,contradiction_candidate,D_claim_only_better,True,False,exclude_flag_leakage
SBV2-ALL92-G103-C01,SBV2-ALL92-G103,DT-001,digital_twin,experiment_setup,supported,C_both_wrong,False,False,review
SBV2-ALL92-G103-C02,SBV2-ALL92-G103,DT-001,digital_twin,experiment_setup,mild_scope_overclaim,B_evidence_gain,False,True,include
SBV2-ALL92-G103-C03,SBV2-ALL92-G103,DT-001,digital_twin,experiment_setup,strong_action_overclaim,C_both_wrong,False,False,review
SBV2-ALL92-G103-C04,SBV2-ALL92-G103,DT-001,digital_twin,experiment_setup,contradiction_candidate,D_claim_only_better,True,False,exclude_flag_leakage
SBV2-ALL92-G106-C01,SBV2-ALL92-G106,DT-002,digital_twin,experiment_setup,supported,C_both_wrong,False,False,review
SBV2-ALL92-G106-C02,SBV2-ALL92-G106,DT-002,digital_twin,experiment_setup,mild_scope_overclaim,C_both_wrong,False,False,review
SBV2-ALL92-G106-C03,SBV2-ALL92-G106,DT-002,digital_twin,experiment_setup,strong_action_overclaim,A_claim_only_correct,True,True,review_flag_leakage
SBV2-ALL92-G106-C04,SBV2-ALL92-G106,DT-002,digital_twin,experiment_setup,contradiction_candidate,C_both_wrong,False,False,review
SBV2-ALL92-G107-C01,SBV2-ALL92-G107,DT-002,digital_twin,metric_result,supported,C_both_wrong,False,False,review
SBV2-ALL92-G107-C02,SBV2-ALL92-G107,DT-002,digital_twin,metric_result,mild_scope_overclaim,C_both_wrong,False,False,review
SBV2-ALL92-G107-C03,SBV2-ALL92-G107,DT-002,digital_twin,metric_result,strong_action_overclaim,C_both_wrong,False,False,review
SBV2-ALL92-G107-C04,SBV2-ALL92-G107,DT-002,digital_twin,metric_result,contradiction_candidate,C_both_wrong,False,False,review
SBV2-ALL92-G108-C01,SBV2-ALL92-G108,DT-002,digital_twin,limitation,supported,C_both_wrong,False,False,review
SBV2-ALL92-G108-C02,SBV2-ALL92-G108,DT-002,digital_twin,limitation,mild_scope_overclaim,C_both_wrong,False,False,review
SBV2-ALL92-G108-C03,SBV2-ALL92-G108,DT-002,digital_twin,limitation,strong_action_overclaim,C_both_wrong,False,False,review
SBV2-ALL92-G108-C04,SBV2-ALL92-G108,DT-002,digital_twin,limitation,contradiction_candidate,A_claim_only_correct,True,True,review_flag_leakage
SBV2-ALL92-G110-C01,SBV2-ALL92-G110,DT-003,digital_twin,metric_result,supported,C_both_wrong,False,False,review
SBV2-ALL92-G110-C02,SBV2-ALL92-G110,DT-003,digital_twin,metric_result,mild_scope_overclaim,C_both_wrong,False,False,review
SBV2-ALL92-G110-C03,SBV2-ALL92-G110,DT-003,digital_twin,metric_result,strong_action_overclaim,A_claim_only_correct,True,True,review_flag_leakage
SBV2-ALL92-G110-C04,SBV2-ALL92-G110,DT-003,digital_twin,metric_result,contradiction_candidate,C_both_wrong,False,False,review
SBV2-ALL92-G111-C01,SBV2-ALL92-G111,DT-003,digital_twin,limitation,supported,A_claim_only_correct,True,True,review_flag_leakage
SBV2-ALL92-G111-C02,SBV2-ALL92-G111,DT-003,digital_twin,limitation,mild_scope_overclaim,A_claim_only_correct,True,True,review_flag_leakage
SBV2-ALL92-G111-C03,SBV2-ALL92-G111,DT-003,digital_twin,limitation,strong_action_overclaim,C_both_wrong,False,False,review
SBV2-ALL92-G111-C04,SBV2-ALL92-G111,DT-003,digital_twin,limitation,contradiction_candidate,C_both_wrong,False,False,review
SBV2-ALL92-G113-C01,SBV2-ALL92-G113,DT-004,digital_twin,metric_result,supported,C_both_wrong,False,False,review
SBV2-ALL92-G113-C02,SBV2-ALL92-G113,DT-004,digital_twin,metric_result,mild_scope_overclaim,A_claim_only_correct,True,True,review_flag_leakage
SBV2-ALL92-G113-C03,SBV2-ALL92-G113,DT-004,digital_twin,metric_result,strong_action_overclaim,C_both_wrong,False,False,review
SBV2-ALL92-G113-C04,SBV2-ALL92-G113,DT-004,digital_twin,metric_result,contradiction_candidate,D_claim_only_better,True,False,exclude_flag_leakage
SBV2-ALL92-G116-C01,SBV2-ALL92-G116,DT-005,digital_twin,metric_result,supported,C_both_wrong,False,False,review
SBV2-ALL92-G116-C02,SBV2-ALL92-G116,DT-005,digital_twin,metric_result,mild_scope_overclaim,C_both_wrong,False,False,review
SBV2-ALL92-G116-C03,SBV2-ALL92-G116,DT-005,digital_twin,metric_result,strong_action_overclaim,C_both_wrong,False,False,review
SBV2-ALL92-G116-C04,SBV2-ALL92-G116,DT-005,digital_twin,metric_result,contradiction_candidate,A_claim_only_correct,True,True,review_flag_leakage
SBV2-ALL92-G119-C01,SBV2-ALL92-G119,DT-006,digital_twin,metric_result,supported,C_both_wrong,False,False,review
SBV2-ALL92-G119-C02,SBV2-ALL92-G119,DT-006,digital_twin,metric_result,mild_scope_overclaim,C_both_wrong,False,False,review
SBV2-ALL92-G119-C03,SBV2-ALL92-G119,DT-006,digital_twin,metric_result,strong_action_overclaim,C_both_wrong,False,False,review
SBV2-ALL92-G119-C04,SBV2-ALL92-G119,DT-006,digital_twin,metric_result,contradiction_candidate,A_claim_only_correct,True,True,review_flag_leakage
SBV2-ALL92-G122-C01,SBV2-ALL92-G122,DT-007,digital_twin,metric_result,supported,B_evidence_gain,False,True,include
SBV2-ALL92-G122-C02,SBV2-ALL92-G122,DT-007,digital_twin,metric_result,mild_scope_overclaim,A_claim_only_correct,True,True,review_flag_leakage
SBV2-ALL92-G122-C03,SBV2-ALL92-G122,DT-007,digital_twin,metric_result,strong_action_overclaim,C_both_wrong,False,False,review
SBV2-ALL92-G122-C04,SBV2-ALL92-G122,DT-007,digital_twin,metric_result,contradiction_candidate,C_both_wrong,False,False,review
SBV2-ALL92-G124-C01,SBV2-ALL92-G124,DT-009,digital_twin,metric_result,supported,C_both_wrong,False,False,review
SBV2-ALL92-G124-C02,SBV2-ALL92-G124,DT-009,digital_twin,metric_result,mild_scope_overclaim,C_both_wrong,False,False,review
SBV2-ALL92-G124-C03,SBV2-ALL92-G124,DT-009,digital_twin,metric_result,strong_action_overclaim,A_claim_only_correct,True,True,review_flag_leakage
SBV2-ALL92-G124-C04,SBV2-ALL92-G124,DT-009,digital_twin,metric_result,contradiction_candidate,C_both_wrong,False,False,review
SBV2-ALL92-G128-C01,SBV2-ALL92-G128,DT-010,digital_twin,metric_result,supported,A_claim_only_correct,True,True,review_flag_leakage
SBV2-ALL92-G128-C02,SBV2-ALL92-G128,DT-010,digital_twin,metric_result,mild_scope_overclaim,C_both_wrong,False,False,review
SBV2-ALL92-G128-C03,SBV2-ALL92-G128,DT-010,digital_twin,metric_result,strong_action_overclaim,C_both_wrong,False,False,review
SBV2-ALL92-G128-C04,SBV2-ALL92-G128,DT-010,digital_twin,metric_result,contradiction_candidate,A_claim_only_correct,True,True,review_flag_leakage
SBV2-ALL92-G131-C01,SBV2-ALL92-G131,DT-011,digital_twin,limitation,supported,B_evidence_gain,False,True,include
SBV2-ALL92-G131-C02,SBV2-ALL92-G131,DT-011,digital_twin,limitation,mild_scope_overclaim,C_both_wrong,False,False,review
SBV2-ALL92-G131-C03,SBV2-ALL92-G131,DT-011,digital_twin,limitation,strong_action_overclaim,B_evidence_gain,False,True,include
SBV2-ALL92-G131-C04,SBV2-ALL92-G131,DT-011,digital_twin,limitation,contradiction_candidate,C_both_wrong,False,False,review
SBV2-ALL92-G132-C01,SBV2-ALL92-G132,DT-011,digital_twin,deployment_boundary,supported,C_both_wrong,False,False,review
SBV2-ALL92-G132-C02,SBV2-ALL92-G132,DT-011,digital_twin,deployment_boundary,mild_scope_overclaim,A_claim_only_correct,True,True,review_flag_leakage
SBV2-ALL92-G132-C03,SBV2-ALL92-G132,DT-011,digital_twin,deployment_boundary,strong_action_overclaim,D_claim_only_better,True,False,exclude_flag_leakage
SBV2-ALL92-G132-C04,SBV2-ALL92-G132,DT-011,digital_twin,deployment_boundary,contradiction_candidate,A_claim_only_correct,True,True,review_flag_leakage
SBV2-ALL92-G134-C01,SBV2-ALL92-G134,DT-012,digital_twin,metric_result,supported,C_both_wrong,False,False,review
SBV2-ALL92-G134-C02,SBV2-ALL92-G134,DT-012,digital_twin,metric_result,mild_scope_overclaim,D_claim_only_better,True,False,exclude_flag_leakage
SBV2-ALL92-G134-C03,SBV2-ALL92-G134,DT-012,digital_twin,metric_result,strong_action_overclaim,D_claim_only_better,True,False,exclude_flag_leakage
SBV2-ALL92-G134-C04,SBV2-ALL92-G134,DT-012,digital_twin,metric_result,contradiction_candidate,A_claim_only_correct,True,True,review_flag_leakage
SBV2-ALL92-G135-C01,SBV2-ALL92-G135,DT-012,digital_twin,limitation,supported,B_evidence_gain,False,True,include
SBV2-ALL92-G135-C02,SBV2-ALL92-G135,DT-012,digital_twin,limitation,mild_scope_overclaim,C_both_wrong,False,False,review
SBV2-ALL92-G135-C03,SBV2-ALL92-G135,DT-012,digital_twin,limitation,strong_action_overclaim,C_both_wrong,False,False,review
SBV2-ALL92-G135-C04,SBV2-ALL92-G135,DT-012,digital_twin,limitation,contradiction_candidate,C_both_wrong,False,False,review
SBV2-ALL92-G140-C01,SBV2-ALL92-G140,DT-014,digital_twin,metric_result,supported,C_both_wrong,False,False,review
SBV2-ALL92-G140-C02,SBV2-ALL92-G140,DT-014,digital_twin,metric_result,mild_scope_overclaim,C_both_wrong,False,False,review
SBV2-ALL92-G140-C03,SBV2-ALL92-G140,DT-014,digital_twin,metric_result,strong_action_overclaim,C_both_wrong,False,False,review
SBV2-ALL92-G140-C04,SBV2-ALL92-G140,DT-014,digital_twin,metric_result,contradiction_candidate,C_both_wrong,False,False,review
SBV2-ALL92-G141-C01,SBV2-ALL92-G141,DT-014,digital_twin,limitation,supported,C_both_wrong,False,False,review
SBV2-ALL92-G141-C02,SBV2-ALL92-G141,DT-014,digital_twin,limitation,mild_scope_overclaim,A_claim_only_correct,True,True,review_flag_leakage
SBV2-ALL92-G141-C03,SBV2-ALL92-G141,DT-014,digital_twin,limitation,strong_action_overclaim,C_both_wrong,False,False,review
SBV2-ALL92-G141-C04,SBV2-ALL92-G141,DT-014,digital_twin,limitation,contradiction_candidate,C_both_wrong,False,False,review
SBV2-ALL92-G142-C01,SBV2-ALL92-G142,DT-015,digital_twin,experiment_setup,supported,C_both_wrong,False,False,review
SBV2-ALL92-G142-C02,SBV2-ALL92-G142,DT-015,digital_twin,experiment_setup,mild_scope_overclaim,C_both_wrong,False,False,review
SBV2-ALL92-G142-C03,SBV2-ALL92-G142,DT-015,digital_twin,experiment_setup,strong_action_overclaim,A_claim_only_correct,True,True,review_flag_leakage
SBV2-ALL92-G142-C04,SBV2-ALL92-G142,DT-015,digital_twin,experiment_setup,contradiction_candidate,D_claim_only_better,True,False,exclude_flag_leakage
SBV2-ALL92-G144-C01,SBV2-ALL92-G144,DT-015,digital_twin,limitation,supported,C_both_wrong,False,False,review
SBV2-ALL92-G144-C02,SBV2-ALL92-G144,DT-015,digital_twin,limitation,mild_scope_overclaim,A_claim_only_correct,True,True,review_flag_leakage
SBV2-ALL92-G144-C03,SBV2-ALL92-G144,DT-015,digital_twin,limitation,strong_action_overclaim,C_both_wrong,False,False,review
SBV2-ALL92-G144-C04,SBV2-ALL92-G144,DT-015,digital_twin,limitation,contradiction_candidate,C_both_wrong,False,False,review
SBV2-ALL92-G145-C01,SBV2-ALL92-G145,DT-016,digital_twin,experiment_setup,supported,C_both_wrong,False,False,review
SBV2-ALL92-G145-C02,SBV2-ALL92-G145,DT-016,digital_twin,experiment_setup,mild_scope_overclaim,A_claim_only_correct,True,True,review_flag_leakage
SBV2-ALL92-G145-C03,SBV2-ALL92-G145,DT-016,digital_twin,experiment_setup,strong_action_overclaim,C_both_wrong,False,False,review
SBV2-ALL92-G145-C04,SBV2-ALL92-G145,DT-016,digital_twin,experiment_setup,contradiction_candidate,C_both_wrong,False,False,review
SBV2-ALL92-G146-C01,SBV2-ALL92-G146,DT-016,digital_twin,metric_result,supported,C_both_wrong,False,False,review
SBV2-ALL92-G146-C02,SBV2-ALL92-G146,DT-016,digital_twin,metric_result,mild_scope_overclaim,A_claim_only_correct,True,True,review_flag_leakage
SBV2-ALL92-G146-C03,SBV2-ALL92-G146,DT-016,digital_twin,metric_result,strong_action_overclaim,C_both_wrong,False,False,review
SBV2-ALL92-G146-C04,SBV2-ALL92-G146,DT-016,digital_twin,metric_result,contradiction_candidate,A_claim_only_correct,True,True,review_flag_leakage
SBV2-ALL92-G148-C01,SBV2-ALL92-G148,DT-017,digital_twin,metric_result,supported,C_both_wrong,False,False,review
SBV2-ALL92-G148-C02,SBV2-ALL92-G148,DT-017,digital_twin,metric_result,mild_scope_overclaim,A_claim_only_correct,True,True,review_flag_leakage
SBV2-ALL92-G148-C03,SBV2-ALL92-G148,DT-017,digital_twin,metric_result,strong_action_overclaim,D_claim_only_better,True,False,exclude_flag_leakage
SBV2-ALL92-G148-C04,SBV2-ALL92-G148,DT-017,digital_twin,metric_result,contradiction_candidate,C_both_wrong,False,False,review
SBV2-ALL92-G149-C01,SBV2-ALL92-G149,DT-017,digital_twin,limitation,supported,A_claim_only_correct,True,True,review_flag_leakage
SBV2-ALL92-G149-C02,SBV2-ALL92-G149,DT-017,digital_twin,limitation,mild_scope_overclaim,A_claim_only_correct,True,True,review_flag_leakage
SBV2-ALL92-G149-C03,SBV2-ALL92-G149,DT-017,digital_twin,limitation,strong_action_overclaim,D_claim_only_better,True,False,exclude_flag_leakage
SBV2-ALL92-G149-C04,SBV2-ALL92-G149,DT-017,digital_twin,limitation,contradiction_candidate,A_claim_only_correct,True,True,review_flag_leakage
SBV2-ALL92-G153-C01,SBV2-ALL92-G153,DT-018,digital_twin,limitation,supported,C_both_wrong,False,False,review
SBV2-ALL92-G153-C02,SBV2-ALL92-G153,DT-018,digital_twin,limitation,mild_scope_overclaim,A_claim_only_correct,True,True,review_flag_leakage
SBV2-ALL92-G153-C03,SBV2-ALL92-G153,DT-018,digital_twin,limitation,strong_action_overclaim,A_claim_only_correct,True,True,review_flag_leakage
SBV2-ALL92-G153-C04,SBV2-ALL92-G153,DT-018,digital_twin,limitation,contradiction_candidate,B_evidence_gain,False,True,include
SBV2-ALL92-G154-C01,SBV2-ALL92-G154,DT-019,digital_twin,metric_result,supported,C_both_wrong,False,False,review
SBV2-ALL92-G154-C02,SBV2-ALL92-G154,DT-019,digital_twin,metric_result,mild_scope_overclaim,B_evidence_gain,False,True,include
SBV2-ALL92-G154-C03,SBV2-ALL92-G154,DT-019,digital_twin,metric_result,strong_action_overclaim,C_both_wrong,False,False,review
SBV2-ALL92-G154-C04,SBV2-ALL92-G154,DT-019,digital_twin,metric_result,contradiction_candidate,D_claim_only_better,True,False,exclude_flag_leakage
SBV2-ALL92-G157-C01,SBV2-ALL92-G157,MARL-014,robotics,experiment_setup,supported,B_evidence_gain,False,True,include
SBV2-ALL92-G157-C02,SBV2-ALL92-G157,MARL-014,robotics,experiment_setup,mild_scope_overclaim,C_both_wrong,False,False,review
SBV2-ALL92-G157-C03,SBV2-ALL92-G157,MARL-014,robotics,experiment_setup,strong_action_overclaim,D_claim_only_better,True,False,exclude_flag_leakage
SBV2-ALL92-G157-C04,SBV2-ALL92-G157,MARL-014,robotics,experiment_setup,contradiction_candidate,C_both_wrong,False,False,review
SBV2-ALL92-G158-C01,SBV2-ALL92-G158,MARL-014,robotics,metric_result,supported,C_both_wrong,False,False,review
SBV2-ALL92-G158-C02,SBV2-ALL92-G158,MARL-014,robotics,metric_result,mild_scope_overclaim,C_both_wrong,False,False,review
SBV2-ALL92-G158-C03,SBV2-ALL92-G158,MARL-014,robotics,metric_result,strong_action_overclaim,C_both_wrong,False,False,review
SBV2-ALL92-G158-C04,SBV2-ALL92-G158,MARL-014,robotics,metric_result,contradiction_candidate,A_claim_only_correct,True,True,review_flag_leakage
SBV2-ALL92-G161-C01,SBV2-ALL92-G161,MARL-015,robotics,limitation,supported,B_evidence_gain,False,True,include
SBV2-ALL92-G161-C02,SBV2-ALL92-G161,MARL-015,robotics,limitation,mild_scope_overclaim,C_both_wrong,False,False,review
SBV2-ALL92-G161-C03,SBV2-ALL92-G161,MARL-015,robotics,limitation,strong_action_overclaim,C_both_wrong,False,False,review
SBV2-ALL92-G161-C04,SBV2-ALL92-G161,MARL-015,robotics,limitation,contradiction_candidate,C_both_wrong,False,False,review
SBV2-ALL92-G163-C01,SBV2-ALL92-G163,MARL-016,robotics,experiment_setup,supported,C_both_wrong,False,False,review
SBV2-ALL92-G163-C02,SBV2-ALL92-G163,MARL-016,robotics,experiment_setup,mild_scope_overclaim,C_both_wrong,False,False,review
SBV2-ALL92-G163-C03,SBV2-ALL92-G163,MARL-016,robotics,experiment_setup,strong_action_overclaim,A_claim_only_correct,True,True,review_flag_leakage
SBV2-ALL92-G163-C04,SBV2-ALL92-G163,MARL-016,robotics,experiment_setup,contradiction_candidate,C_both_wrong,False,False,review
SBV2-ALL92-G164-C01,SBV2-ALL92-G164,MARL-016,robotics,metric_result,supported,A_claim_only_correct,True,True,review_flag_leakage
SBV2-ALL92-G164-C02,SBV2-ALL92-G164,MARL-016,robotics,metric_result,mild_scope_overclaim,A_claim_only_correct,True,True,review_flag_leakage
SBV2-ALL92-G164-C03,SBV2-ALL92-G164,MARL-016,robotics,metric_result,strong_action_overclaim,C_both_wrong,False,False,review
SBV2-ALL92-G164-C04,SBV2-ALL92-G164,MARL-016,robotics,metric_result,contradiction_candidate,C_both_wrong,False,False,review
SBV2-ALL92-G166-C01,SBV2-ALL92-G166,MARL-017,robotics,limitation,supported,C_both_wrong,False,False,review
SBV2-ALL92-G166-C02,SBV2-ALL92-G166,MARL-017,robotics,limitation,mild_scope_overclaim,C_both_wrong,False,False,review
SBV2-ALL92-G166-C03,SBV2-ALL92-G166,MARL-017,robotics,limitation,strong_action_overclaim,A_claim_only_correct,True,True,review_flag_leakage
SBV2-ALL92-G166-C04,SBV2-ALL92-G166,MARL-017,robotics,limitation,contradiction_candidate,A_claim_only_correct,True,True,review_flag_leakage
SBV2-ALL92-G167-C01,SBV2-ALL92-G167,MARL-017,robotics,deployment_boundary,supported,C_both_wrong,False,False,review
SBV2-ALL92-G167-C02,SBV2-ALL92-G167,MARL-017,robotics,deployment_boundary,mild_scope_overclaim,C_both_wrong,False,False,review
SBV2-ALL92-G167-C03,SBV2-ALL92-G167,MARL-017,robotics,deployment_boundary,strong_action_overclaim,A_claim_only_correct,True,True,review_flag_leakage
SBV2-ALL92-G167-C04,SBV2-ALL92-G167,MARL-017,robotics,deployment_boundary,contradiction_candidate,A_claim_only_correct,True,True,review_flag_leakage
SBV2-ALL92-G168-C01,SBV2-ALL92-G168,MARL-017,robotics,comparison,supported,C_both_wrong,False,False,review
SBV2-ALL92-G168-C02,SBV2-ALL92-G168,MARL-017,robotics,comparison,mild_scope_overclaim,C_both_wrong,False,False,review
SBV2-ALL92-G168-C03,SBV2-ALL92-G168,MARL-017,robotics,comparison,strong_action_overclaim,A_claim_only_correct,True,True,review_flag_leakage
SBV2-ALL92-G168-C04,SBV2-ALL92-G168,MARL-017,robotics,comparison,contradiction_candidate,C_both_wrong,False,False,review
SBV2-ALL92-G169-C01,SBV2-ALL92-G169,MARL-018,robotics,experiment_setup,supported,C_both_wrong,False,False,review
SBV2-ALL92-G169-C02,SBV2-ALL92-G169,MARL-018,robotics,experiment_setup,mild_scope_overclaim,A_claim_only_correct,True,True,review_flag_leakage
SBV2-ALL92-G169-C03,SBV2-ALL92-G169,MARL-018,robotics,experiment_setup,strong_action_overclaim,C_both_wrong,False,False,review
SBV2-ALL92-G169-C04,SBV2-ALL92-G169,MARL-018,robotics,experiment_setup,contradiction_candidate,D_claim_only_better,True,False,exclude_flag_leakage
SBV2-ALL92-G170-C01,SBV2-ALL92-G170,MARL-018,robotics,metric_result,supported,C_both_wrong,False,False,review
SBV2-ALL92-G170-C02,SBV2-ALL92-G170,MARL-018,robotics,metric_result,mild_scope_overclaim,C_both_wrong,False,False,review
SBV2-ALL92-G170-C03,SBV2-ALL92-G170,MARL-018,robotics,metric_result,strong_action_overclaim,C_both_wrong,False,False,review
SBV2-ALL92-G170-C04,SBV2-ALL92-G170,MARL-018,robotics,metric_result,contradiction_candidate,A_claim_only_correct,True,True,review_flag_leakage
SBV2-ALL92-G172-C01,SBV2-ALL92-G172,MARL-019,robotics,experiment_setup,supported,C_both_wrong,False,False,review
SBV2-ALL92-G172-C02,SBV2-ALL92-G172,MARL-019,robotics,experiment_setup,mild_scope_overclaim,B_evidence_gain,False,True,include
SBV2-ALL92-G172-C03,SBV2-ALL92-G172,MARL-019,robotics,experiment_setup,strong_action_overclaim,C_both_wrong,False,False,review
SBV2-ALL92-G172-C04,SBV2-ALL92-G172,MARL-019,robotics,experiment_setup,contradiction_candidate,A_claim_only_correct,True,True,review_flag_leakage
SBV2-ALL92-G175-C01,SBV2-ALL92-G175,MARL-001,marl,experiment_setup,supported,C_both_wrong,False,False,review
SBV2-ALL92-G175-C02,SBV2-ALL92-G175,MARL-001,marl,experiment_setup,mild_scope_overclaim,C_both_wrong,False,False,review
SBV2-ALL92-G175-C03,SBV2-ALL92-G175,MARL-001,marl,experiment_setup,strong_action_overclaim,C_both_wrong,False,False,review
SBV2-ALL92-G175-C04,SBV2-ALL92-G175,MARL-001,marl,experiment_setup,contradiction_candidate,A_claim_only_correct,True,True,review_flag_leakage
SBV2-ALL92-G176-C01,SBV2-ALL92-G176,MARL-001,marl,metric_result,supported,C_both_wrong,False,False,review
SBV2-ALL92-G176-C02,SBV2-ALL92-G176,MARL-001,marl,metric_result,mild_scope_overclaim,C_both_wrong,False,False,review
SBV2-ALL92-G176-C03,SBV2-ALL92-G176,MARL-001,marl,metric_result,strong_action_overclaim,D_claim_only_better,True,False,exclude_flag_leakage
SBV2-ALL92-G176-C04,SBV2-ALL92-G176,MARL-001,marl,metric_result,contradiction_candidate,A_claim_only_correct,True,True,review_flag_leakage
SBV2-ALL92-G178-C01,SBV2-ALL92-G178,MARL-002,marl,experiment_setup,supported,C_both_wrong,False,False,review
SBV2-ALL92-G178-C02,SBV2-ALL92-G178,MARL-002,marl,experiment_setup,mild_scope_overclaim,A_claim_only_correct,True,True,review_flag_leakage
SBV2-ALL92-G178-C03,SBV2-ALL92-G178,MARL-002,marl,experiment_setup,strong_action_overclaim,C_both_wrong,False,False,review
SBV2-ALL92-G178-C04,SBV2-ALL92-G178,MARL-002,marl,experiment_setup,contradiction_candidate,C_both_wrong,False,False,review
SBV2-ALL92-G179-C01,SBV2-ALL92-G179,MARL-002,marl,metric_result,supported,C_both_wrong,False,False,review
SBV2-ALL92-G179-C02,SBV2-ALL92-G179,MARL-002,marl,metric_result,mild_scope_overclaim,D_claim_only_better,True,False,exclude_flag_leakage
SBV2-ALL92-G179-C03,SBV2-ALL92-G179,MARL-002,marl,metric_result,strong_action_overclaim,C_both_wrong,False,False,review
SBV2-ALL92-G179-C04,SBV2-ALL92-G179,MARL-002,marl,metric_result,contradiction_candidate,A_claim_only_correct,True,True,review_flag_leakage
SBV2-ALL92-G180-C01,SBV2-ALL92-G180,MARL-002,marl,limitation,supported,C_both_wrong,False,False,review
SBV2-ALL92-G180-C02,SBV2-ALL92-G180,MARL-002,marl,limitation,mild_scope_overclaim,A_claim_only_correct,True,True,review_flag_leakage
SBV2-ALL92-G180-C03,SBV2-ALL92-G180,MARL-002,marl,limitation,strong_action_overclaim,C_both_wrong,False,False,review
SBV2-ALL92-G180-C04,SBV2-ALL92-G180,MARL-002,marl,limitation,contradiction_candidate,C_both_wrong,False,False,review
SBV2-ALL92-G184-C01,SBV2-ALL92-G184,MARL-004,marl,experiment_setup,supported,C_both_wrong,False,False,review
SBV2-ALL92-G184-C02,SBV2-ALL92-G184,MARL-004,marl,experiment_setup,mild_scope_overclaim,C_both_wrong,False,False,review
SBV2-ALL92-G184-C03,SBV2-ALL92-G184,MARL-004,marl,experiment_setup,strong_action_overclaim,A_claim_only_correct,True,True,review_flag_leakage
SBV2-ALL92-G184-C04,SBV2-ALL92-G184,MARL-004,marl,experiment_setup,contradiction_candidate,D_claim_only_better,True,False,exclude_flag_leakage
SBV2-ALL92-G185-C01,SBV2-ALL92-G185,MARL-004,marl,limitation,supported,C_both_wrong,False,False,review
SBV2-ALL92-G185-C02,SBV2-ALL92-G185,MARL-004,marl,limitation,mild_scope_overclaim,A_claim_only_correct,True,True,review_flag_leakage
SBV2-ALL92-G185-C03,SBV2-ALL92-G185,MARL-004,marl,limitation,strong_action_overclaim,A_claim_only_correct,True,True,review_flag_leakage
SBV2-ALL92-G185-C04,SBV2-ALL92-G185,MARL-004,marl,limitation,contradiction_candidate,C_both_wrong,False,False,review
SBV2-ALL92-G186-C01,SBV2-ALL92-G186,MARL-004,marl,deployment_boundary,supported,C_both_wrong,False,False,review
SBV2-ALL92-G186-C02,SBV2-ALL92-G186,MARL-004,marl,deployment_boundary,mild_scope_overclaim,C_both_wrong,False,False,review
SBV2-ALL92-G186-C03,SBV2-ALL92-G186,MARL-004,marl,deployment_boundary,strong_action_overclaim,A_claim_only_correct,True,True,review_flag_leakage
SBV2-ALL92-G186-C04,SBV2-ALL92-G186,MARL-004,marl,deployment_boundary,contradiction_candidate,C_both_wrong,False,False,review
SBV2-ALL92-G187-C01,SBV2-ALL92-G187,MARL-005,marl,experiment_setup,supported,C_both_wrong,False,False,review
SBV2-ALL92-G187-C02,SBV2-ALL92-G187,MARL-005,marl,experiment_setup,mild_scope_overclaim,C_both_wrong,False,False,review
SBV2-ALL92-G187-C03,SBV2-ALL92-G187,MARL-005,marl,experiment_setup,strong_action_overclaim,C_both_wrong,False,False,review
SBV2-ALL92-G187-C04,SBV2-ALL92-G187,MARL-005,marl,experiment_setup,contradiction_candidate,A_claim_only_correct,True,True,review_flag_leakage
SBV2-ALL92-G190-C01,SBV2-ALL92-G190,MARL-006,marl,experiment_setup,supported,C_both_wrong,False,False,review
SBV2-ALL92-G190-C02,SBV2-ALL92-G190,MARL-006,marl,experiment_setup,mild_scope_overclaim,C_both_wrong,False,False,review
SBV2-ALL92-G190-C03,SBV2-ALL92-G190,MARL-006,marl,experiment_setup,strong_action_overclaim,A_claim_only_correct,True,True,review_flag_leakage
SBV2-ALL92-G190-C04,SBV2-ALL92-G190,MARL-006,marl,experiment_setup,contradiction_candidate,A_claim_only_correct,True,True,review_flag_leakage
SBV2-ALL92-G192-C01,SBV2-ALL92-G192,MARL-006,marl,limitation,supported,B_evidence_gain,False,True,include
SBV2-ALL92-G192-C02,SBV2-ALL92-G192,MARL-006,marl,limitation,mild_scope_overclaim,C_both_wrong,False,False,review
SBV2-ALL92-G192-C03,SBV2-ALL92-G192,MARL-006,marl,limitation,strong_action_overclaim,C_both_wrong,False,False,review
SBV2-ALL92-G192-C04,SBV2-ALL92-G192,MARL-006,marl,limitation,contradiction_candidate,D_claim_only_better,True,False,exclude_flag_leakage
SBV2-ALL92-G193-C01,SBV2-ALL92-G193,MARL-007,marl,experiment_setup,supported,C_both_wrong,False,False,review
SBV2-ALL92-G193-C02,SBV2-ALL92-G193,MARL-007,marl,experiment_setup,mild_scope_overclaim,C_both_wrong,False,False,review
SBV2-ALL92-G193-C03,SBV2-ALL92-G193,MARL-007,marl,experiment_setup,strong_action_overclaim,B_evidence_gain,False,True,include
SBV2-ALL92-G193-C04,SBV2-ALL92-G193,MARL-007,marl,experiment_setup,contradiction_candidate,C_both_wrong,False,False,review
SBV2-ALL92-G194-C01,SBV2-ALL92-G194,MARL-007,marl,limitation,supported,C_both_wrong,False,False,review
SBV2-ALL92-G194-C02,SBV2-ALL92-G194,MARL-007,marl,limitation,mild_scope_overclaim,A_claim_only_correct,True,True,review_flag_leakage
SBV2-ALL92-G194-C03,SBV2-ALL92-G194,MARL-007,marl,limitation,strong_action_overclaim,C_both_wrong,False,False,review
SBV2-ALL92-G194-C04,SBV2-ALL92-G194,MARL-007,marl,limitation,contradiction_candidate,C_both_wrong,False,False,review
SBV2-ALL92-G196-C01,SBV2-ALL92-G196,MARL-008,marl,experiment_setup,supported,C_both_wrong,False,False,review
SBV2-ALL92-G196-C02,SBV2-ALL92-G196,MARL-008,marl,experiment_setup,mild_scope_overclaim,C_both_wrong,False,False,review
SBV2-ALL92-G196-C03,SBV2-ALL92-G196,MARL-008,marl,experiment_setup,strong_action_overclaim,A_claim_only_correct,True,True,review_flag_leakage
SBV2-ALL92-G196-C04,SBV2-ALL92-G196,MARL-008,marl,experiment_setup,contradiction_candidate,A_claim_only_correct,True,True,review_flag_leakage
SBV2-ALL92-G197-C01,SBV2-ALL92-G197,MARL-008,marl,metric_result,supported,C_both_wrong,False,False,review
SBV2-ALL92-G197-C02,SBV2-ALL92-G197,MARL-008,marl,metric_result,mild_scope_overclaim,C_both_wrong,False,False,review
SBV2-ALL92-G197-C03,SBV2-ALL92-G197,MARL-008,marl,metric_result,strong_action_overclaim,C_both_wrong,False,False,review
SBV2-ALL92-G197-C04,SBV2-ALL92-G197,MARL-008,marl,metric_result,contradiction_candidate,A_claim_only_correct,True,True,review_flag_leakage
SBV2-ALL92-G198-C01,SBV2-ALL92-G198,MARL-008,marl,limitation,supported,C_both_wrong,False,False,review
SBV2-ALL92-G198-C02,SBV2-ALL92-G198,MARL-008,marl,limitation,mild_scope_overclaim,C_both_wrong,False,False,review
SBV2-ALL92-G198-C03,SBV2-ALL92-G198,MARL-008,marl,limitation,strong_action_overclaim,A_claim_only_correct,True,True,review_flag_leakage
SBV2-ALL92-G198-C04,SBV2-ALL92-G198,MARL-008,marl,limitation,contradiction_candidate,C_both_wrong,False,False,review
SBV2-ALL92-G200-C01,SBV2-ALL92-G200,MARL-009,marl,metric_result,supported,C_both_wrong,False,False,review
SBV2-ALL92-G200-C02,SBV2-ALL92-G200,MARL-009,marl,metric_result,mild_scope_overclaim,C_both_wrong,False,False,review
SBV2-ALL92-G200-C03,SBV2-ALL92-G200,MARL-009,marl,metric_result,strong_action_overclaim,B_evidence_gain,False,True,include
SBV2-ALL92-G200-C04,SBV2-ALL92-G200,MARL-009,marl,metric_result,contradiction_candidate,D_claim_only_better,True,False,exclude_flag_leakage
SBV2-ALL92-G203-C01,SBV2-ALL92-G203,MARL-010,marl,metric_result,supported,C_both_wrong,False,False,review
SBV2-ALL92-G203-C02,SBV2-ALL92-G203,MARL-010,marl,metric_result,mild_scope_overclaim,B_evidence_gain,False,True,include
SBV2-ALL92-G203-C03,SBV2-ALL92-G203,MARL-010,marl,metric_result,strong_action_overclaim,D_claim_only_better,True,False,exclude_flag_leakage
SBV2-ALL92-G203-C04,SBV2-ALL92-G203,MARL-010,marl,metric_result,contradiction_candidate,D_claim_only_better,True,False,exclude_flag_leakage
SBV2-ALL92-G205-C01,SBV2-ALL92-G205,MARL-011,marl,experiment_setup,supported,A_claim_only_correct,True,True,review_flag_leakage
SBV2-ALL92-G205-C02,SBV2-ALL92-G205,MARL-011,marl,experiment_setup,mild_scope_overclaim,C_both_wrong,False,False,review
SBV2-ALL92-G205-C03,SBV2-ALL92-G205,MARL-011,marl,experiment_setup,strong_action_overclaim,C_both_wrong,False,False,review
SBV2-ALL92-G205-C04,SBV2-ALL92-G205,MARL-011,marl,experiment_setup,contradiction_candidate,A_claim_only_correct,True,True,review_flag_leakage
SBV2-ALL92-G208-C01,SBV2-ALL92-G208,MARL-012,marl,experiment_setup,supported,C_both_wrong,False,False,review
SBV2-ALL92-G208-C02,SBV2-ALL92-G208,MARL-012,marl,experiment_setup,mild_scope_overclaim,D_claim_only_better,True,False,exclude_flag_leakage
SBV2-ALL92-G208-C03,SBV2-ALL92-G208,MARL-012,marl,experiment_setup,strong_action_overclaim,A_claim_only_correct,True,True,review_flag_leakage
SBV2-ALL92-G208-C04,SBV2-ALL92-G208,MARL-012,marl,experiment_setup,contradiction_candidate,A_claim_only_correct,True,True,review_flag_leakage
SBV2-ALL92-G210-C01,SBV2-ALL92-G210,MARL-012,marl,limitation,supported,A_claim_only_correct,True,True,review_flag_leakage
SBV2-ALL92-G210-C02,SBV2-ALL92-G210,MARL-012,marl,limitation,mild_scope_overclaim,C_both_wrong,False,False,review
SBV2-ALL92-G210-C03,SBV2-ALL92-G210,MARL-012,marl,limitation,strong_action_overclaim,C_both_wrong,False,False,review
SBV2-ALL92-G210-C04,SBV2-ALL92-G210,MARL-012,marl,limitation,contradiction_candidate,D_claim_only_better,True,False,exclude_flag_leakage
SBV2-ALL92-G212-C01,SBV2-ALL92-G212,MARL-013,marl,metric_result,supported,C_both_wrong,False,False,review
SBV2-ALL92-G212-C02,SBV2-ALL92-G212,MARL-013,marl,metric_result,mild_scope_overclaim,C_both_wrong,False,False,review
SBV2-ALL92-G212-C03,SBV2-ALL92-G212,MARL-013,marl,metric_result,strong_action_overclaim,B_evidence_gain,False,True,include
SBV2-ALL92-G212-C04,SBV2-ALL92-G212,MARL-013,marl,metric_result,contradiction_candidate,D_claim_only_better,True,False,exclude_flag_leakage
SBV2-ALL92-G213-C01,SBV2-ALL92-G213,MARL-013,marl,limitation,supported,C_both_wrong,False,False,review
SBV2-ALL92-G213-C02,SBV2-ALL92-G213,MARL-013,marl,limitation,mild_scope_overclaim,C_both_wrong,False,False,review
SBV2-ALL92-G213-C03,SBV2-ALL92-G213,MARL-013,marl,limitation,strong_action_overclaim,A_claim_only_correct,True,True,review_flag_leakage
SBV2-ALL92-G213-C04,SBV2-ALL92-G213,MARL-013,marl,limitation,contradiction_candidate,C_both_wrong,False,False,review
SBV2-ALL92-G214-C01,SBV2-ALL92-G214,POL-001,policy_simulation,metric_result,supported,C_both_wrong,False,False,review
SBV2-ALL92-G214-C02,SBV2-ALL92-G214,POL-001,policy_simulation,metric_result,mild_scope_overclaim,C_both_wrong,False,False,review
SBV2-ALL92-G214-C03,SBV2-ALL92-G214,POL-001,policy_simulation,metric_result,strong_action_overclaim,A_claim_only_correct,True,True,review_flag_leakage
SBV2-ALL92-G214-C04,SBV2-ALL92-G214,POL-001,policy_simulation,metric_result,contradiction_candidate,B_evidence_gain,False,True,include
SBV2-ALL92-G215-C01,SBV2-ALL92-G215,POL-001,policy_simulation,limitation,supported,C_both_wrong,False,False,review
SBV2-ALL92-G215-C02,SBV2-ALL92-G215,POL-001,policy_simulation,limitation,mild_scope_overclaim,C_both_wrong,False,False,review
SBV2-ALL92-G215-C03,SBV2-ALL92-G215,POL-001,policy_simulation,limitation,strong_action_overclaim,B_evidence_gain,False,True,include
SBV2-ALL92-G215-C04,SBV2-ALL92-G215,POL-001,policy_simulation,limitation,contradiction_candidate,A_claim_only_correct,True,True,review_flag_leakage
SBV2-ALL92-G224-C01,SBV2-ALL92-G224,POL-004,policy_simulation,metric_result,supported,C_both_wrong,False,False,review
SBV2-ALL92-G224-C02,SBV2-ALL92-G224,POL-004,policy_simulation,metric_result,mild_scope_overclaim,C_both_wrong,False,False,review
SBV2-ALL92-G224-C03,SBV2-ALL92-G224,POL-004,policy_simulation,metric_result,strong_action_overclaim,C_both_wrong,False,False,review
SBV2-ALL92-G224-C04,SBV2-ALL92-G224,POL-004,policy_simulation,metric_result,contradiction_candidate,A_claim_only_correct,True,True,review_flag_leakage
SBV2-ALL92-G226-C01,SBV2-ALL92-G226,POL-005,policy_simulation,metric_result,supported,C_both_wrong,False,False,review
SBV2-ALL92-G226-C02,SBV2-ALL92-G226,POL-005,policy_simulation,metric_result,mild_scope_overclaim,C_both_wrong,False,False,review
SBV2-ALL92-G226-C03,SBV2-ALL92-G226,POL-005,policy_simulation,metric_result,strong_action_overclaim,A_claim_only_correct,True,True,review_flag_leakage
SBV2-ALL92-G226-C04,SBV2-ALL92-G226,POL-005,policy_simulation,metric_result,contradiction_candidate,C_both_wrong,False,False,review
SBV2-ALL92-G230-C01,SBV2-ALL92-G230,POL-006,policy_simulation,limitation,supported,C_both_wrong,False,False,review
SBV2-ALL92-G230-C02,SBV2-ALL92-G230,POL-006,policy_simulation,limitation,mild_scope_overclaim,C_both_wrong,False,False,review
SBV2-ALL92-G230-C03,SBV2-ALL92-G230,POL-006,policy_simulation,limitation,strong_action_overclaim,D_claim_only_better,True,False,exclude_flag_leakage
SBV2-ALL92-G230-C04,SBV2-ALL92-G230,POL-006,policy_simulation,limitation,contradiction_candidate,A_claim_only_correct,True,True,review_flag_leakage
SBV2-ALL92-G232-C01,SBV2-ALL92-G232,POL-007,policy_simulation,experiment_setup,supported,B_evidence_gain,False,True,include
SBV2-ALL92-G232-C02,SBV2-ALL92-G232,POL-007,policy_simulation,experiment_setup,mild_scope_overclaim,A_claim_only_correct,True,True,review_flag_leakage
SBV2-ALL92-G232-C03,SBV2-ALL92-G232,POL-007,policy_simulation,experiment_setup,strong_action_overclaim,C_both_wrong,False,False,review
SBV2-ALL92-G232-C04,SBV2-ALL92-G232,POL-007,policy_simulation,experiment_setup,contradiction_candidate,C_both_wrong,False,False,review
SBV2-ALL92-G233-C01,SBV2-ALL92-G233,POL-007,policy_simulation,metric_result,supported,C_both_wrong,False,False,review
SBV2-ALL92-G233-C02,SBV2-ALL92-G233,POL-007,policy_simulation,metric_result,mild_scope_overclaim,A_claim_only_correct,True,True,review_flag_leakage
SBV2-ALL92-G233-C03,SBV2-ALL92-G233,POL-007,policy_simulation,metric_result,strong_action_overclaim,C_both_wrong,False,False,review
SBV2-ALL92-G233-C04,SBV2-ALL92-G233,POL-007,policy_simulation,metric_result,contradiction_candidate,C_both_wrong,False,False,review
SBV2-ALL92-G234-C01,SBV2-ALL92-G234,POL-007,policy_simulation,limitation,supported,C_both_wrong,False,False,review
SBV2-ALL92-G234-C02,SBV2-ALL92-G234,POL-007,policy_simulation,limitation,mild_scope_overclaim,A_claim_only_correct,True,True,review_flag_leakage
SBV2-ALL92-G234-C03,SBV2-ALL92-G234,POL-007,policy_simulation,limitation,strong_action_overclaim,C_both_wrong,False,False,review
SBV2-ALL92-G234-C04,SBV2-ALL92-G234,POL-007,policy_simulation,limitation,contradiction_candidate,C_both_wrong,False,False,review
SBV2-ALL92-G239-C01,SBV2-ALL92-G239,POL-009,policy_simulation,metric_result,supported,C_both_wrong,False,False,review
SBV2-ALL92-G239-C02,SBV2-ALL92-G239,POL-009,policy_simulation,metric_result,mild_scope_overclaim,C_both_wrong,False,False,review
SBV2-ALL92-G239-C03,SBV2-ALL92-G239,POL-009,policy_simulation,metric_result,strong_action_overclaim,C_both_wrong,False,False,review
SBV2-ALL92-G239-C04,SBV2-ALL92-G239,POL-009,policy_simulation,metric_result,contradiction_candidate,D_claim_only_better,True,False,exclude_flag_leakage
SBV2-ALL92-G244-C01,SBV2-ALL92-G244,POL-011,policy_simulation,limitation,supported,C_both_wrong,False,False,review
SBV2-ALL92-G244-C02,SBV2-ALL92-G244,POL-011,policy_simulation,limitation,mild_scope_overclaim,B_evidence_gain,False,True,include
SBV2-ALL92-G244-C03,SBV2-ALL92-G244,POL-011,policy_simulation,limitation,strong_action_overclaim,D_claim_only_better,True,False,exclude_flag_leakage
SBV2-ALL92-G244-C04,SBV2-ALL92-G244,POL-011,policy_simulation,limitation,contradiction_candidate,D_claim_only_better,True,False,exclude_flag_leakage
SBV2-ALL92-G248-C01,SBV2-ALL92-G248,POL-012,policy_simulation,metric_result,supported,C_both_wrong,False,False,review
SBV2-ALL92-G248-C02,SBV2-ALL92-G248,POL-012,policy_simulation,metric_result,mild_scope_overclaim,A_claim_only_correct,True,True,review_flag_leakage
SBV2-ALL92-G248-C03,SBV2-ALL92-G248,POL-012,policy_simulation,metric_result,strong_action_overclaim,B_evidence_gain,False,True,include
SBV2-ALL92-G248-C04,SBV2-ALL92-G248,POL-012,policy_simulation,metric_result,contradiction_candidate,A_claim_only_correct,True,True,review_flag_leakage
SBV2-ALL92-G251-C01,SBV2-ALL92-G251,POL-013,policy_simulation,metric_result,supported,C_both_wrong,False,False,review
SBV2-ALL92-G251-C02,SBV2-ALL92-G251,POL-013,policy_simulation,metric_result,mild_scope_overclaim,C_both_wrong,False,False,review
SBV2-ALL92-G251-C03,SBV2-ALL92-G251,POL-013,policy_simulation,metric_result,strong_action_overclaim,A_claim_only_correct,True,True,review_flag_leakage
SBV2-ALL92-G251-C04,SBV2-ALL92-G251,POL-013,policy_simulation,metric_result,contradiction_candidate,A_claim_only_correct,True,True,review_flag_leakage
SBV2-ALL92-G252-C01,SBV2-ALL92-G252,POL-013,policy_simulation,limitation,supported,A_claim_only_correct,True,True,review_flag_leakage
SBV2-ALL92-G252-C02,SBV2-ALL92-G252,POL-013,policy_simulation,limitation,mild_scope_overclaim,C_both_wrong,False,False,review
SBV2-ALL92-G252-C03,SBV2-ALL92-G252,POL-013,policy_simulation,limitation,strong_action_overclaim,C_both_wrong,False,False,review
SBV2-ALL92-G252-C04,SBV2-ALL92-G252,POL-013,policy_simulation,limitation,contradiction_candidate,C_both_wrong,False,False,review
SBV2-ALL92-G253-C01,SBV2-ALL92-G253,POL-014,policy_simulation,metric_result,supported,C_both_wrong,False,False,review
SBV2-ALL92-G253-C02,SBV2-ALL92-G253,POL-014,policy_simulation,metric_result,mild_scope_overclaim,C_both_wrong,False,False,review
SBV2-ALL92-G253-C03,SBV2-ALL92-G253,POL-014,policy_simulation,metric_result,strong_action_overclaim,C_both_wrong,False,False,review
SBV2-ALL92-G253-C04,SBV2-ALL92-G253,POL-014,policy_simulation,metric_result,contradiction_candidate,A_claim_only_correct,True,True,review_flag_leakage
SBV2-ALL92-G254-C01,SBV2-ALL92-G254,POL-014,policy_simulation,limitation,supported,A_claim_only_correct,True,True,review_flag_leakage
SBV2-ALL92-G254-C02,SBV2-ALL92-G254,POL-014,policy_simulation,limitation,mild_scope_overclaim,C_both_wrong,False,False,review
SBV2-ALL92-G254-C03,SBV2-ALL92-G254,POL-014,policy_simulation,limitation,strong_action_overclaim,C_both_wrong,False,False,review
SBV2-ALL92-G254-C04,SBV2-ALL92-G254,POL-014,policy_simulation,limitation,contradiction_candidate,C_both_wrong,False,False,review
SBV2-ALL92-G255-C01,SBV2-ALL92-G255,POL-014,policy_simulation,deployment_boundary,supported,C_both_wrong,False,False,review
SBV2-ALL92-G255-C02,SBV2-ALL92-G255,POL-014,policy_simulation,deployment_boundary,mild_scope_overclaim,C_both_wrong,False,False,review
SBV2-ALL92-G255-C03,SBV2-ALL92-G255,POL-014,policy_simulation,deployment_boundary,strong_action_overclaim,B_evidence_gain,False,True,include
SBV2-ALL92-G255-C04,SBV2-ALL92-G255,POL-014,policy_simulation,deployment_boundary,contradiction_candidate,A_claim_only_correct,True,True,review_flag_leakage
SBV2-ALL92-G256-C01,SBV2-ALL92-G256,POL-015,policy_simulation,experiment_setup,supported,C_both_wrong,False,False,review
SBV2-ALL92-G256-C02,SBV2-ALL92-G256,POL-015,policy_simulation,experiment_setup,mild_scope_overclaim,C_both_wrong,False,False,review
SBV2-ALL92-G256-C03,SBV2-ALL92-G256,POL-015,policy_simulation,experiment_setup,strong_action_overclaim,C_both_wrong,False,False,review
SBV2-ALL92-G256-C04,SBV2-ALL92-G256,POL-015,policy_simulation,experiment_setup,contradiction_candidate,A_claim_only_correct,True,True,review_flag_leakage
SBV2-ALL92-G257-C01,SBV2-ALL92-G257,POL-015,policy_simulation,metric_result,supported,C_both_wrong,False,False,review
SBV2-ALL92-G257-C02,SBV2-ALL92-G257,POL-015,policy_simulation,metric_result,mild_scope_overclaim,C_both_wrong,False,False,review
SBV2-ALL92-G257-C03,SBV2-ALL92-G257,POL-015,policy_simulation,metric_result,strong_action_overclaim,A_claim_only_correct,True,True,review_flag_leakage
SBV2-ALL92-G257-C04,SBV2-ALL92-G257,POL-015,policy_simulation,metric_result,contradiction_candidate,A_claim_only_correct,True,True,review_flag_leakage
SBV2-ALL92-G259-C01,SBV2-ALL92-G259,POL-016,policy_simulation,metric_result,supported,C_both_wrong,False,False,review
SBV2-ALL92-G259-C02,SBV2-ALL92-G259,POL-016,policy_simulation,metric_result,mild_scope_overclaim,C_both_wrong,False,False,review
SBV2-ALL92-G259-C03,SBV2-ALL92-G259,POL-016,policy_simulation,metric_result,strong_action_overclaim,A_claim_only_correct,True,True,review_flag_leakage
SBV2-ALL92-G259-C04,SBV2-ALL92-G259,POL-016,policy_simulation,metric_result,contradiction_candidate,C_both_wrong,False,False,review
SBV2-ALL92-G261-C01,SBV2-ALL92-G261,POL-016,policy_simulation,deployment_boundary,supported,C_both_wrong,False,False,review
SBV2-ALL92-G261-C02,SBV2-ALL92-G261,POL-016,policy_simulation,deployment_boundary,mild_scope_overclaim,A_claim_only_correct,True,True,review_flag_leakage
SBV2-ALL92-G261-C03,SBV2-ALL92-G261,POL-016,policy_simulation,deployment_boundary,strong_action_overclaim,C_both_wrong,False,False,review
SBV2-ALL92-G261-C04,SBV2-ALL92-G261,POL-016,policy_simulation,deployment_boundary,contradiction_candidate,C_both_wrong,False,False,review
SBV2-ALL92-G262-C01,SBV2-ALL92-G262,POL-017,policy_simulation,experiment_setup,supported,B_evidence_gain,False,True,include
SBV2-ALL92-G262-C02,SBV2-ALL92-G262,POL-017,policy_simulation,experiment_setup,mild_scope_overclaim,D_claim_only_better,True,False,exclude_flag_leakage
SBV2-ALL92-G262-C03,SBV2-ALL92-G262,POL-017,policy_simulation,experiment_setup,strong_action_overclaim,C_both_wrong,False,False,review
SBV2-ALL92-G262-C04,SBV2-ALL92-G262,POL-017,policy_simulation,experiment_setup,contradiction_candidate,C_both_wrong,False,False,review
SBV2-ALL92-G264-C01,SBV2-ALL92-G264,POL-017,policy_simulation,limitation,supported,C_both_wrong,False,False,review
SBV2-ALL92-G264-C02,SBV2-ALL92-G264,POL-017,policy_simulation,limitation,mild_scope_overclaim,C_both_wrong,False,False,review
SBV2-ALL92-G264-C03,SBV2-ALL92-G264,POL-017,policy_simulation,limitation,strong_action_overclaim,A_claim_only_correct,True,True,review_flag_leakage
SBV2-ALL92-G264-C04,SBV2-ALL92-G264,POL-017,policy_simulation,limitation,contradiction_candidate,C_both_wrong,False,False,review
SBV2-ALL92-G266-C01,SBV2-ALL92-G266,POL-018,policy_simulation,metric_result,supported,C_both_wrong,False,False,review
SBV2-ALL92-G266-C02,SBV2-ALL92-G266,POL-018,policy_simulation,metric_result,mild_scope_overclaim,C_both_wrong,False,False,review
SBV2-ALL92-G266-C03,SBV2-ALL92-G266,POL-018,policy_simulation,metric_result,strong_action_overclaim,C_both_wrong,False,False,review
SBV2-ALL92-G266-C04,SBV2-ALL92-G266,POL-018,policy_simulation,metric_result,contradiction_candidate,A_claim_only_correct,True,True,review_flag_leakage
SBV2-ALL92-G271-C01,SBV2-ALL92-G271,POL-020,policy_simulation,metric_result,supported,C_both_wrong,False,False,review
SBV2-ALL92-G271-C02,SBV2-ALL92-G271,POL-020,policy_simulation,metric_result,mild_scope_overclaim,A_claim_only_correct,True,True,review_flag_leakage
SBV2-ALL92-G271-C03,SBV2-ALL92-G271,POL-020,policy_simulation,metric_result,strong_action_overclaim,C_both_wrong,False,False,review
SBV2-ALL92-G271-C04,SBV2-ALL92-G271,POL-020,policy_simulation,metric_result,contradiction_candidate,C_both_wrong,False,False,review
SBV2-ALL92-G272-C01,SBV2-ALL92-G272,POL-020,policy_simulation,limitation,supported,C_both_wrong,False,False,review
SBV2-ALL92-G272-C02,SBV2-ALL92-G272,POL-020,policy_simulation,limitation,mild_scope_overclaim,C_both_wrong,False,False,review
SBV2-ALL92-G272-C03,SBV2-ALL92-G272,POL-020,policy_simulation,limitation,strong_action_overclaim,C_both_wrong,False,False,review
SBV2-ALL92-G272-C04,SBV2-ALL92-G272,POL-020,policy_simulation,limitation,contradiction_candidate,C_both_wrong,False,False,review
SBV2-ALL92-G276-C01,SBV2-ALL92-G276,POL-021,policy_simulation,limitation,supported,C_both_wrong,False,False,review
SBV2-ALL92-G276-C02,SBV2-ALL92-G276,POL-021,policy_simulation,limitation,mild_scope_overclaim,C_both_wrong,False,False,review
SBV2-ALL92-G276-C03,SBV2-ALL92-G276,POL-021,policy_simulation,limitation,strong_action_overclaim,A_claim_only_correct,True,True,review_flag_leakage
SBV2-ALL92-G276-C04,SBV2-ALL92-G276,POL-021,policy_simulation,limitation,contradiction_candidate,D_claim_only_better,True,False,exclude_flag_leakage
